start 13:59:19 IST
=== S11.1 ===
## [gate_state rows] 0.00s
    (0,)
## [retest_state rows] 0.00s
    (0,)
## [signals GATE_/RETEST_ statuses (idx_signals_status)] 0.00s
## [signals range] 0.03s
    ('2026-06-12T11:01:12.224289+05:30', '2026-09-11T13:59:15.223251+05:30', 232208)
## [sr_detector_results] 0.00s
    (666, 201, '2026-06-29T10:00:19.368130+05:30', '2026-09-11T13:53:18.684619+05:30')
## [sr_detector_results divert flag] 0.00s
    (0,)
## [config_snapshots range] 0.00s
    (53, '2026-07-02', '2026-09-11')
## [config_snapshots scan] 0.01s
    wait_for_retest_enabled values across snapshots: {'false': 53}
    strategies-per-snapshot: {}
    scoring.min_pass_score across snapshots: {60: 48, 55: 5}
    distinct (strategy, min_score): []
    distinct (strategy, pullback_wait_enabled): []
=== S11.3 ===
## [screener_results range] 0.03s
    (195173, '2026-06-15T11:28:11.205507+05:30', '2026-09-11T13:59:21.019816+05:30')
## [screener_results by status family] 0.18s
    ('REJECTED_SCORE_*', 160749, 24, 59)
    ('PASSED', 13006, 55, 65)
    ('REJECTED_CIRCUIT_PROXIMITY', 12852, 0, 0)
    ('SKIPPED_QUOTE_UNAVAILABLE', 8566, 0, 0)
## [eligible_score distribution] 0.19s
    (None, 21418, '2026-06-15T11:28:11.205507+05:30', '2026-09-11T13:59:17.017622+05:30')
    (55, 13082, '2026-06-15T11:34:10.136698+05:30', '2026-07-10T14:59:21.973857+05:30')
    (60, 160673, '2026-06-19T10:00:17.541057+05:30', '2026-09-11T13:59:21.019816+05:30')
## [scored rows: overall max / count] 0.22s
    (173756, 24, 65, 4301, 0, 0)
## [scored score histogram (all strategies)] 0.22s
    (24, 1)
    (28, 13)
    (29, 23)
    (30, 25)
    (31, 17)
    (32, 38)
    (33, 222)
    (34, 304)
    (35, 319)
    (36, 407)
    (37, 458)
    (38, 583)
    (39, 596)
    (40, 598)
    (41, 572)
    (42, 1108)
    (43, 1368)
    (44, 1697)
    (45, 1772)
    (46, 1965)
    (47, 2092)
    (48, 5174)
    (49, 3503)
    (50, 1930)
    (51, 2153)
    (52, 8236)
    (53, 2550)
    (54, 3406)
    (55, 3144)
    (56, 3335)
    (57, 84060)
    (58, 1126)
    (59, 36661)
    (60, 3219)
    (61, 14)
    (62, 800)
    (63, 6)
    (64, 247)
    (65, 15)
## [scored rows per strategy (LEFT JOIN signals; NULL = signal row pruned)] 0.90s
    ('vwap_bounce_long', 53569, 24, 65, 56.09, 1335, 4056, '2026-06-15T11:34:16.998392+05:30', '2026-09-11T13:59:21.691615+05:30')
    ('positional_sector_rotation', 29597, 28, 65, 53.14, 659, 2278, '2026-06-15T11:34:12.509858+05:30', '2026-09-11T13:59:16.684605+05:30')
    ('first_pullback_long', 18300, 29, 65, 56.54, 423, 952, '2026-06-15T11:34:10.917916+05:30', '2026-09-11T13:59:18.020991+05:30')
    ('vwap_rejection_short', 16711, 32, 64, 55.08, 282, 758, '2026-06-19T10:00:17.541057+05:30', '2026-09-11T13:58:15.029240+05:30')
    ('gap_go_long', 12383, 33, 65, 55.92, 490, 1235, '2026-06-15T11:34:10.136698+05:30', '2026-09-10T14:59:14.643455+05:30')
    ('positional_momentum_long', 11523, 28, 65, 53.51, 282, 819, '2026-06-29T10:12:11.228606+05:30', '2026-09-11T13:58:14.494445+05:30')
    ('first_pullback_short', 8253, 28, 65, 54.84, 143, 319, '2026-06-15T11:34:12.663972+05:30', '2026-09-11T13:59:17.350588+05:30')
    ('open_low_breakout_long', 7649, 42, 65, 57.45, 269, 913, '2026-06-17T10:01:11.815324+05:30', '2026-09-11T13:55:24.046387+05:30')
    ('positional_swing_long', 6248, 31, 65, 56.27, 182, 1141, '2026-06-15T11:34:18.664841+05:30', '2026-09-11T13:59:15.353154+05:30')
    ('gap_fade_short', 2864, 38, 64, 55.21, 68, 228, '2026-06-16T10:00:17.386344+05:30', '2026-09-11T13:57:15.850984+05:30')
    ('gap_go_short', 2633, 33, 64, 55.62, 61, 62, '2026-06-16T10:00:15.282222+05:30', '2026-09-11T13:57:23.179662+05:30')
    ('gap_fade_long', 2540, 39, 64, 56.71, 64, 183, '2026-06-17T10:00:17.750667+05:30', '2026-09-11T13:58:15.573566+05:30')
    ('open_high_breakdown_short', 1487, 48, 64, 57.37, 43, 62, '2026-07-10T12:50:21.295987+05:30', '2026-09-11T13:59:12.419449+05:30')
## [per strategy score>=55 histogram] 0.65s
    ('first_pullback_long', 55, 309)
    ('first_pullback_long', 56, 393)
    ('first_pullback_long', 57, 10860)
    ('first_pullback_long', 58, 104)
    ('first_pullback_long', 59, 3981)
    ('first_pullback_long', 60, 300)
    ('first_pullback_long', 61, 2)
    ('first_pullback_long', 62, 106)
    ('first_pullback_long', 64, 13)
    ('first_pullback_long', 65, 2)
    ('first_pullback_short', 55, 286)
    ('first_pullback_short', 56, 243)
    ('first_pullback_short', 57, 3720)
    ('first_pullback_short', 58, 42)
    ('first_pullback_short', 59, 1109)
    ('first_pullback_short', 60, 74)
    ('first_pullback_short', 61, 1)
    ('first_pullback_short', 62, 54)
    ('first_pullback_short', 64, 13)
    ('first_pullback_short', 65, 1)
    ('gap_fade_long', 55, 59)
    ('gap_fade_long', 56, 69)
    ('gap_fade_long', 57, 1403)
    ('gap_fade_long', 58, 23)
    ('gap_fade_long', 59, 609)
    ('gap_fade_long', 60, 53)
    ('gap_fade_long', 62, 7)
    ('gap_fade_long', 64, 4)
    ('gap_fade_short', 55, 85)
    ('gap_fade_short', 56, 80)
    ('gap_fade_short', 57, 1373)
    ('gap_fade_short', 58, 21)
    ('gap_fade_short', 59, 405)
    ('gap_fade_short', 60, 32)
    ('gap_fade_short', 61, 1)
    ('gap_fade_short', 62, 22)
    ('gap_fade_short', 64, 13)
    ('gap_go_long', 55, 319)
    ('gap_go_long', 56, 341)
    ('gap_go_long', 57, 5329)
    ('gap_go_long', 58, 154)
    ('gap_go_long', 59, 3027)
    ('gap_go_long', 60, 399)
    ('gap_go_long', 61, 1)
    ('gap_go_long', 62, 66)
    ('gap_go_long', 63, 1)
    ('gap_go_long', 64, 21)
    ('gap_go_long', 65, 2)
    ('gap_go_short', 55, 75)
    ('gap_go_short', 56, 79)
    ('gap_go_short', 57, 1177)
    ('gap_go_short', 58, 31)
    ('gap_go_short', 59, 546)
    ('gap_go_short', 60, 49)
    ('gap_go_short', 62, 5)
    ('gap_go_short', 64, 7)
    ('open_high_breakdown_short', 55, 1)
    ('open_high_breakdown_short', 57, 1032)
    ('open_high_breakdown_short', 59, 364)
    ('open_high_breakdown_short', 60, 34)
    ('open_high_breakdown_short', 62, 4)
    ('open_high_breakdown_short', 64, 5)
    ('open_low_breakout_long', 55, 6)
    ('open_low_breakout_long', 56, 3)
    ('open_low_breakout_long', 57, 4616)
    ('open_low_breakout_long', 58, 4)
    ('open_low_breakout_long', 59, 2412)
    ('open_low_breakout_long', 60, 230)
    ('open_low_breakout_long', 62, 24)
    ('open_low_breakout_long', 64, 14)
    ('open_low_breakout_long', 65, 1)
    ('positional_momentum_long', 55, 130)
    ('positional_momentum_long', 56, 154)
    ('positional_momentum_long', 57, 4714)
    ('positional_momentum_long', 58, 101)
    ('positional_momentum_long', 59, 2237)
    ('positional_momentum_long', 60, 212)
    ('positional_momentum_long', 62, 55)
    ('positional_momentum_long', 64, 14)
    ('positional_momentum_long', 65, 1)
    ('positional_sector_rotation', 55, 348)
    ('positional_sector_rotation', 56, 375)
    ('positional_sector_rotation', 57, 11592)
    ('positional_sector_rotation', 58, 159)
    ('positional_sector_rotation', 59, 5402)
    ('positional_sector_rotation', 60, 485)
    ('positional_sector_rotation', 61, 2)
    ('positional_sector_rotation', 62, 129)
    ('positional_sector_rotation', 64, 40)
    ('positional_sector_rotation', 65, 3)
    ('positional_swing_long', 55, 30)
    ('positional_swing_long', 56, 18)
    ('positional_swing_long', 57, 3429)
    ('positional_swing_long', 58, 12)
    ('positional_swing_long', 59, 1729)
    ('positional_swing_long', 60, 134)
    ('positional_swing_long', 62, 35)
    ('positional_swing_long', 63, 1)
    ('positional_swing_long', 64, 10)
    ('positional_swing_long', 65, 2)
    ('vwap_bounce_long', 55, 1017)
    ('vwap_bounce_long', 56, 1155)
    ('vwap_bounce_long', 57, 26959)
    ('vwap_bounce_long', 58, 377)
    ('vwap_bounce_long', 59, 12427)
    ('vwap_bounce_long', 60, 1048)
    ('vwap_bounce_long', 61, 6)
    ('vwap_bounce_long', 62, 207)
    ('vwap_bounce_long', 63, 4)
    ('vwap_bounce_long', 64, 67)
    ('vwap_bounce_long', 65, 3)
    ('vwap_rejection_short', 55, 479)
    ('vwap_rejection_short', 56, 425)
    ('vwap_rejection_short', 57, 7857)
    ('vwap_rejection_short', 58, 98)
    ('vwap_rejection_short', 59, 2413)
    ('vwap_rejection_short', 60, 169)
    ('vwap_rejection_short', 61, 1)
    ('vwap_rejection_short', 62, 86)
    ('vwap_rejection_short', 64, 26)
## [per-step distribution over 173761 scored rows] 1.81s
    atr_filter [(0.0, 173761)]
    circuit_check [(0.0, 1), (1.0, 173760)]
    price_action [(0.0, 118), (0.0008378718056094696, 1), (0.0009638554216394195, 2), (0.0011614401857619264, 5), (0.001485884100928374, 2), (0.001557632398631166, 1), (0.0016460905348517983, 1), (0.0016757436112189391, 1), (0.0018331805682675077, 1), (0.0019607843135314752, 1), (0.0020060180539594576, 1), (0.0020181634711986026, 1), (0.002132196161817657, 1), (0.0023837902264294887, 1), (0.0025031289108233615, 1), (0.0025188916873379, 1), (0.0025453388481544883, 1), (0.0026041666666503024, 1), (0.002649006622163281, 1), (0.0026525198935525305, 3), (0.0026666666665931303, 2), (0.002672605790623691, 1), (0.002695417789399352, 1), (0.0028368794322191347, 4), (0.0028873917227821675, 1), (0.0028915662649237374, 1), (0.003344481605240078, 1), (0.0034602076118549476, 1), (0.003849855630377682, 1), (0.003853564547054163, 1), (0.003853564547058544, 2), (0.0039062499999739735, 2), (0.003921568627068523, 1), (0.003921568627293627, 1), (0.003999999999916362, 1), (0.0040363269424017936, 1), (0.004048582995865773, 1), (0.004106776179856968, 1), (0.004146510020446148, 1), (0.00420168067139433, 1), (0.0042016806720933195, 2), (0.004259850905169073, 1), (0.004319654427553478, 2), (0.004376367613918019, 2), (0.004424778760078993, 2), (0.004761904761673674, 1), (0.0047675804528643975, 1), (0.004775549188145233, 1), (0.004812319537971009, 1), (0.0048192771082025765, 1), (0.004901960784015861, 1), (0.004938271604536681, 1), (0.004938271604695529, 1), (0.0050377833746758, 1), (0.005053057099494156, 1), (0.005115089513415014, 1), (0.005128205127943309, 1), (0.005154639174987347, 1), (0.005208333331979656, 1), (0.005211047420261162, 2), (0.005420054199810357, 1), (0.0054495912799142855, 1), (0.005509641872975935, 1), (0.005633802816585292, 3), (0.005649717513329191, 1), (0.005649717513806389, 1), (0.005882352939441007, 3), (0.005899705014395816, 2), (0.006042296071593626, 2), (0.006226650062188962, 1), (0.006249999999896659, 1), (0.006279434850766268, 3), (0.006302521007741564, 1), (0.006319115322855125, 1), (0.00644122383148508, 2), (0.006479481641327761, 1), (0.0065573770490743215, 1), (0.006711409395524261, 2), (0.006711409395741845, 1), (0.006787330316592631, 1), (0.006849315066151028, 1), (0.006944444443963754, 1), (0.007058823528581583, 1), (0.007058823529327649, 4), (0.007079646016439635, 1), (0.0071492403925679055, 2), (0.007151370679293886, 4), (0.007299270072813993, 1), (0.007312614259332091, 1), (0.007312614259461621, 1), (0.007332722273011141, 1), (0.007429420504646093, 2), (0.007471980074628453, 1), (0.0075093867324771985, 1), (0.007655502391610398, 1), (0.007817589576038241, 1), (0.00799999999984182, 1), (0.008072653884803587, 2), (0.008163265302782928, 3), (0.008163265302783117, 4), (0.0082135523597081, 1), (0.008403361343656414, 2), (0.008403361344181863, 3), (0.00846262341206486, 1), (0.008519701810347832, 1), (0.008532423208045535, 2), (0.008547008546935495, 1), (0.00866217516834869, 2), (0.008674698794765734, 1), (0.008752735227836038, 1), (0.008752735227848477, 1), (0.00891530460557869, 2), (0.008936550490711152, 2), (0.00895713371663655, 1), (0.009374999999709165, 1), (0.009389671361294764, 2), (0.009419152276145832, 1), (0.009422850412138185, 1), (0.009606147934585923, 1), (0.009638554216405153, 1), (0.009803921567668522, 1), (0.009852216748443448, 1), (0.009966777408305233, 1), (0.01001251564330056, 1), (0.01004184100376433, 1), (0.010256410255886618, 1), (0.010265183917000802, 1), (0.010266940450693663, 1), (0.010309278350302903, 1), (0.010422094840522323, 5), (0.010443864229216091, 1), (0.010443864229222029, 1), (0.010457516339598261, 1), (0.010504201679568278, 2), (0.010526315788910093, 1), (0.010582010581453105, 1), (0.010602409638044572, 1), (0.010610079574187505, 3), (0.01061007957503638, 1), (0.01079913606888124, 2), (0.010857763300169979, 1), (0.010869565216796873, 1), (0.011019283746407212, 1), (0.011116725618886223, 1), (0.011131725417024946, 1), (0.01117318435628328, 1), (0.011299435026658382, 1), (0.011299435027612778, 2), (0.011764705878898732, 1), (0.011764705881889798, 2), (0.011764705882214533, 2), (0.011799410028805047, 2), (0.011918951132158283, 4), (0.011976047903165983, 1), (0.012143290831077435, 1), (0.012195121951150897, 1), (0.012269938649556772, 1), (0.012323943660885761, 1), (0.012371134020361607, 1), (0.01242236024767848, 3), (0.01253012048132341, 1), (0.01268498942648215, 1), (0.012684989426494167, 1), (0.012726694240765208, 1), (0.012775842043394393, 1), (0.012779552714841292, 1), (0.012917115176915598, 2), (0.013020833333248551, 1), (0.01322314049367947, 3), (0.013289036543962964, 1), (0.013333333332447477, 2), (0.013333333333155555, 1), (0.013351134844682465, 1), (0.013363028950253703, 1), (0.01342281879148369, 3), (0.013474494706319699, 3), (0.013574660633174973, 1), (0.013698630136817415, 2), (0.013937282229482739, 3), (0.01403508771880499, 1), (0.014042126377727608, 1), (0.014075495840428344, 1), (0.014084507039781043, 1), (0.014159292032889329, 1), (0.014184397161111799, 1), (0.01441241685136336, 2), (0.014598540144923147, 1), (0.014705882351394991, 1), (0.01475409836041536, 1), (0.014814814814458, 3), (0.014842300556038886, 1), (0.014999999999247726, 6), (0.015037593981208366, 1), (0.015094339622449354, 1), (0.015098722414918246, 1), (0.015272033088919695, 1), (0.015325670496913382, 1), (0.015414258188234177, 2), (0.015503875964986648, 1), (0.015624999999183839, 1), (0.01562499999951172, 1), (0.01568627450919234, 1), (0.015686274509391446, 1), (0.015730337078475962, 1), (0.01576872536094981, 1), (0.01578947368379262, 2), (0.015797788307140057, 1), (0.01581027667922061, 1), (0.015857284438467716, 1), (0.01599999999978424, 1), (0.01602136181361213, 1), (0.016129032257804373, 1), (0.016145307769602588, 1), (0.01617250673636547, 1), (0.016194331983659545, 1), (0.016198189613948036, 1), (0.01632653060561264, 6), (0.016326530611915416, 2), (0.01638554216788109, 1), (0.016470588235101415, 1), (0.016666666662037696, 1), (0.01675977653537403, 1), (0.01680672268730984, 2), (0.01690140844974947, 1), (0.01692524682412972, 1), (0.016927083333222525, 1), (0.016949152539979546, 1), (0.01700060716350772, 1), (0.01702127659333093, 1), (0.017031630169903004, 1), (0.01706484641609107, 1), (0.017130620984831174, 1), (0.017241379307376146, 1), (0.017505470455684517, 3), (0.017543859648507232, 1), (0.01764705881833974, 1), (0.01769911504268047, 1), (0.01769911504320086, 2), (0.01783060921115738, 1), (0.017873100981422304, 1), (0.018054162485652225, 1), (0.018181818181409095, 1), (0.018214936246617876, 2), (0.018218623481598827, 1), (0.01822323461999102, 2), (0.018248175181815776, 1), (0.018274111673266542, 2), (0.018331805682523687, 1), (0.018404907974331672, 1), (0.01845018450014194, 2), (0.01863354037151066, 3), (0.018666666666170104, 1), (0.018771331057698626, 1), (0.018838304552291664, 2), (0.01886792452575716, 2), (0.018957345968569864, 1), (0.018970189699324694, 2), (0.01909004136114962, 1), (0.019093078758493098, 1), (0.019249278151884035, 1), (0.019316493312085754, 1), (0.019417475724367382, 2), (0.019417475724389458, 1), (0.019429265329724586, 1), (0.019464720194172492, 1), (0.019531249999237086, 1), (0.0196078431353259, 1), (0.019704433496886897, 1), (0.01975308641812801, 2), (0.019858156025550067, 2), (0.0199999999996, 2), (0.02002503128660112, 1), (0.020050125308268326, 7), (0.020066889631436664, 3), (0.020089285713839344, 1), (0.020168067226556383, 1), (0.020212228397976623, 1), (0.020512820507564065, 1), (0.020512820511773236, 1), (0.020551649540181873, 2), (0.020671834619984644, 1), (0.020679468241635617, 1), (0.020732550102230744, 1), (0.02076124567401889, 1), (0.020761245674034624, 1), (0.02083333333205522, 1), (0.020905923343734478, 2), (0.021037868161218352, 1), (0.021108179418415928, 1), (0.0211764705879883, 2), (0.021180030256546568, 1), (0.021299254525864737, 1), (0.02159827213776248, 1), (0.02160702228078236, 1), (0.02187499999931783, 1), (0.021881838069602533, 2), (0.022026431717091358, 1), (0.022058823528057443, 1), (0.02209944751136894, 1), (0.02211690362999518, 1), (0.022233451237772445, 2), (0.02234636871256656, 4), (0.022471910111514462, 1), (0.022471910112107057, 1), (0.022517911974972226, 1), (0.022535211266334763, 2), (0.022598870053300708, 1), (0.022598870053308736, 1), (0.022617124390537337, 3), (0.022727272701424994, 5), (0.023210831721017528, 2), (0.02322880371525833, 1), (0.023281596452198086, 1), (0.023364485979489626, 1), (0.023411371236676744, 2), (0.023529411757780744, 1), (0.02352941176431196, 1), (0.02365591397594777, 1), (0.023738872402150613, 1), (0.023837902264032478, 1), (0.023837902264316566, 3), (0.02387267904192754, 1), (0.024054982817044327, 1), (0.024074074073627418, 1), (0.02428658166215487, 1), (0.024390243901020257, 1), (0.024432809772272714, 1), (0.024489795917373332, 2), (0.024523160759602668, 2), (0.02453987729910657, 1), (0.024590163932406938, 1), (0.024590163932416257, 1), (0.0246913580240817, 2), (0.024778761057558843, 1), (0.02499999999875, 2), (0.02511773940305793, 1), (0.025157232703343867, 2), (0.025210084030966255, 1), (0.025369978852988334, 1), (0.025423728809969317, 1), (0.025597269624136606, 1), (0.025641025634449616, 1), (0.025723472667161875, 1), (0.025768087212512503, 1), (0.0258397932749753, 1), (0.02588235294086983, 2), (0.02594142259305706, 1), (0.02602409638429172, 1), (0.02604166665988348, 1), (0.026079136689476687, 1), (0.02609086819589537, 1), (0.026153846151836767, 2), (0.026221692490746053, 5), (0.02628120893492033, 1), (0.026315789472299168, 1), (0.026587887739243393, 1), (0.0265906932548321, 1), (0.02661207778860481, 1), (0.02674591381673185, 1), (0.026809651472133454, 1), (0.026839426191328293, 1), (0.026890756302067536, 1), (0.02698795180593114, 1), (0.027173913042001452, 1), (0.02743902438605349, 2), (0.02754820936487341, 1), (0.02763220581202913, 1), (0.02777777777584723, 2), (0.027923211168316097, 2), (0.027932960892294283, 1), (0.027999999999625453, 1), (0.02807017543760998, 2), (0.02807775377909515, 1), (0.028124999999123938, 2), (0.02813299232377167, 1), (0.02817574021005731, 1), (0.02818627450807558, 1), (0.02824858756663793, 1), (0.028368794322207472, 2), (0.02857142856828787, 1), (0.028605482717180962, 1), (0.02863961813705337, 1), (0.0287581699338863, 1), (0.02877697841519431, 1), (0.028789923526504953, 2), (0.028828828823638894, 2), (0.02894736842028847, 1), (0.029143897994588604, 1), (0.029197080289837994, 1), (0.02919708029090358, 2), (0.029227557405192114, 1), (0.02933333333254869, 1), (0.02941176470279297, 1), (0.029411764704643684, 3), (0.029430582211811, 1), (0.029498525072005906, 2), (0.029598308661815717, 1), (0.02960526315302665, 1), (0.029629629628893546, 2), (0.029649595683339247, 1), (0.029673590502689955, 1), (0.029717682018597043, 1), (0.029887920298508147, 1), (0.029907731465801675, 1), (0.030037546929901682, 3), (0.030050083470783043, 1), (0.030075187962388242, 3), (0.030237580992869436, 1), (0.030588235290517962, 1), (0.03063457329745101, 1), (0.03069466882018412, 1), (0.030769230767648197, 1), (0.030769230767880275, 1), (0.030769230768036844, 2), (0.030798845043014892, 1), (0.030888030884056724, 1), (0.030989272943610452, 5), (0.031007751935587625, 3), (0.031042128602934142, 2), (0.031055900619189142, 3), (0.03107344632329851, 1), (0.03113325031094481, 2), (0.03134796238047966, 2), (0.03135888501559842, 1), (0.0313971742538242, 1), (0.03146853146743433, 3), (0.03149606298716421, 2), (0.03151260503870782, 1), (0.03157894736675421, 1), (0.03157894736731222, 1), (0.03157894736758524, 2), (0.03159557661428011, 2), (0.03163017031553099, 2), (0.031690140839492335, 1), (0.03181673560191483, 1), (0.031830238725103106, 1), (0.0319488817887971, 1), (0.03199999999957454, 1), (0.032085561495611634, 1), (0.03210272872678745, 1), (0.032258064510915174, 1), (0.032290615539205175, 2), (0.0323886639669538, 1), (0.032423208190574586, 1), (0.03243243242366824, 2), (0.03249630723685453, 2), (0.032520325197953205, 1), (0.032558139533371416, 1), (0.03265306121117887, 2), (0.032704402515310746, 1), (0.032710280371285476, 1), (0.03289473683669316, 3), (0.032928942807341856, 1), (0.03305785123420337, 2), (0.03308823529208791, 1), (0.033222591359918736, 2), (0.03333333333111111, 2), (0.03333333333271521, 1), (0.03339517625108328, 2), (0.03341288782018462, 2), (0.033444816052393175, 2), (0.033519553068875246, 2), (0.03355704697873975, 3), (0.03361344537461968, 2), (0.033613445376737, 1), (0.03361344537674178, 1), (0.03368623676579706, 1), (0.033802816899505345, 3), (0.03389830508283191, 1), (0.033936651582942574, 1), (0.03398692810368543, 1), (0.03401360544101997, 1), (0.03404255318859986, 2), (0.03412969283218214, 2), (0.034175334321382166, 1), (0.03418803418772617, 1), (0.034246575330735676, 1), (0.03428571428374991, 1), (0.034308779010408366, 1), (0.034368070953245275, 1), (0.03437499999892649, 1), (0.03439291297371715, 1), (0.034482758617715145, 1), (0.03453689167920376, 4), (0.0345679012317287, 1), (0.03456790123370539, 2), (0.0346020761185839, 1), (0.03464203232856455, 1), (0.0346456692858869, 1), (0.03469879517905197, 2), (0.03484320557187582, 2), (0.034843205573698924, 2), (0.034904013960387184, 1), (0.03490401396038732, 1), (0.03496503496381238, 1), (0.034999999998252276, 4), (0.03501094091136903, 6), (0.03506311360202926, 1), (0.03508771926748484, 1), (0.0350877192894482, 2), (0.03516483515711215, 1), (0.035211267602532174, 1), (0.035294117642907914, 2), (0.03529411764567831, 2), (0.03550295857883267, 1), (0.03554119547083783, 1), (0.03581661891108925, 1), (0.035830618890564325, 1), (0.03603603602954093, 1), (0.03603603603441588, 1), (0.03609440074006263, 1), (0.036363636330597304, 1), (0.03636363636280785, 1), (0.036382011116357, 3), (0.03651987110594113, 1), (0.036626506022330814, 1), (0.03673094582168624, 1), (0.036809815948663345, 1), (0.036907413298220185, 1), (0.03693931398319664, 1), (0.03703703703475223, 1), (0.03703703703507986, 1), (0.03714710252324314, 1), (0.03716608594441465, 1), (0.03716814158963251, 1), (0.03718459494857743, 1), (0.03719008264309501, 1), (0.03726708074302838, 1), (0.03732162458427121, 1), (0.037348272641692874, 2), (0.03735990037313377, 1), (0.037383177566608444, 2), (0.03749999999882955, 1), (0.03754266211540113, 4), (0.037578288092376295, 1), (0.03761755485656989, 1), (0.03778677462853826, 1), (0.037795275584600635, 2), (0.0378151260488351, 1), (0.037945395649809914, 2), (0.038114343025263904, 1), (0.03820439350516187, 1), (0.03834510595281016, 1), (0.03836317135059443, 1), (0.038408779148995584, 1), (0.038535645470576675, 1), (0.03863298662417151, 1), (0.03868471953503512, 1), (0.03875968991947572, 1), (0.038772213246547976, 1), (0.03883495144875684, 1), (0.03885853065944917, 1), (0.03887688984797639, 1), (0.03906249999847417, 1), (0.03921568627066294, 1), (0.039215686272971936, 1), (0.03937997486367936, 1), (0.03938730852529339, 1), (0.03940886699378126, 1), (0.03942652329607468, 1), (0.03947368420948754, 1), (0.03956834531662929, 2), (0.039586144848945334, 1), (0.039643211096170694, 1), (0.03999999999893334, 1), (0.039999999999466664, 1), (0.04005006257320935, 4), (0.0400890868507611, 1), (0.04013377926287333, 1), (0.04026845637448159, 2), (0.04036326942400876, 1), (0.04043126684091367, 3), (0.04048582995914989, 1), (0.040511727074571846, 1), (0.04059216809923448, 1), (0.04073319755517863, 1), (0.04081632651396104, 4), (0.04081632651396199, 2), (0.04081632652997003, 1), (0.04090419806023069, 1), (0.04095563139652342, 1), (0.04100418409870355, 1), (0.041036717061750674, 1), (0.04108309990585877, 1), (0.04129793509105852, 1), (0.04129793510081095, 1), (0.041385515069352403, 2), (0.04144578313053339, 1), (0.041570438797160124, 1), (0.04160475482603248, 2), (0.041712403947122244, 2), (0.04175365343596839, 3), (0.041811846687468956, 1), (0.04181184668843237, 1), (0.04184100418234979, 1), (0.04195804195657645, 1), (0.042016806720923644, 3), (0.04216315307019019, 1), (0.042283298088309884, 1), (0.0422832980883219, 1), (0.04229271006998884, 1), (0.04234122042288607, 1), (0.04235294117597125, 4), (0.04249667994659458, 1), (0.04255319148403983, 1), (0.042598509051729475, 1), (0.04266666666609535, 1), (0.04271356783383034, 1), (0.04273146208612486, 1), (0.042892156860116146, 1), (0.04290822407576873, 1), (0.04294478527344173, 1), (0.04298642533839599, 1), (0.04318488528975947, 1), (0.043209876529869164, 1), (0.04324324323545322, 1), (0.04351464434964226, 1), (0.04356933389173052, 4), (0.043618739902365554, 1), (0.0436363636284314, 1), (0.043763676139217646, 1), (0.04377279833018547, 1), (0.04379562043635952, 2), (0.043956043954111824, 1), (0.043999999999116364, 1), (0.04407713498379495, 2), (0.04409448818203706, 1), (0.044217687073324415, 2), (0.04423380725999485, 1), (0.044401544400686395, 1), (0.044444444443340315, 3), (0.04453441295456032, 1), (0.04457652302789345, 1), (0.044673539517363574, 1), (0.04469273742515852, 1), (0.04472843450431401, 1), (0.04478566858318638, 1), (0.044943820217505155, 1), (0.044999999997754545, 2), (0.04511278194356812, 1), (0.04511278194359661, 1), (0.045248868774185574, 1), (0.04524886877725677, 3), (0.04528301886707185, 1), (0.04529201430166117, 1), (0.04529201430220364, 2), (0.045296167244754736, 1), (0.04545454540284999, 7), (0.04545454540291458, 1), (0.045454545452954506, 1), (0.04557291666636993, 1), (0.04575163398394074, 1), (0.04588394062036906, 3), (0.04607721046019888, 1), (0.04621848739301219, 3), (0.046242774564693764, 1), (0.04629629629543896, 1), (0.046408839773879176, 1), (0.04645760743051666, 1), (0.04651162790543449, 1), (0.046558704452969155, 1), (0.04663923182377857, 1), (0.046666666663558586, 1), (0.04678362573057157, 2), (0.04685835995689855, 1), (0.04687499999817078, 1), (0.046899426782341574, 2), (0.04699738903148726, 1), (0.04705882352387276, 1), (0.04705882352756811, 1), (0.04705882352802501, 1), (0.04705882352885813, 2), (0.04710920770827112, 1), (0.04713804712218073, 1), (0.047244094480750794, 5), (0.04733727810510574, 1), (0.04739336492142466, 3), (0.047430830037643854, 1), (0.047445255472719355, 2), (0.047559449305686556, 1), (0.04761904761627859, 2), (0.047671840354504925, 1), (0.047675804528064955, 1), (0.04767580452863313, 2), (0.04768331084077613, 1), (0.047745358087657674, 1), (0.04794163626639262, 1), (0.04794520546303773, 1), (0.04799999999871879, 1), (0.04812834224341441, 1), (0.04819277108201481, 2), (0.048192771082394635, 1), (0.048237476807113724, 1), (0.04827586206563144, 1), (0.04831932772601766, 1), (0.048351648349524004, 2), (0.04858299595097864, 1), (0.048661800485434, 1), (0.048780487798926506, 3), (0.048780487803181664, 1), (0.04897959181674397, 3), (0.04899777281760113, 1), (0.04901960784013075, 1), (0.049122807015819454, 1), (0.049180327864823195, 1), (0.0492610837422247, 1), (0.04934210525504441, 2), (0.04938271603413995, 2), (0.049411764700071074, 1), (0.0494826810611832, 1), (0.04988913525471234, 1), (0.049999999997918564, 3), (0.05006827491806796, 1), (0.050125313270656564, 1), (0.05015045134903206, 1), (0.05024509803613646, 1), (0.05031446540247338, 1), (0.05039370077946453, 1), (0.050420168061929525, 1), (0.05042016806511028, 1), (0.05070422534925482, 2), (0.05078124999801465, 1), (0.05080831408189248, 1), (0.05090677696306445, 1), (0.05098039215186294, 1), (0.05109489050908749, 2), (0.05118829981531633, 1), (0.05119453924827321, 3), (0.05128205127942143, 1), (0.05128205128158823, 1), (0.051325919585001586, 2), (0.05144694533651485, 2), (0.051541182414839466, 1), (0.05174353205791468, 1), (0.051999999998958185, 1), (0.0520361990938494, 1), (0.052181736391792785, 1), (0.05221932114609827, 1), (0.05228758169797942, 5), (0.05243445692687843, 1), (0.05247225025120955, 1), (0.05255179383473738, 1), (0.05263157890120233, 1), (0.052631578946833894, 1), (0.052747252744936184, 2), (0.05290102388988077, 1), (0.0529100529072535, 1), (0.05300162249836223, 1), (0.05324813631466184, 1), (0.05333333333191111, 1), (0.05337519623150257, 1), (0.053430479656743475, 1), (0.05345211581244141, 1), (0.05362379555905178, 2), (0.053678852382658696, 1), (0.053691275165980545, 2), (0.0537084398908322, 1), (0.05380333951712772, 1), (0.053821313237146284, 2), (0.053872053853914005, 1), (0.05393505778459138, 1), (0.053949903658810854, 2), (0.053981106612199854, 2), (0.054279749466744666, 3), (0.05428881650085298, 1), (0.054607508513784805, 1), (0.0546075085314922, 1), (0.05462184873719882, 3), (0.054723127032263987, 1), (0.05490196078216427, 1), (0.05504587155457979, 1), (0.05509641871760884, 1), (0.05513784459771653, 4), (0.05521472392299153, 1), (0.05523012552070381, 1), (0.05539070227387866, 1), (0.05542725172954333, 1), (0.05545927209656994, 1), (0.055555555538410725, 1), (0.05555555555169446, 1), (0.05555555555212484, 1), (0.05555555555452675, 1), (0.055727554177846965, 1), (0.05580357142732587, 1), (0.05585913782296034, 1), (0.05586592178458857, 1), (0.05590062111453904, 3), (0.05596707818469915, 1), (0.05614035087522394, 1), (0.05633802816584011, 1), (0.05637254901615106, 1), (0.056478405313739724, 1), (0.056497175138051046, 5), (0.056508577193611347, 1), (0.05651491365688213, 3), (0.05663378937140753, 1), (0.056680161942176045, 1), (0.056680161942809434, 1), (0.05669291337690095, 2), (0.05680119581295329, 1), (0.05686746987678054, 2), (0.05689277898098418, 1), (0.057142857119528226, 2), (0.0571428571311955, 1), (0.05714285714013822, 2), (0.05729166665175402, 2), (0.057377049175628615, 1), (0.057380842202151165, 1), (0.057441253260709285, 1), (0.05751391465623649, 1), (0.05751633986777854, 2), (0.05773672054760539, 1), (0.057803468205865016, 2), (0.057813154587102934, 1), (0.057949479936257264, 2), (0.058020477814711195, 2), (0.05806451612529203, 1), (0.058111380142466605, 1), (0.05839416058180716, 2), (0.05839416058252301, 1), (0.05845511481033676, 2), (0.05847953216321651, 1), (0.05855161787064372, 1), (0.05855855855592389, 2), (0.05882352939446023, 3), (0.05882352940558594, 2), (0.05882352940599999, 2), (0.05882352940792593, 1), (0.05882352940929215, 2), (0.058823529410431744, 1), (0.05899705014401181, 3), (0.05915813424278333, 2), (0.05925925925778709, 1), (0.05932203388992841, 1), (0.05934718100537991, 2), (0.05936920222413867, 1), (0.05940594059096599, 1), (0.05943536403718564, 2), (0.05944055943848264, 3), (0.05950212507228392, 1), (0.05964912280597267, 1), (0.05965463108226884, 2), (0.05968778696024014, 1), (0.05972696245631875, 1), (0.05982905982854847, 1), (0.059842519675614686, 2), (0.059999999998800006, 1), (0.06007509385981759, 1), (0.060150375924776484, 1), (0.06018054161884075, 1), (0.06020066887618974, 1), (0.06021505375696629, 1), (0.060240963853607124, 1), (0.06032677000393515, 1), (0.060356652948418965, 3), (0.06037735848942342, 1), (0.06054490413601314, 1), (0.06060606060272276, 1), (0.06074240719841269, 1), (0.0608575380342791, 1), (0.060921248138118236, 2), (0.06092436974150079, 2), (0.0609318996393948, 1), (0.06102117060945295, 1), (0.061088977415523306, 1), (0.06112702960825985, 1), (0.061164641809544625, 2), (0.0612244897938344, 1), (0.06133625410062062, 1), (0.06134969324776991, 1), (0.06138933764036457, 1), (0.061433447098273, 1), (0.061538461535755554, 2), (0.061538461536095546, 2), (0.061597690086029784, 2), (0.06165703275291918, 2), (0.06165703275292356, 1), (0.06200251361515409, 1), (0.062111801238378284, 3), (0.06225680931428474, 2), (0.06226650062188962, 1), (0.062407132239046606, 1), (0.06249999998372627, 1), (0.06249999999024881, 1), (0.06249999999616925, 1), (0.06249999999755956, 1), (0.06265790803372569, 1), (0.06266318537531436, 1), (0.0627177700326644, 1), (0.06274509803872357, 1), (0.0627943485076484, 1), (0.06289308176001727, 1), (0.06299212597433737, 1), (0.06299713649179194, 1), (0.06302521007741266, 1), (0.06313993173953773, 1), (0.06319115322856471, 2), (0.06334841628386392, 1), (0.06344827586031741, 1), (0.06349206348534724, 1), (0.06360424028193744, 1), (0.06361445782826196, 1), (0.06363347120382966, 1), (0.06365503079428671, 1), (0.06366047745020621, 1), (0.06386292834393537, 1), (0.06389301633997499, 1), (0.0638977635775942, 2), (0.06393861891765497, 2), (0.06399999998976091, 1), (0.06402439023902277, 2), (0.06419753085892071, 1), (0.06419753086261017, 1), (0.0642398286931023, 1), (0.0642570281098656, 1), (0.06434316353715111, 1), (0.06443514644081715, 1), (0.06451612903198631, 1), (0.06458123107841493, 1), (0.06462035540151163, 3), (0.06463195691087485, 1), (0.06467913087352611, 1), (0.06479481641328744, 1), (0.0648464163811453, 1), (0.06494221243451093, 1), (0.0650406503959249, 2), (0.06508135168146431, 1), (0.06516290725183645, 3), (0.06518904823819582, 1), (0.0652591170783572, 1), (0.0653594771199111, 1), (0.06535947712247427, 1), (0.06540880503062149, 1), (0.0655105972999821, 1), (0.06562499999897888, 1), (0.06568144498963294, 1), (0.06568974229342402, 1), (0.06569343065453513, 2), (0.06570841888442311, 1), (0.06596306068427543, 1), (0.06610878660811438, 1), (0.06611570246840674, 1), (0.0661417322730511, 1), (0.06621621621577005, 1), (0.06627680311761827, 2), (0.06631299733868534, 1), (0.06631762652473883, 1), (0.06635071088999003, 2), (0.06640624999740787, 2), (0.06645425580034503, 1), (0.0666358167508855, 1), (0.06666666663494139, 1), (0.0666666666634964, 1), (0.06666666666405408, 2), (0.06685768863403327, 1), (0.06701030927800511, 1), (0.06703910613775049, 1), (0.0671140939574795, 1), (0.06714628295751889, 1), (0.06722689074217791, 1), (0.06724782067164192, 1), (0.06726457399027709, 1), (0.06727828745765316, 1), (0.06736353077425114, 1), (0.06736458807158179, 1), (0.06737588652243257, 1), (0.06739345886348709, 1), (0.06741573033456041, 1), (0.06746987951482511, 1), (0.06760563379901069, 2), (0.06770833331569852, 1), (0.06770833333289306, 1), (0.067867616254428, 1), (0.06799999998640636, 1), (0.06799999999909212, 1), (0.06800348735239736, 2), (0.06818181810433958, 4), (0.06820461383468428, 1), (0.06825938566436428, 2), (0.06832298136221752, 2), (0.06833114323079047, 2), (0.06835066864276855, 1), (0.06849315067319929, 1), (0.06861755802081673, 2), (0.06862745097366851, 2), (0.06874999999785299, 2), (0.06878306877942714, 4), (0.06887238351999785, 1), (0.0689655171938331, 1), (0.0689655172377244, 2), (0.06901041666621673, 2), (0.06905370843106998, 1), (0.0691299165665202, 2), (0.06913580246344804, 1), (0.06927985414135926, 1), (0.06936416184704065, 1), (0.06940063091044925, 1), (0.06951026855141984, 4), (0.06976744183342616, 1), (0.06976744185506334, 1), (0.06981519505753345, 1), (0.0700218818227505, 4), (0.07003891047858692, 1), (0.07010309278061617, 1), (0.07011686143182394, 1), (0.07017543859402893, 1), (0.07017543859526008, 1), (0.0701754385958594, 3), (0.07023411371002643, 1), (0.07026348807941835, 1), (0.07028753993535751, 1), (0.07042253518646685, 1), (0.07042253519887519, 2), (0.07043108682025465, 1), (0.0705882352913477, 2), (0.0705882352922734, 1), (0.07063315303625178, 1), (0.07066666666572687, 1), (0.0706713780910404, 1), (0.07107512370606191, 1), (0.07125890736003536, 2), (0.07127882599282033, 2), (0.07132530120138279, 2), (0.07142857140305688, 1), (0.07142857142106906, 1), (0.07142857142613884, 2), (0.07142857142755102, 1), (0.07162534434866837, 1), (0.07164790173855391, 1), (0.07166123778034944, 1), (0.07167235494758327, 1), (0.07169811320619782, 1), (0.0719101123587436, 2), (0.07200929151730545, 2), (0.07206208425680671, 1), (0.07221350078379424, 1), (0.07221350078436461, 1), (0.07222222222021984, 1), (0.07228915662526256, 1), (0.07266982621284965, 1), (0.0726978998372747, 1), (0.07280832094555789, 2), (0.07285974498646806, 1), (0.07285974498956528, 1), (0.0728643215988879, 1), (0.07287449392646898, 1), (0.07291666664767078, 1), (0.07296416937635444, 1), (0.07297297297248115, 1), (0.07299270072815099, 1), (0.07300672429654292, 1), (0.07310704960453639, 1), (0.07320261437716999, 2), (0.0732177263940992, 3), (0.07325301204466711, 1), (0.0732984293168102, 1), (0.07333333332844597, 2), (0.07343412526839439, 2), (0.07344632767324737, 1), (0.07345225603203671, 2), (0.07346938772509445, 1), (0.07352941176019961, 1), (0.0735294117602031, 1), (0.0735785953152665, 1), (0.07358738501777573, 1), (0.07368421052438152, 2), (0.0737741790366715, 1), (0.07391304347290348, 1), (0.07407407407015369, 2), (0.07421686746630653, 2), (0.07427055701932761, 1), (0.0742705570252426, 1), (0.07428571427509945, 1), (0.07429420504648628, 3), (0.07436918989716242, 1), (0.07450980392010677, 1), (0.07453416148605677, 2), (0.07466666666467435, 1), (0.07467386414687606, 1), (0.07496529384474723, 2), (0.07509386732476488, 1), (0.07518796990595636, 1), (0.07531380752822772, 1), (0.07535321820918094, 4), (0.07547169811004113, 2), (0.07547169811225822, 1), (0.07555555555219955, 1), (0.07556675062020142, 1), (0.07559055116920127, 2), (0.07559395248216867, 1), (0.07573149741694248, 1), (0.07578008914741464, 4), (0.07581699346207253, 3), (0.07582938387427496, 1), (0.07588075880553644, 1), (0.07593123209150963, 1), (0.07597535933511677, 1), (0.07598784193951462, 1), (0.07601438109522352, 1), (0.076109936558965, 1), (0.07628865979342682, 1), (0.07637231503214956, 1), (0.07637231503397783, 1), (0.07640449438116603, 1), (0.07650273223205556, 1), (0.07651715039376189, 1), (0.0766550522621313, 1), (0.07669616518721267, 2), (0.07672634270118886, 1), (0.07675906182550837, 1), (0.07692307690664317, 2), (0.07692307691913215, 1), (0.07692307692152332, 1), (0.07707129094115335, 1), (0.07712350181984862, 1), (0.07715133530699118, 1), (0.07715133531004834, 1), (0.07736943907007024, 1), (0.07754442649309227, 1), (0.07758620688986152, 2), (0.07760532150733031, 1), (0.07766990289755783, 2), (0.07773109242881063, 1), (0.07777777777633829, 1), (0.07792207791918306, 1), (0.07812499997965784, 2), (0.07812499999694834, 1), (0.07821229049403378, 3), (0.07823470410449297, 1), (0.078277886494001, 2), (0.07831325300968651, 2), (0.07843137254133703, 1), (0.07843137254388886, 1), (0.07843137254389629, 1), (0.07843137254594387, 5), (0.07843137254696912, 6), (0.0784929356345605, 5), (0.07849829351401738, 1), (0.07852193995018551, 1), (0.07866043613401004, 2), (0.0786610878628174, 2), (0.07866666666561899, 2), (0.07871396895743403, 1), (0.078740157467915, 1), (0.07887323943217488, 3), (0.07894736842025545, 1), (0.07897793263188362, 2), (0.07898894153570477, 2), (0.07903780068456752, 1), (0.07907221929320457, 1), (0.07909604518656854, 1), (0.07909604519327018, 1), (0.0790960451966217, 1), (0.07917228969789271, 1), (0.0792216817228691, 1), (0.07938044530109431, 1), (0.07957559681275475, 2), (0.07968127488981958, 1), (0.07991360690972216, 1), (0.0799999999946697, 1), (0.07999999999543377, 1), (0.07999999999893333, 2), (0.08012820512692091, 1), (0.08013355592208495, 1), (0.08013937281764553, 1), (0.08020050123301632, 2), (0.08020050123303056, 1), (0.0802047781556288, 1), (0.08024072215845243, 1), (0.08035714285534723, 1), (0.08061420345179648, 1), (0.08064516127731544, 1), (0.0807017543845475, 1), (0.08072653884801752, 1), (0.08084696823791382, 1), (0.08084891359190649, 1), (0.0809248554882119, 2), (0.08095238094852825, 2), (0.0809716599173891, 3), (0.08098591547870597, 1), (0.08100929614819932, 1), (0.08104575163186571, 1), (0.08124652197655734, 1), (0.08130081299491074, 1), (0.08133333333224767, 1), (0.08139534878987854, 1), (0.08141592918912621, 1), (0.08146174343047509, 1), (0.08150470218924427, 1), (0.08163265302792208, 1), (0.08163265302792398, 2), (0.08163265305845102, 1), (0.08163265305994007, 2), (0.08168028003714223, 1), (0.08181818181632025, 1), (0.08192090394323714, 1), (0.08196721310803555, 2), (0.08206686929467458, 1), (0.08207343412350135, 1), (0.08222811669997013, 2), (0.08223684209173758, 2), (0.08233731738614437, 3), (0.08235294117323749, 2), (0.08239700372988794, 2), (0.0824499411062138, 1), (0.08264462809462024, 2), (0.0826666666644598, 2), (0.08284518828105335, 1), (0.08287013643170231, 2), (0.08301886791826445, 1), (0.08308605341082025, 1), (0.08314606741479713, 1), (0.0831485587578539, 1), (0.083150984664517, 4), (0.08333333332822436, 1), (0.08355091383375841, 1), (0.0837104072379209, 1), (0.0839160839131529, 1), (0.08393039917944702, 1), (0.08395061728186878, 1), (0.08421052631283392, 2), (0.08431372548193146, 1), (0.08450704223864623, 3), (0.08450704224756903, 1), (0.08450704224876017, 1), (0.08450704225219995, 2), (0.08453410181704711, 1), (0.0846560846516068, 3), (0.08476286579041932, 1), (0.08477842003527045, 4), (0.08480565370924902, 1), (0.08494208493989731, 1), (0.08502024291325487, 1), (0.08503937006535142, 1), (0.08518877056702831, 1), (0.08519701810345895, 2), (0.08521303256010476, 4), (0.08532423208045535, 1), (0.08545159545654259, 1), (0.08547008546196648, 3), (0.0855263157754041, 1), (0.08559670781189117, 2), (0.08560311280714704, 5), (0.08565310492413639, 1), (0.08571428571306122, 1), (0.08580858085525096, 1), (0.08588957054687649, 1), (0.08591885441117096, 1), (0.08597285067679197, 1), (0.08607126330322885, 1), (0.0861423220812431, 4), (0.08620689653686113, 2), (0.08620689654429275, 1), (0.08624229977695548, 1), (0.08624229978581044, 1), (0.08627450980054004, 5), (0.08633093523109864, 1), (0.0865979381407551, 1), (0.0867279894852359, 1), (0.08695652173622302, 2), (0.08716136631228423, 1), (0.08733624453385697, 2), (0.08741258740953096, 1), (0.08743169397950983, 1), (0.08743169398748164, 1), (0.08754559666036797, 2), (0.08759124087271904, 2), (0.08771929816866225, 1), (0.08771929824407511, 1), (0.08779149519769974, 1), (0.08799999999765212, 1), (0.08816914079992602, 2), (0.08818897636406517, 1), (0.08823529410837891, 1), (0.0882352941089944, 2), (0.08823529411393582, 2), (0.08823529411565276, 1), (0.08826479437429596, 2), (0.08845052497332236, 1), (0.08849557521601772, 2), (0.08857142857016066, 1), (0.08862629246414688, 2), (0.08888888888669186, 1), (0.08893380495109898, 1), (0.08894878705001008, 1), (0.08905380333621644, 1), (0.08906882590912985, 3), (0.08920187793008888, 1), (0.0892857142837214, 1), (0.0895140664847155, 1), (0.08961303462139483, 1), (0.08979591833065861, 2), (0.0898004434584812, 1), (0.08984374999941323, 1), (0.08988764044842823, 2), (0.08994708994233336, 2), (0.09011264078971927, 2), (0.09011494252790657, 1), (0.09016393441884096, 1), (0.0901771336408735, 1), (0.09018567638779114, 2), (0.09019607842783367, 2), (0.09022556388716473, 4), (0.09032258063933256, 2), (0.09033613444429375, 1), (0.09034907595680662, 1), (0.09036144578041068, 1), (0.0904436860052819, 1), (0.09049773755451354, 1), (0.09059233449161404, 2), (0.09059763988996562, 1), (0.09063893015671105, 1), (0.09069493521683572, 1), (0.09075043629700387, 2), (0.09077155824233654, 1), (0.09086819613053561, 1), (0.09090909080576458, 2), (0.09090909080582917, 6), (0.09090909089256198, 2), (0.09090909090590901, 2), (0.0909090909070248, 1), (0.09090909090858493, 2), (0.09105180533609303, 1), (0.09107468123308594, 1), (0.09120521172044138, 1), (0.09121338911752044, 1), (0.0914285714272666, 1), (0.09150326796788148, 1), (0.0915178571408124, 1), (0.09162717218141951, 2), (0.09164420483940212, 1), (0.09166666665902967, 1), (0.09166666666284912, 1), (0.09174311926044372, 1), (0.09187279151835198, 1), (0.0918958031804654, 1), (0.09190371989235303, 2), (0.09194159004817767, 3), (0.09201773835869367, 1), (0.09210526314274646, 1), (0.09215442092039776, 1), (0.09215686273606293, 1), (0.09227683048222057, 2), (0.09234828494824486, 1), (0.09244992295127404, 1), (0.09248554912938753, 2), (0.09254901960711868, 1), (0.092664092662303, 1), (0.09276437847522194, 1), (0.09283819627415799, 2), (0.09287257019238258, 2), (0.0929772502454416, 1), (0.09302325580674525, 1), (0.09311740890499562, 1), (0.09312022237600391, 1), (0.0931989924315882, 1), (0.09322033894355024, 4), (0.0932203389698875, 1), (0.09326424869498351, 2), (0.0933333333271096, 1), (0.09333333333084445, 1), (0.09338521397144922, 2), (0.09341010875921751, 1), (0.09345794391795408, 2), (0.09361069835857203, 1), (0.09364293870979797, 1), (0.09369369369200224, 1), (0.09369951534582, 1), (0.0937499999755894, 1), (0.09381663112006175, 1), (0.09385665528850089, 1), (0.09399477806297452, 1), (0.09409751923916998, 1), (0.0941176470477522, 1), (0.09411764705513621, 2), (0.09411764705636057, 1), (0.0941915227614726, 2), (0.09420289854731223, 1), (0.0942285041213872, 2), (0.09439528023041353, 1), (0.09445585213666359, 1), (0.09446693657134975, 1), (0.09462915599813052, 1), (0.09473684210194065, 1), (0.09478672984284482, 3), (0.09499747347049105, 3), (0.09501187648230384, 2), (0.09507042252684088, 1), (0.09523809523305389, 2), (0.09523809523485437, 1), (0.09535160905726627, 2), (0.09540636042290347, 1), (0.0954216867423902, 1), (0.09549071616771015, 1), (0.0955024986065811, 2), (0.09556313993010844, 1), (0.09557522122201555, 1), (0.09561752986778349, 1), (0.09577464788193076, 1), (0.0959821428549995, 1), (0.09599999998720364, 2), (0.09602194787248272, 1), (0.09604519772654808, 1), (0.09624639075942017, 3), (0.0962888665901395, 1), (0.09638554216402961, 1), (0.09638554216576592, 1), (0.0963855421675698, 1), (0.09658246656042878, 1), (0.09658421672442241, 1), (0.09663865545203233, 1), (0.09663865545812247, 3), (0.09666666666344369, 2), (0.09673202614126311, 2), (0.0967741935327822, 3), (0.09677419353797871, 1), (0.09681372548426276, 2), (0.09685230023744067, 2), (0.0968718466176201, 1), (0.09701492536589118, 1), (0.09701869631028687, 1), (0.09714285714147199, 1), (0.09717723276171046, 1), (0.09722222221952162, 1), (0.09733124018685216, 1), (0.09734513272182588, 1), (0.09737827713531921, 6), (0.09756097559389658, 1), (0.09756097559653618, 2), (0.09756097560636333, 2), (0.09762532981272883, 1), (0.09794628750427463, 1), (0.09803100125639558, 1), (0.09803921567666293, 2), (0.09803921568242983, 2), (0.09815950919643326, 1), (0.09819121444491054, 1), (0.09836065572693924, 1), (0.09854014598180684, 1), (0.09876543209064005, 1), (0.09876543209267027, 1), (0.0987654320963268, 1), (0.09885931558559141, 1), (0.09887005648321669, 1), (0.09895833330756167, 1), (0.09896907216444206, 1), (0.09897610921332743, 1), (0.0990399191500873, 2), (0.09909909909463216, 1), (0.0993464052261597, 1), (0.09937888198140667, 2), (0.09955423476228975, 1), (0.09994447528595601, 1), (0.09999999995000852, 1), (0.09999999996428571, 1), (0.09999999999167046, 1), (0.09999999999857143, 1), (0.10010764262109283, 1), (0.10016510731424472, 1), (0.10029498524482276, 2), (0.10030706243397734, 1), (0.10033444815717953, 1), (0.1004115226254825, 3), (0.10044642856918658, 1), (0.10049486105441749, 1), (0.10052910052378045, 1), (0.10067114093621925, 2), (0.10068259385493887, 1), (0.10071942445590328, 1), (0.10079575596282751, 1), (0.10084033613021579, 1), (0.1008869179595284, 1), (0.10106114198988311, 1), (0.1010989010944552, 1), (0.10116731513572928, 1), (0.10117721921408757, 1), (0.10156249999933811, 1), (0.10169491523987727, 2), (0.10173160172059147, 2), (0.10175438596134115, 1), (0.10185185184242365, 2), (0.1019108280189881, 1), (0.10196078430972347, 1), (0.10197578074556982, 1), (0.10202117420498451, 1), (0.10205761316032494, 1), (0.10206896551630197, 1), (0.10212765956578024, 1), (0.1022727272669204, 2), (0.10230692075202356, 1), (0.1023541453407913, 3), (0.10236724247585408, 1), (0.10238907849654642, 1), (0.10240963855113484, 1), (0.10249671484618869, 1), (0.1025641025631785, 1), (0.10273021749095022, 1), (0.10280373830974993, 1), (0.10281690140120851, 1), (0.10285714285567087, 1), (0.10294117646428103, 2), (0.10307234885004156, 1), (0.10309278350161186, 1), (0.10310421285974086, 1), (0.10318331503728279, 1), (0.10335917309990854, 1), (0.10344827584834553, 1), (0.10361067503761844, 3), (0.10362694300249635, 2), (0.10364683300680474, 1), (0.1036789297624196, 1), (0.10370370370113864, 1), (0.10380622837011018, 1), (0.10393700785765174, 2), (0.10399999999791637, 1), (0.10404624277055878, 3), (0.10407239818768851, 1), (0.10409556313815398, 1), (0.10416666663953392, 1), (0.10416666666598841, 1), (0.10420168067052221, 1), (0.10421286030984457, 1), (0.10426540282712976, 1), (0.10429447852121164, 1), (0.10438645196533092, 1), (0.10441767066177149, 1), (0.10441767068153437, 1), (0.10443864227037605, 1), (0.10452961672109677, 2), (0.10456796917421066, 2), (0.10457516339595883, 5), (0.10457516339673814, 1), (0.10460772104477568, 1), (0.10465784933268181, 1), (0.10472972972618841, 1), (0.10476190475691827, 3), (0.10482921083504433, 2), (0.10486891385375686, 1), (0.10489510489143715, 1), (0.10490856592776886, 1), (0.10512483573968132, 1), (0.10526315734072023, 2), (0.10526315780240467, 1), (0.10526315787742185, 2), (0.10537870470852462, 1), (0.10549450548986737, 2), (0.10549777116600746, 1), (0.10554089709484037, 1), (0.10559006210524591, 1), (0.10582010580890805, 2), (0.105820105814507, 2), (0.10585305105721235, 1), (0.10588235291003843, 1), (0.10588235292871705, 1), (0.10602409638043477, 1), (0.10610079574189767, 3), (0.10610079575033968, 1), (0.106106106095485, 1), (0.10619469025921859, 2), (0.10624169985309025, 1), (0.1063174113939658, 1), (0.1063348416265493, 1), (0.10640394087621473, 1), (0.10650887573754592, 1), (0.1067761806871861, 1), (0.10690423160202962, 2), (0.10698365526694006, 2), (0.10699588476486162, 1), (0.10702341136765968, 2), (0.10704225351509493, 1), (0.1073446327622957, 1), (0.10742496048855957, 1), (0.1075388026601557, 1), (0.10764262647429257, 1), (0.10784313724433145, 5), (0.10789473683926354, 1), (0.10790464240767879, 1), (0.10816657652726784, 1), (0.1082802547701762, 1), (0.10833333332430177, 1), (0.10857142855592113, 1), (0.10857763300170596, 1), (0.10877192982074564, 1), (0.10897435897086896, 2), (0.10928961747970382, 1), (0.1094319958254607, 1), (0.10966057440680756, 1), (0.10980392156431963, 4), (0.10980392156575795, 1), (0.1098901098883847, 1), (0.10999083409514211, 3), (0.11001410435683517, 1), (0.11046025104140288, 1), (0.11049723756702594, 2), (0.11058451814998488, 1), (0.11059907829004989, 1), (0.1106821106792605, 1), (0.11111111049368681, 1), (0.11111111107682145, 2), (0.11111111110339637, 1), (0.11111111110339682, 1), (0.1113172541702668, 2), (0.11138014527305456, 1), (0.11139240504919018, 2), (0.11140583552899519, 3), (0.11145510835567986, 1), (0.11149825783324396, 1), (0.11151736745682608, 1), (0.11164581328092651, 1), (0.11174458380588635, 2), (0.11184210524476422, 4), (0.11188811188420121, 1), (0.11199999999775818, 2), (0.11209439527362781, 6), (0.11215629522025548, 1), (0.11217786760876934, 1), (0.11224489795536435, 1), (0.11229946523463767, 2), (0.1123595505554857, 1), (0.11241830065065456, 2), (0.11248285322205494, 1), (0.11264080098715798, 1), (0.11275964391022048, 2), (0.11282051281472949, 1), (0.11290322578823062, 2), (0.11299435027610209, 1), (0.11300919842015622, 1), (0.11308203991067929, 1), (0.11315789473386308, 1), (0.11320754716506647, 2), (0.11336032388434289, 1), (0.11345646436498097, 1), (0.11353711789402002, 1), (0.11363636350718957, 2), (0.11363636350725416, 5), (0.11374407581141469, 1), (0.11379153390469755, 1), (0.11382113819286394, 1), (0.11398963730274835, 1), (0.11402157163990274, 1), (0.11406844106247038, 1), (0.11409395972770293, 2), (0.11419909044856975, 1), (0.11428571428027644, 1), (0.11428571428379658, 2), (0.11428571428408163, 2), (0.11433447098781095, 1), (0.11442193086871844, 1), (0.11447084233014507, 1), (0.1146443514596388, 1), (0.11466666666360768, 1), (0.11466666666513656, 1), (0.11494252872362358, 2), (0.11497730710695823, 2), (0.11501597443967151, 2), (0.11503267973555709, 1), (0.11504424776215443, 1), (0.11522633743908318, 1), (0.11522633744698052, 1), (0.1153846153820027, 1), (0.11549566891130421, 1), (0.11551155115130342, 1), (0.11554621847525703, 1), (0.1157024793197165, 2), (0.11573823688417709, 1), (0.11578947368014614, 1), (0.11581291758176007, 1), (0.11589895987251875, 1), (0.11599999999768365, 1), (0.11604095562348171, 1), (0.11605415860510537, 1), (0.11607843137164002, 1), (0.11610486889211095, 7), (0.11611611610449528, 1), (0.11612903225056939, 3), (0.11612903225057672, 1), (0.11627906975778232, 1), (0.11636363634247686, 1), (0.11640211638980126, 1), (0.11650485434631466, 1), (0.11656441717076144, 1), (0.1166007905023128, 1), (0.11671087531608516, 2), (0.11671087531608561, 3), (0.11671087532537605, 1), (0.11680572109515334, 1), (0.116865869838397, 1), (0.1168831168820358, 1), (0.11700182814928851, 1), (0.11703958691708972, 1), (0.1170534813296245, 1), (0.1170568561833761, 1), (0.11714285714118107, 1), (0.11715481171057751, 1), (0.11723092470826349, 1), (0.1173054587620602, 2), (0.11731843574763091, 1), (0.11764705868511521, 6), (0.11764705880848716, 1), (0.11764705881199998, 2), (0.11764705882086349, 1), (0.11774744027102994, 2), (0.11799410026018038, 1), (0.11799410028802362, 3), (0.11818181817912811, 1), (0.1182415361281614, 1), (0.11826544020714148, 1), (0.11827956987975108, 1), (0.11830635118159027, 1), (0.11835506518371634, 2), (0.11840411840106828, 1), (0.11842105262846261, 1), (0.11851851850876807, 1), (0.11858760825325691, 1), (0.11864406774633776, 2), (0.11868131867610392, 3), (0.11869436201075982, 2), (0.11872146113302583, 1), (0.11873840444828578, 1), (0.11873840444828627, 1), (0.11897779639665136, 1), (0.11898323417999464, 1), (0.11900826444314341, 1), (0.11920529799746901, 1), (0.11930926216453053, 1), (0.11936339520963062, 1), (0.1194539249126375, 2), (0.119601328895712, 1), (0.11973392461131165, 1), (0.11987381702713569, 2), (0.11992263055860523, 1), (0.11999999999199697, 1), (0.12006489994526633, 1), (0.12010443863602364, 2), (0.12015018771962807, 1), (0.12018489983665756, 1), (0.12021857922767454, 1), (0.12021857923278105, 1), (0.12026726055228332, 2), (0.12027491408521383, 1), (0.12036108323767579, 2), (0.12043795619998246, 1), (0.12048192770876963, 1), (0.1205020920451672, 1), (0.12077789150213561, 1), (0.12080536912346004, 1), (0.1208333333283024, 1), (0.12084257206141535, 1), (0.1209117938433188, 1), (0.12100840335931537, 1), (0.1210191082725452, 1), (0.12102874432311539, 1), (0.12103746397578177, 1), (0.12105062808827388, 1), (0.12105263157575939, 1), (0.1210962396353689, 2), (0.12126387702611235, 1), (0.12134831460538015, 1), (0.12145748987608364, 3), (0.12167300379764831, 1), (0.12167300379997015, 2), (0.12177121770094311, 2), (0.12181195279323088, 1), (0.1218487394829986, 1), (0.12187499999809853, 1), (0.12201591511289424, 1), (0.12213740456150779, 1), (0.12217795483105416, 1), (0.1222222222086445, 1), (0.12225405921651754, 1), (0.12244897954183956, 2), (0.1224489795872918, 1), (0.12244897958991724, 1), (0.12257327749819005, 1), (0.12258064515338042, 1), (0.12269938649553983, 1), (0.12270803948358983, 2), (0.12276214832189491, 1), (0.12280701743612216, 1), (0.12280701753955063, 2), (0.12285714285538644, 1), (0.12286689415602309, 1), (0.12287581699025281, 2), (0.1229050279260974, 1), (0.12297734627035607, 1), (0.12311015118524711, 1), (0.12331406550584711, 3), (0.12332838037716484, 5), (0.12345679011583609, 1), (0.12351543942699472, 1), (0.12352941172837817, 1), (0.12359550559483191, 2), (0.12359550561658882, 1), (0.12379110251211402, 2), (0.12389380528780426, 1), (0.12389380530241945, 2), (0.12394957981891344, 2), (0.12403100773270567, 1), (0.12413793102225146, 1), (0.12429378529318601, 1), (0.12470588233827017, 1), (0.12483399732737896, 1), (0.12487205731576353, 1), (0.12499999999511913, 1), (0.12508686587821335, 1), (0.12530712529172885, 2), (0.12539184952191865, 2), (0.1254355400685909, 1), (0.12549019607351197, 1), (0.1254901960751494, 1), (0.12550607287194943, 1), (0.1255886970152968, 1), (0.12562814070036055, 1), (0.1256544502573912, 2), (0.12580645161087703, 1), (0.12585034013177543, 1), (0.1258741258697214, 1), (0.1261498028876164, 1), (0.12637913739955986, 1), (0.12643678160192823, 1), (0.1264367816019317, 1), (0.12650602409256947, 1), (0.1265186426471442, 1), (0.1266666666582207, 1), (0.1266666666582283, 1), (0.12698412697740719, 1), (0.12710280371456162, 1), (0.12714429868562668, 1), (0.1272084805503857, 2), (0.12735651445275367, 1), (0.12745098037965735, 1), (0.1274509803796685, 1), (0.12749445676204266, 2), (0.12751677851920187, 2), (0.12756984712636907, 1), (0.1276252019365504, 1), (0.12765957445210527, 1), (0.12783505154573843, 1), (0.12801484229937052, 1), (0.12810457516005194, 2), (0.12815126049074016, 1), (0.12838515545351933, 1), (0.12838633686539114, 1), (0.12844036696461564, 1), (0.1285347043371376, 2), (0.12857142856959183, 2), (0.12858249418955336, 1), (0.12862414338361086, 1), (0.12871822606744973, 2), (0.12878200155059405, 1), (0.12881806108811972, 1), (0.12888888888315947, 2), (0.12895927601517768, 1), (0.1289701636176239, 1), (0.12903225805619148, 2), (0.12911392403428698, 2), (0.12914485165343467, 1), (0.12917115176914987, 1), (0.12917594654377246, 1), (0.12927756653501213, 1), (0.1293706293661074, 2), (0.1294117647008056, 1), (0.129464285711395, 1), (0.12951432129353152, 1), (0.1295774647869048, 1), (0.12982456139895512, 1), (0.12992545260638963, 2), (0.12994350280650718, 2), (0.12994350281751482, 1), (0.1299734747838252, 2), (0.13004926107093037, 1), (0.13015873015459875, 2), (0.13025210083485947, 2), (0.13029315960063265, 2), (0.1303258145036729, 1), (0.1304347825973535, 1), (0.1304347826005958, 2), (0.1305483028379775, 1), (0.13056379821700004, 2), (0.13061224484466907, 2), (0.13063063062474542, 1), (0.1308411214851375, 1), (0.1310211945999642, 1), (0.1311475409692523, 1), (0.13114754097285874, 1), (0.13126079446869388, 1), (0.13127413127159626, 1), (0.13137948458684803, 1), (0.13142857142669126, 1), (0.1316614419980089, 1), (0.13168724278751695, 2), (0.131696428568486, 1), (0.13185755534040608, 2), (0.13194444443528028, 3), (0.13199817932944813, 2), (0.13200498131676097, 1), (0.13207547169562123, 1), (0.13227513226813375, 1), (0.13239875388376865, 1), (0.13253012045532053, 1), (0.1325301204779384, 1), (0.13258426966143366, 1), (0.13280212481636092, 1), (0.13286713286248547, 2), (0.13293943869622032, 1), (0.13294797687092513, 1), (0.13333333331773703, 2), (0.1333333333222241, 3), (0.1333333333223594, 2), (0.13333333332444444, 2), (0.13333333332649105, 1), (0.13333333332649688, 1), (0.13333333332698738, 2), (0.1333333333274074, 1), (0.1333333333297778, 1), (0.13333333332984512, 2), (0.1334702258589826, 1), (0.13348416289290954, 2), (0.13349225267858242, 1), (0.1335761991418587, 1), (0.13360323886369016, 2), (0.13361169099508935, 1), (0.13394919167972885, 1), (0.13395638628240425, 1), (0.13397129185961928, 2), (0.1340540540395627, 1), (0.13414634146224325, 1), (0.1341853035115182, 3), (0.13445378149848172, 1), (0.13449564134328384, 1), (0.13456009199916139, 1), (0.134812286687121, 1), (0.13483146067264234, 1), (0.1348684210304485, 2), (0.13487475914701838, 1), (0.1348920863248699, 1), (0.13492741246567327, 2), (0.1349693251450966, 1), (0.1349794238572112, 1), (0.13498836307110235, 1), (0.13504823150257061, 1), (0.13510747184984268, 1), (0.13533834583074708, 1), (0.1353919239872827, 2), (0.13543307084481596, 1), (0.1354534746744941, 1), (0.13545816731268573, 1), (0.1354838709458859, 1), (0.13548387095317263, 1), (0.1354838709590025, 4), (0.1355013550098777, 1), (0.13565536205067694, 1), (0.1356932153312245, 3), (0.1357466063317703, 2), (0.13587604290660552, 1), (0.13592233007070412, 1), (0.13594771241474768, 1), (0.13596059111960926, 1), (0.13605442175945218, 1), (0.1360544217640799, 1), (0.1361111111073328, 1), (0.1361607142826731, 2), (0.1362318840480987, 1), (0.13626373625774765, 1), (0.136279926332667, 2), (0.1363211951421824, 1), (0.13636363620867917, 2), (0.13636363635887147, 1), (0.13640922766936855, 1), (0.1364325416863422, 1), (0.13651877128446685, 1), (0.13654618471153857, 1), (0.13654618473347582, 1), (0.13654984068563708, 2), (0.13655462183439657, 1), (0.13662551439205364, 2), (0.13666228646158393, 1), (0.13666987487837706, 1), (0.1367690782817865, 1), (0.13678160918754098, 1), (0.136842105259552, 1), (0.13704994192003275, 1), (0.13723849371810617, 1), (0.13725490194732587, 3), (0.13725490195181478, 1), (0.13725490195540177, 2), (0.13729128014333075, 1), (0.1374431531062401, 1), (0.1374570446688158, 1), (0.13751868459977915, 1), (0.13756613755157565, 1), (0.1375661375588603, 1), (0.13771517996654858, 2), (0.13776722089934085, 1), (0.13787761425145095, 1), (0.13793103447411337, 1), (0.13800904977063108, 1), (0.13802083333243345, 1), (0.1380530973206936, 2), (0.13809523808866647, 1), (0.13819577734593932, 1), (0.13822525597033614, 1), (0.138259833133035, 1), (0.13831258642623634, 2), (0.13843351548017238, 2), (0.13855421686329364, 1), (0.13858093126308985, 1), (0.13867488442691325, 1), (0.13875262788095755, 1), (0.13875598085460675, 1), (0.13885898815183656, 1), (0.13888888888674564, 1), (0.13891213388540338, 1), (0.1389645776377407, 1), (0.13896848137502585, 1), (0.13941018766008012, 1), (0.13942680092843213, 2), (0.1396160558415493, 1), (0.13986013985524953, 1), (0.13989637305337244, 1), (0.13992226540033653, 1), (0.13993174061194755, 1), (0.13999999999066817, 1), (0.1399999999972, 2), (0.14005123825550814, 1), (0.14012738852610954, 1), (0.14014251781139764, 2), (0.14021571647609976, 1), (0.14024975983282964, 1), (0.14035087718805786, 3), (0.14047498736593844, 2), (0.1406165494854482, 1), (0.1407407407381412, 1), (0.1409266409239196, 1), (0.14093137254038113, 1), (0.14093959731070083, 2), (0.14099216706502102, 1), (0.14099216709446177, 1), (0.14100185528233566, 1), (0.1410658307165811, 1), (0.14115898958832646, 1), (0.1411764705826954, 1), (0.1411764705865744, 2), (0.1412872841422089, 2), (0.14133333332956324, 1), (0.1414225941363421, 1), (0.14147909966936106, 1), (0.14148559878583636, 2), (0.14156378599658095, 1), (0.1416382252535551, 2), (0.14164810690297053, 1), (0.1416666666548649, 2), (0.1416982152507199, 1), (0.14176829267212232, 1), (0.14193548386181354, 2), (0.14197530863978514, 1), (0.14199229498392898, 1), (0.14201183431532396, 1), (0.14204545452527778, 1), (0.14207650272361255, 1), (0.14210526315415153, 1), (0.14216867468166705, 2), (0.14217098941958173, 1), (0.14232209737295332, 2), (0.14251781472345576, 2), (0.1425389754852373, 1), (0.14254859610923531, 1), (0.14258188824113546, 1), (0.14264487368925483, 1), (0.14285714284826723, 2), (0.14285714285589562, 2), (0.1430274135858994, 1), (0.1432098765314234, 2), (0.14320987653613665, 1), (0.1432225063755477, 2), (0.14322916666573407, 1), (0.14323607425156523, 1), (0.14323607426296098, 2), (0.143266475644357, 1), (0.14329580347710782, 1), (0.14329738057447716, 1), (0.1435068216256322, 1), (0.14358230600844357, 1), (0.14363143631047529, 2), (0.14397163120056838, 2), (0.14399999997696092, 1), (0.1439999999884809, 1), (0.14406779658982613, 1), (0.14407436095937917, 1), (0.1441307577901832, 2), (0.14432989690225814, 1), (0.14436619717038893, 1), (0.14438502673024323, 1), (0.14442700156758848, 1), (0.1444444444417645, 2), (0.1444866920097225, 1), (0.14448669201246075, 1), (0.14450516088982943, 1), (0.14457831324866258, 1), (0.14459930313462452, 2), (0.1447124304213502, 1), (0.14473684208145737, 3), (0.14506769825638172, 1), (0.14510278113605365, 1), (0.14516129029916414, 3), (0.14518147682788302, 1), (0.14523281596371715, 1), (0.1452513966399252, 1), (0.14532019704254787, 1), (0.1453428863839218, 1), (0.14545454542810124, 1), (0.14549402822228635, 1), (0.14587332053182678, 2), (0.1459089076979199, 1), (0.14608233729800002, 1), (0.1461318051572437, 1), (0.14643931793917156, 1), (0.14644351463822425, 1), (0.14650205760111765, 1), (0.14659685863362834, 1), (0.14660493826934262, 1), (0.1468531468480136, 1), (0.1469356680568358, 1), (0.1469387754502319, 1), (0.14693877550720164, 1), (0.14696485622690386, 1), (0.14705882348615892, 1), (0.14705882351499439, 1), (0.1471571906305292, 1), (0.14717273431334502, 1), (0.1471927162255545, 1), (0.14728682169401477, 2), (0.14736842104875109, 1), (0.14749262536002955, 1), (0.14756671899297516, 1), (0.14765100670644268, 1), (0.1476655808823216, 1), (0.14772727271887473, 2), (0.1477272727188807, 1), (0.147843942474775, 1), (0.1478841870810891, 1), (0.14790996783615154, 3), (0.14799154330909017, 1), (0.14814814811156707, 1), (0.14814814813596008, 1), (0.1481481481390019, 1), (0.14814814814030738, 1), (0.1481481481408322, 2), (0.1481481481458641, 1), (0.14828897338121497, 1), (0.14838709676462458, 1), (0.14842300556035512, 2), (0.14843749999420008, 1), (0.14846416381999308, 1), (0.14847161570756082, 1), (0.14859437748020407, 1), (0.1486068111409018, 1), (0.1486486486419508, 1), (0.14871794871032099, 1), (0.14876033053753682, 1), (0.148809523800666, 2), (0.14895397488916295, 1), (0.1493333333313398, 1), (0.1493651978977324, 1), (0.14964370545962882, 1), (0.14965986394049097, 1), (0.1497175141031473, 1), (0.14981273405433929, 2), (0.1499999999942299, 3), (0.15007429419390092, 3), (0.15007429419390514, 1), (0.1500872600296639, 1), (0.15017064846160064, 1), (0.15028901733525254, 4), (0.1503267973758, 1), (0.15034965034439166, 1), (0.15041782728967296, 2), (0.1505016722357693, 1), (0.1505376343924127, 1), (0.15076560659421898, 1), (0.150798018703864, 2), (0.15094339622008227, 1), (0.15094339622356712, 1), (0.15116279060978388, 1), (0.15118110233840254, 2), (0.15118397085335128, 2), (0.15119363394824523, 1), (0.1512247071320276, 1), (0.1512605040745752, 1), (0.15142857142640687, 2), (0.15143320713817499, 1), (0.15144032920564496, 1), (0.1515601782948293, 3), (0.15158371040380605, 1), (0.1516452074175044, 1), (0.1516587677485544, 1), (0.15185185184904484, 1), (0.15185783521564195, 1), (0.15193026151741124, 1), (0.15195071865463197, 1), (0.1519536902984112, 1), (0.1519607843044116, 1), (0.1520068317651254, 1), (0.15214384506886314, 1), (0.152148664334951, 1), (0.1522935779676791, 1), (0.15234374999900865, 1), (0.15238095237611332, 1), (0.15267175570188257, 1), (0.15272727272172065, 2), (0.15294117642559993, 1), (0.1529411764645941, 1), (0.15300546445301, 1), (0.153005464464136, 2), (0.15304606239576188, 3), (0.15333333332310808, 2), (0.15343915343103395, 2), (0.15355086371378293, 1), (0.15356489944594065, 1), (0.15371477369506906, 1), (0.1538461538292323, 1), (0.1538461538402367, 1), (0.15384615384100936, 4), (0.15384615384303743, 2), (0.1538461538433998, 1), (0.1539888682731572, 1), (0.1541244573026722, 1), (0.15425531912842283, 1), (0.15439429928374374, 3), (0.15460122698438256, 1), (0.1546391752477668, 1), (0.1548387096674283, 2), (0.15483870966743563, 1), (0.15503875964985914, 1), (0.15510204075301842, 3), (0.15533980579509357, 2), (0.15536723161646845, 1), (0.1553672316164765, 1), (0.15544041450374455, 1), (0.15546218485761829, 1), (0.15548204158422874, 1), (0.15550755939189084, 1), (0.1555285540685864, 2), (0.15555555554864198, 2), (0.15599999999688366, 1), (0.15601783059762286, 1), (0.15637860081018165, 1), (0.15649867371929774, 1), (0.15662650601937303, 1), (0.15665796340557891, 1), (0.1566579634382948, 1), (0.15671641789876295, 1), (0.15682062298435615, 1), (0.15686274508266293, 1), (0.15686274508779258, 1), (0.15686274509188775, 5), (0.15686274509393824, 1), (0.15699658697713736, 1), (0.15699658702803862, 1), (0.1570166830194894, 1), (0.15714285713964646, 1), (0.15730337077767742, 1), (0.15736766807477162, 1), (0.15739948672733997, 2), (0.15744680850728063, 1), (0.15761448348972285, 2), (0.15768374164670254, 1), (0.15769230768624348, 1), (0.157894736833795, 1), (0.15789473683891242, 1), (0.15797788307140953, 1), (0.1580246913450241, 2), (0.1580882352844297, 1), (0.1582591493539416, 2), (0.158333333320137, 1), (0.1584754262629397, 1), (0.15853658534652845, 3), (0.15867768592418183, 1), (0.15873015871336207, 1), (0.1587301587217605, 1), (0.15883859948490778, 1), (0.1590214067180969, 1), (0.159090909081874, 1), (0.15912208502618713, 1), (0.15912208504582728, 1), (0.15914489310785868, 1), (0.15925925925631676, 1), (0.15929203538883457, 2), (0.1593137254804319, 1), (0.1593545133627886, 1), (0.159465478840451, 4), (0.1594684385329064, 1), (0.15966386552944797, 1), (0.15966386553950793, 4), (0.15967078187986652, 2), (0.15969581748746026, 1), (0.1598272138194443, 1), (0.1598332175110504, 1), (0.1598639455727954, 1), (0.15999999998933181, 1), (0.1599999999893394, 1), (0.15999999999786665, 1), (0.16012558869450055, 1), (0.1602002502928374, 3), (0.16027874564320035, 2), (0.1604754829004122, 1), (0.16048144431690486, 1), (0.16049382715058075, 1), (0.16050765210300275, 1), (0.1605550049394895, 2), (0.1606299212345527, 4), (0.1606765327355843, 1), (0.16068721576391506, 1), (0.16075388026518422, 2), (0.16077170416972517, 2), (0.16078431370972587, 1), (0.16083916083353378, 1), (0.16107382549794164, 1), (0.16113744073283934, 1), (0.16129032255463088, 2), (0.16129032257023934, 3), (0.16129032257414144, 1), (0.161333333331181, 1), (0.16149068321978494, 2), (0.1615201900199168, 1), (0.16153846153225027, 1), (0.16161616159982795, 1), (0.16162901685772862, 1), (0.16164383559429604, 2), (0.1616688396307268, 1), (0.16187989551909326, 1), (0.1619433198347782, 1), (0.16203703703453656, 1), (0.16204690829828738, 1), (0.1620512820479598, 1), (0.16211293260178442, 1), (0.16216216215903353, 1), (0.16240601501317375, 2), (0.16249999999492332, 1), (0.16260162601185324, 1), (0.16265060240474197, 2), (0.1627906975797736, 2), (0.16279069766179097, 1), (0.16290168628180407, 1), (0.16296296292272447, 3), (0.1629629629495514, 1), (0.16301703162620498, 1), (0.16312056737010264, 1), (0.16326530605580156, 4), (0.163265306116394, 1), (0.16326530611911705, 1), (0.16330275227859348, 2), (0.16332819721391936, 1), (0.16342412445001403, 4), (0.16344086019747733, 1), (0.16372202591091134, 1), (0.16376811593016094, 1), (0.16377952753325747, 1), (0.1638225255860859, 2), (0.16384180788646627, 1), (0.1638954869319736, 3), (0.16402116401248706, 4), (0.16417910445719097, 1), (0.16427104721106361, 1), (0.16429699839426465, 1), (0.16434540387683355, 1), (0.16447368418347516, 1), (0.16451612900572057, 1), (0.1645193260491057, 1), (0.16465863450509902, 1), (0.16470588230449865, 2), (0.16470588233356134, 1), (0.1647058823464839, 1), (0.164779874212799, 2), (0.16486751717046344, 1), (0.1648998822124276, 2), (0.16493055554123695, 1), (0.16493313520319733, 2), (0.16499999997937415, 1), (0.16499999999174772, 1), (0.16513761462841997, 8), (0.16517857142488154, 1), (0.16519823787939794, 1), (0.16521739128997912, 1), (0.16528925617102624, 12), (0.16540317021602832, 1), (0.16571428571191707, 1), (0.1659388646215729, 2), (0.16597938144244717, 1), (0.16599190283064397, 1), (0.165991902832329, 1), (0.1660377358365246, 2), (0.16613418529997512, 1), (0.16622188333905336, 1), (0.16622691290683625, 1), (0.16625514401924565, 2), (0.1662707838440317, 3), (0.16640502354526682, 1), (0.16641901930412992, 4), (0.16666666665033145, 1), (0.16666666665220073, 2), (0.16666666665277777, 1), (0.1666666666574074, 1), (0.1666666666597222, 1), (0.16666666666225652, 1), (0.16666666666358027, 2), (0.16673648931643303, 1), (0.16677609980083088, 2), (0.16681455190476083, 1), (0.16684607103515472, 1), (0.1668742216666653, 1), (0.16699999999164875, 1), (0.16701461377173185, 2), (0.16703296702562292, 1), (0.1671018276675109, 2), (0.16710875329349278, 1), (0.1671641791019833, 1), (0.16720257233651564, 1), (0.16722408026196586, 1), (0.16727272724231176, 1), (0.16730038022177796, 1), (0.1673202614335365, 1), (0.16748329621231803, 1), (0.16748768472700623, 1), (0.16757741347599683, 4), (0.16765819361726517, 1), (0.16774193547305039, 2), (0.16774193547845406, 1), (0.1679012345540881, 1), (0.1680672268731014, 1), (0.16820857863609567, 1), (0.1682242990429596, 2), (0.1682242990429634, 1), (0.1683848797193025, 1), (0.16846652267455126, 1), (0.1685649202349531, 1), (0.16864608075608986, 1), (0.16867469876131705, 1), (0.16872427982844412, 1), (0.16876574305178962, 1), (0.1690862510645775, 3), (0.16911764704846013, 1), (0.16926503336987178, 2), (0.16927899685459302, 1), (0.1693121692942553, 1), (0.1693121693032136, 2), (0.16935483870284002, 1), (0.1694290975746935, 2), (0.1694915254106698, 1), (0.1695568400705409, 1), (0.16976127320054588, 2), (0.16993464051177035, 1), (0.17005391952841026, 1), (0.17010935601251395, 2), (0.17014925370594614, 1), (0.17021276594296061, 1), (0.17045454543033173, 1), (0.17058823524393968, 1), (0.1706484641609107, 1), (0.17066666666439353, 1), (0.17068645639441415, 1), (0.1707317073155816, 1), (0.17083333332621622, 1), (0.1709031909130827, 1), (0.17102137766814665, 2), (0.1710526315508175, 2), (0.17110266159370557, 1), (0.17119341562377297, 1), (0.17123287665367837, 1), (0.17125382257761426, 1), (0.17129629629365506, 1), (0.17132867132268387, 1), (0.17134416543068262, 1), (0.17165354330573643, 1), (0.17176470586214293, 2), (0.17181467181135684, 1), (0.17183770882234192, 1), (0.17187499999462894, 1), (0.17187499999755734, 1), (0.1719298245553701, 3), (0.17194570135357368, 1), (0.17198485667835686, 1), (0.17204301074652026, 1), (0.1721311475381618, 2), (0.17226890754492813, 1), (0.1722846441624915, 2), (0.17229496897503113, 1), (0.1723237597461368, 1), (0.17232375978212192, 1), (0.17241379309353938, 1), (0.17254901954019747, 1), (0.1726844583960331, 1), (0.17271835132143745, 1), (0.17278617710458746, 3), (0.17283950615861543, 1), (0.17283950616216712, 1), (0.17283950616857188, 1), (0.17283950617017305, 1), (0.17300677435263384, 1), (0.17306652244362855, 1), (0.1732548359951816, 1), (0.1733333333217793, 1), (0.1733333333256286, 3), (0.17333333332871112, 1), (0.17337461299773987, 1), (0.17343173430134368, 1), (0.1734417343938425, 1), (0.1734559789704718, 2), (0.17361111109604097, 2), (0.17363344050330612, 1), (0.17371937635328547, 1), (0.17381489840024894, 1), (0.17388575015638974, 2), (0.17397260272780768, 1), (0.1741935483758614, 3), (0.17428571428322187, 2), (0.17434210523448404, 1), (0.17439703153341968, 1), (0.1744186045497468, 4), (0.17441860464440267, 1), (0.17446808510266704, 2), (0.17454545453910578, 1), (0.1746031745976315, 1), (0.17469879517546613, 1), (0.1748318923943504, 1), (0.17486338795901965, 2), (0.17499999998541857, 1), (0.1749999999900589, 1), (0.17520661154128822, 2), (0.1752577319474688, 1), (0.17530390273990076, 1), (0.17547723934745046, 1), (0.17551020404581683, 1), (0.17558299039539949, 1), (0.17577197149226156, 2), (0.17589576546085303, 1), (0.17591801878435992, 1), (0.17595307912729333, 1), (0.17601246104548113, 1), (0.17602427919757, 2), (0.17611336032210512, 1), (0.1762749445666513, 1), (0.1762886597929095, 1), (0.1763826606823229, 1), (0.1764705881833974, 2), (0.17657657654476389, 3), (0.17659137575189368, 1), (0.17661691540092045, 1), (0.176820208010637, 1), (0.17683686176396773, 1), (0.17684887459238416, 1), (0.17685699848229544, 1), (0.1768707482933047, 2), (0.1769352290399794, 2), (0.1769436997224131, 2), (0.17714285714032782, 1), (0.17719869705685815, 1), (0.17721518986366588, 2), (0.17725258492829377, 3), (0.1772575250776861, 2), (0.1772639691646536, 1), (0.1772727272687025, 1), (0.17737003052680858, 2), (0.17739628037519103, 1), (0.17741935481009763, 1), (0.17746913579973053, 1), (0.17747440266980788, 1), (0.1774744027182552, 1), (0.17751479289415661, 1), (0.17754569185965116, 1), (0.17771883286767343, 1), (0.17777777776987655, 1), (0.1777777777721346, 2), (0.17777777777449236, 1), (0.17796610161950063, 2), (0.17804154301350106, 1), (0.1781076066724252, 1), (0.17812499999443504, 1), (0.1781376518182597, 1), (0.1781737193367118, 1), (0.1783060921115696, 1), (0.17832167831543996, 1), (0.1784313725455214, 1), (0.17847485126999194, 1), (0.17851739787659796, 2), (0.17864476384203007, 1), (0.1786941580694621, 1), (0.1788100540827615, 1), (0.17883211678179792, 2), (0.17894736841634232, 2), (0.17901234566795327, 1), (0.17903415783063623, 1), (0.17906458797167993, 1), (0.1791277258427479, 1), (0.17914267433274553, 1), (0.17916666666293216, 1), (0.17921146952762698, 1), (0.1792656587434325, 1), (0.17941952504229444, 1), (0.17956656346193883, 1), (0.17958412097874388, 1), (0.17968749999298209, 1), (0.17980636235410882, 1), (0.1798941798846607, 3), (0.17999999999100114, 1), (0.18009478670140472, 1), (0.1801242235912956, 1), (0.18032786883768193, 1), (0.18045112777432945, 3), (0.18064516127866512, 3), (0.18067226889996976, 6), (0.18079096044516654, 1), (0.1808118081013994, 1), (0.18085106380573945, 1), (0.1808994441618917, 1), (0.1809523809466377, 1), (0.18101153504559062, 1), (0.18106995883283697, 1), (0.18113207546485263, 1), (0.18129079041469984, 1), (0.18154311648467308, 3), (0.18181818161159374, 1), (0.18181818178512396, 1), (0.18181818180785358, 1), (0.18181818180948311, 1), (0.181818181811826, 3), (0.1818181818140496, 1), (0.18202764976748986, 1), (0.18213058418617936, 1), (0.1821493624739132, 1), (0.18219178080943682, 1), (0.1823056300219261, 1), (0.18245614034447682, 2), (0.18245614034767782, 1), (0.18248175181815776, 1), (0.1824925815888387, 1), (0.18256410256035954, 1), (0.18257261408263104, 1), (0.1826280623201255, 4), (0.18271604937819558, 1), (0.18276374441435891, 1), (0.18276762401134394, 1), (0.18280151433108363, 1), (0.18299999999084982, 1), (0.18300653594292796, 2), (0.18308227114291772, 1), (0.1830985915331763, 1), (0.1831683167863471, 1), (0.18323586743924233, 2), (0.1833333333256935, 1), (0.1835937499928304, 1), (0.18367346937526355, 1), (0.18367346938025822, 1), (0.1839708560986507, 3), (0.18400876230186186, 1), (0.18404907974330975, 1), (0.18407079642759147, 1), (0.18410041840233812, 1), (0.18421052628549292, 1), (0.18423746161342436, 2), (0.18424962851528306, 1), (0.1842496285152873, 1), (0.18427518425254572, 2), (0.1843088418385003, 1), (0.18435754188913972, 1), (0.18436213990252187, 1), (0.1845688350927482, 2), (0.1845819761028989, 1), (0.18461538460591834, 2), (0.18468468467636667, 1), (0.18473895578620056, 1), (0.18479745106122636, 1), (0.18494623655118314, 1), (0.18496484586162704, 1), (0.1850220264235694, 1), (0.18507462686291068, 3), (0.18510158011455002, 1), (0.18518518517375349, 2), (0.18518518518028634, 1), (0.18518518518232752, 2), (0.1852315394010995, 1), (0.18524332809756563, 1), (0.18527315914049275, 3), (0.18533333333086344, 1), (0.18533886581115325, 1), (0.18545837723724856, 1), (0.1856763925483228, 2), (0.18571428568775672, 1), (0.1857585139261378, 1), (0.18577405856963533, 1), (0.18579234970644906, 1), (0.18579234972338815, 1), (0.18592297474290226, 1), (0.18592964821784655, 1), (0.18596491227417508, 1), (0.18598382749075726, 1), (0.18600823043737366, 1), (0.18604651151973656, 6), (0.1860465116134905, 1), (0.18604651162172287, 1), (0.18616567036402962, 3), (0.18620037806743375, 1), (0.18633540371513485, 2), (0.1865671641558998, 2), (0.18659881255142818, 1), (0.18661257606364934, 2), (0.1866368047709354, 1), (0.1866666666542192, 1), (0.1866666666616889, 1), (0.18685567009105186, 2), (0.18705035966736674, 1), (0.18709677418147616, 4), (0.1870967741814835, 1), (0.18718502519663643, 1), (0.18722139671714405, 1), (0.18723404253726056, 1), (0.18749999999267425, 2), (0.18759455370083022, 1), (0.1876543209783852, 1), (0.18775510196414655, 3), (0.18791946308093954, 1), (0.18792425865709414, 1), (0.18798955612595497, 1), (0.18808777428287798, 1), (0.18811881187497387, 1), (0.18820984315744704, 2), (0.1882352940622794, 1), (0.1883830455229452, 3), (0.18842001962338775, 1), (0.18852459014848735, 2), (0.18856569707236007, 1), (0.18870728081807664, 1), (0.18878400887347002, 1), (0.18886414253729336, 1), (0.18891170427332718, 1), (0.18907563023224094, 1), (0.18914728679238, 1), (0.1891472868158376, 1), (0.18933333332828203, 1), (0.18941504175635135, 1), (0.18943533697287138, 2), (0.1894736842038773, 1), (0.1894736842055354, 1), (0.18970189701382878, 2), (0.18971061092637864, 2), (0.18973214285290796, 1), (0.18978102187009768, 2), (0.18995098038051536, 1), (0.1900237529646077, 1), (0.19023779722274622, 1), (0.19026407889945124, 1), (0.1903225806420945, 1), (0.19041000694794763, 3), (0.19047619046409675, 1), (0.190521327005188, 1), (0.19062499997021004, 2), (0.19062499997021892, 1), (0.19063004846218626, 1), (0.1907824222868613, 1), (0.19090041361148896, 1), (0.190946502041901, 1), (0.19099099098755629, 1), (0.19112627979825167, 1), (0.19119878602494592, 1), (0.19125683059760887, 1), (0.19137466304698628, 2), (0.191397849441782, 1), (0.19144602850544185, 1), (0.19148936169805345, 1), (0.19152276294832477, 1), (0.1915367482869655, 2), (0.19169329073074165, 1), (0.19175257731860298, 1), (0.1918158567529649, 2), (0.1918367346547265, 1), (0.19183673468604934, 1), (0.19195046439035082, 1), (0.19197207678212952, 1), (0.19199999998463818, 2), (0.19199999999039874, 1), (0.19204389574496544, 1), (0.19206680583748784, 1), (0.19212295867510806, 1), (0.192411924093171, 1), (0.19249999997594006, 1), (0.19273301734711945, 1), (0.1928374655594262, 1), (0.19290888295770878, 1), (0.19294990722846414, 1), (0.19298245597106692, 2), (0.19299743808381203, 4), (0.19299999999034925, 1), (0.1930783241906962, 1), (0.19314641743044167, 1), (0.19316493312086178, 1), (0.19319826337940757, 1), (0.19321148820020906, 1), (0.19321148824056003, 1), (0.19346733665911095, 1), (0.1935483870842872, 5), (0.19354838708897248, 1), (0.19354838709365246, 1), (0.19363395222896532, 1), (0.19363762099672774, 1), (0.19373219372116054, 1), (0.19374999999394676, 1), (0.19386106623273253, 2), (0.19388830347529748, 1), (0.19399538105339642, 1), (0.1940133037683258, 1), (0.194029850717311, 1), (0.19402985073903034, 1), (0.19419642856709, 1), (0.1942148760250344, 1), (0.19423868311158587, 1), (0.1942544459511436, 1), (0.19433647972269102, 1), (0.19444444417444304, 3), (0.19475655427064373, 4), (0.1947565542998147, 1), (0.19478737996989728, 1), (0.19487179486179912, 4), (0.19491525420975675, 1), (0.19508057675831128, 1), (0.19510022271541194, 1), (0.19512195119307235, 1), (0.19519752129980356, 1), (0.19531249999237085, 3), (0.1953124999974564, 2), (0.19543973940307197, 1), (0.19544697389253396, 1), (0.19553072624606, 1), (0.19575856443080664, 1), (0.19580419579734618, 1), (0.19591836726697587, 2), (0.1959183673309436, 1), (0.19598765431796397, 2), (0.1959910912703792, 2), (0.19599109131228515, 1), (0.19599999999608364, 1), (0.1960227272448827, 1), (0.19607843135332587, 1), (0.1961414790933686, 1), (0.1962864721225103, 1), (0.19634263713220879, 2), (0.19636363635649917, 1), (0.19642857142418607, 1), (0.1965897692882036, 1), (0.19666048236746966, 2), (0.19669488109554012, 1), (0.19672131145928345, 1), (0.19674670797678825, 1), (0.1968641114965387, 1), (0.19701492534372844, 1), (0.19708029196600602, 1), (0.19709208400327882, 1), (0.19721329045383232, 1), (0.1972789115512041, 1), (0.1972789115579143, 1), (0.19732441470911896, 1), (0.19733333332807357, 2), (0.19741697415152873, 1), (0.19742489267561825, 1), (0.1974405850019249, 1), (0.19745222928678807, 1), (0.19747899158833826, 5), (0.19753086418533986, 2), (0.19753086418777624, 1), (0.1975308641926536, 1), (0.19753086419482285, 2), (0.19762258542365535, 1), (0.19767441848970976, 4), (0.1977715877161906, 1), (0.19780219779909103, 1), (0.19788664743536152, 1), (0.19794483504489965, 1), (0.1979522183624784, 3), (0.1982300884604808, 1), (0.19844789356874568, 1), (0.19862068965243407, 1), (0.19876733434523983, 1), (0.19879518071690078, 2), (0.1988041853497872, 2), (0.19886363633538973, 1), (0.1989389920160553, 2), (0.19893899201605605, 2), (0.19895287957420932, 1), (0.19901892079894562, 1), (0.19906201145393373, 1), (0.19930069929373218, 1), (0.19935691317046067, 1), (0.19969742813313762, 2), (0.1998078770393846, 1), (0.19981668193950983, 1), (0.19982920580359054, 1), (0.19986675548302033, 1), (0.19999999994117815, 1), (0.19999999997333334, 1), (0.19999999998666668, 5), (0.19999999998709825, 8), (0.1999999999897424, 2), (0.19999999999, 2), (0.19999999999047835, 2), (0.19999999999111112, 2), (0.19999999999184045, 1), (0.19999999999230944, 1), (0.19999999999473447, 1), (0.19999999999511753, 1), (0.19999999999600002, 2), (0.19999999999701626, 1), (0.19999999999714285, 2), (0.20027434841974845, 1), (0.20028076743004183, 1), (0.20028409090624472, 1), (0.20030816639442636, 1), (0.2003231017738251, 1), (0.2003642987213045, 2), (0.20038535644700048, 2), (0.20042643921104156, 1), (0.20044543425379288, 2), (0.20058997048964552, 2), (0.20060180539612765, 1), (0.20060180539612824, 1), (0.20061728394752146, 1), (0.2006651884689531, 1), (0.20070600100756147, 1), (0.2007722006946972, 1), (0.200823045250965, 2), (0.20087336242787698, 1), (0.20098039214701155, 1), (0.20099944474175496, 1), (0.2010582010475609, 1), (0.20109289617266662, 2), (0.2011834319435034, 1), (0.2011834319447227, 1), (0.20118983234071722, 1), (0.20121665886662995, 1), (0.2013129102404161, 1), (0.20138888887490228, 1), (0.20143884891120392, 1), (0.2015371477335381, 1), (0.20157480311786707, 1), (0.201591511925649, 1), (0.20168067226043157, 2), (0.20172910660886292, 1), (0.20186335403413225, 1), (0.20192710515206505, 1), (0.20208023772644468, 1), (0.20212228397976623, 1), (0.20216049382404297, 1), (0.202185792346042, 1), (0.20218863990608688, 2), (0.20227149810599138, 1), (0.2023809523689044, 1), (0.20242914979347273, 1), (0.20272314674121963, 2), (0.20276497695767454, 1), (0.20277777777215014, 1), (0.20295202950157185, 1), (0.20295566500463502, 1), (0.2029702970196562, 1), (0.20298879202736242, 1), (0.20305676855673438, 1), (0.2031249999682633, 1), (0.20312499999206748, 3), (0.20316622690756952, 1), (0.2032136105812101, 1), (0.20324508966348173, 1), (0.20327868852236752, 2), (0.20335316387126307, 1), (0.20338983047974651, 2), (0.2035087718584128, 2), (0.20361990949765546, 1), (0.20370370369112603, 7), (0.20370370370056096, 1), (0.20384615383831622, 2), (0.20400728597077947, 1), (0.20400890868415217, 1), (0.2040816326364015, 2), (0.20408163264611984, 1), (0.2040816326498573, 1), (0.20426344256429188, 1), (0.20437956202887425, 1), (0.20443482963653722, 1), (0.20449264136170114, 1), (0.20454545431301874, 3), (0.20458015264051882, 1), (0.2047244094165808, 2), (0.20475319926124866, 1), (0.20477815692669543, 6), (0.20477815699309285, 1), (0.2048192771022697, 2), (0.20485175199396005, 1), (0.20489977728102537, 1), (0.20502901353568417, 1), (0.20509977826937298, 1), (0.20512820511651225, 1), (0.20518602026998942, 2), (0.20524691357708247, 1), (0.205333333327859, 1), (0.20537124799283418, 2), (0.20541760720029392, 1), (0.2055164954018089, 1), (0.20580474931321832, 1), (0.20580474933493814, 1), (0.20582877959552523, 2), (0.20588235288061915, 5), (0.20593368236628837, 1), (0.20596205961501163, 1), (0.20596590908798348, 2), (0.20597014925065987, 1), (0.2059999999896988, 1), (0.20600222303794202, 1), (0.20608439646307986, 1), (0.20612813367602986, 1), (0.20624999996777219, 1), (0.20630372491654564, 1), (0.20645161288102204, 1), (0.2064516128899093, 4), (0.2065491183618939, 1), (0.20655191559097597, 1), (0.20666097352337293, 3), (0.2066666666528904, 2), (0.20671834619981708, 1), (0.20689655158146011, 1), (0.2068965517173419, 1), (0.20722135007523687, 1), (0.20740740739716731, 1), (0.20744081170152892, 1), (0.2074592074567912, 1), (0.20748299319021873, 2), (0.20759101471566702, 1), (0.20767494354315222, 1), (0.20769230768431865, 1), (0.20771513351882967, 1), (0.20776255705391072, 1), (0.2077678989227511, 1), (0.2078947368366308, 1), (0.20795107032366408, 1), (0.20799999999722543, 1), (0.20802377413015818, 5), (0.20807453415826083, 1), (0.20809248551906182, 1), (0.20811654526101755, 1), (0.20814479637537703, 1), (0.20816326529763154, 1), (0.20833333331886525, 1), (0.20833333331886608, 1), (0.20833333333011844, 1), (0.2084942084137164, 1), (0.2085747392767423, 1), (0.20877458395737677, 1), (0.2088024564952152, 1), (0.20887728454076696, 1), (0.20888888887960697, 2), (0.20895522387747828, 1), (0.2091254752811957, 2), (0.2091743119074152, 1), (0.209195402286827, 1), (0.20930232545969948, 1), (0.20930232550026745, 1), (0.2093541202206329, 1), (0.20935412026060088, 1), (0.20935412026539552, 1), (0.20941176468124245, 1), (0.20947176684500018, 1), (0.20967741932103115, 1), (0.20968356843229252, 1), (0.20969337289397083, 1), (0.2097488921651483, 3), (0.2097902097828743, 2), (0.20987654319691218, 1), (0.20987654320663995, 2), (0.2100840335913775, 1), (0.2101449275286161, 1), (0.21020717533895872, 1), (0.21022727269740968, 1), (0.21052631468144045, 2), (0.2105263156047844, 2), (0.210526315767313, 1), (0.21052631577839334, 1), (0.2105263157820868, 1), (0.21064301551989656, 1), (0.21074815595141447, 1), (0.2108374384028717, 1), (0.21087314661578954, 1), (0.21088435373432454, 1), (0.2109248242281723, 1), (0.21093749999175965, 1), (0.21093749999725053, 2), (0.21122112210523605, 1), (0.21129326046973765, 1), (0.21149897328424747, 1), (0.21151079136538548, 1), (0.21151146466910786, 1), (0.21153846153032543, 1), (0.2116402116178161, 1), (0.21176470587405202, 2), (0.2117847993132078, 1), (0.2117903930107895, 1), (0.2118055555371698, 1), (0.21192052966097452, 1), (0.2120098039085763, 1), (0.2120141342731212, 1), (0.21202185792118108, 1), (0.2120267260560192, 1), (0.2120441051720775, 1), (0.21221864950404162, 3), (0.2123893804933802, 1), (0.21249999999114205, 1), (0.21254355400511454, 3), (0.2126348227879316, 1), (0.21264367814870153, 1), (0.21266540642219606, 1), (0.21276595744269317, 1), (0.21286031042010398, 1), (0.21290322579271298, 3), (0.2129175946528924, 1), (0.21295143212686418, 1), (0.21296296295967945, 1), (0.21299254525637962, 2), (0.21308815575871815, 1), (0.21311475408089428, 1), (0.2132352941019743, 1), (0.21333333333048887, 1), (0.21349274124315146, 2), (0.21350078492600313, 1), (0.21354166666388685, 2), (0.21365294423066025, 4), (0.21372031661705, 2), (0.2137877614235952, 1), (0.21380846320404656, 1), (0.2140992166542813, 1), (0.2141119221359085, 1), (0.21416803953165822, 1), (0.21416982152398983, 1), (0.21417565483711812, 1), (0.21420765027088198, 1), (0.21428571428025053, 1), (0.21428571428134113, 1), (0.21428571428238233, 1), (0.2143790849617168, 1), (0.21450617283619744, 2), (0.21454545450644752, 1), (0.21455576559039433, 1), (0.21464829585100723, 1), (0.2147651006615295, 1), (0.2147727272605289, 1), (0.21487603302233602, 1), (0.21492537313112187, 1), (0.21501014197910495, 1), (0.21501706484274594, 1), (0.21502835538244322, 1), (0.21512247070894147, 1), (0.21520068317309898, 1), (0.21524663676807726, 1), (0.21527777775909238, 1), (0.21527777776282986, 1), (0.21538461537633224, 1), (0.2153846153779882, 1), (0.21543408359436034, 2), (0.21543985636956106, 1), (0.2156862744886629, 1), (0.21595092023215248, 1), (0.21606948967339584, 1), (0.21609862217432352, 1), (0.21614583333051723, 1), (0.2162162161896525, 1), (0.21633315305453568, 2), (0.21635883904441794, 1), (0.21637426899319687, 1), (0.21638655459911907, 1), (0.21641791043161776, 2), (0.2164461247585899, 1), (0.21656050954034517, 4), (0.21675774134395837, 1), (0.21686746987298017, 1), (0.21688613477756108, 1), (0.21690862510304265, 3), (0.21693121692547948, 1), (0.21693907873573687, 1), (0.2169390787357411, 2), (0.21696252464627347, 1), (0.21697754091294286, 1), (0.21699078812247571, 1), (0.21706864563805683, 1), (0.21717791409710674, 1), (0.21719457013083043, 1), (0.2172284643381307, 2), (0.21725239616150818, 1), (0.21729490022052386, 1), (0.2174629324475344, 2), (0.21749999997281363, 1), (0.21751412426305744, 2), (0.21759259258923694, 2), (0.2176063303616697, 1), (0.2176165802883184, 1), (0.21761658029960823, 1), (0.21774193547509002, 1), (0.21776504296746738, 1), (0.21785173978160907, 1), (0.21791044772866738, 1), (0.2180936995118241, 1), (0.2182628061874729, 1), (0.2182890855328464, 2), (0.21842496283666946, 2), (0.21843003405513922, 1), (0.2184602982659467, 1), (0.21848739494880007, 2), (0.21851851851447104, 1), (0.21857923496869583, 2), (0.2186165670329902, 1), (0.21864951767083207, 1), (0.21866666666083678, 1), (0.21874999996581657, 1), (0.21874999999145625, 1), (0.21874999999316408, 1), (0.218749999996582, 1), (0.21879588839138173, 1), (0.21899736147179322, 1), (0.21899999998904976, 1), (0.21904761904631628, 1), (0.21906693711078715, 1), (0.21928166351088596, 1), (0.21932114876779565, 2), (0.21933962263633808, 2), (0.21935483869552402, 3), (0.21937842777991284, 2), (0.21938232161407004, 1), (0.21947873799424622, 1), (0.21951219509220735, 1), (0.21960784312863926, 2), (0.2197802197767694, 1), (0.21981981981585583, 1), (0.21987315005922156, 1), (0.21999999997249886, 1), (0.2199999999853303, 1), (0.21999999999560002, 1), (0.22015915116443785, 1), (0.220275344152655, 1), (0.22032450896293385, 3), (0.22040816317532466, 1), (0.22040816324731732, 2), (0.22047244091016738, 2), (0.22049689440651088, 1), (0.22051282050150983, 1), (0.2205513783908376, 2), (0.2206790123422764, 3), (0.2207357859457957, 2), (0.22075782536340305, 1), (0.2208588956919731, 1), (0.2209302324296892, 2), (0.22103658534900672, 1), (0.2210834553424499, 1), (0.22116903629997425, 2), (0.22128556374898517, 1), (0.2213001382819813, 1), (0.2213114753916997, 1), (0.22132390095784493, 1), (0.22140221400171378, 1), (0.2214532871819088, 1), (0.2214983713234793, 1), (0.2216066481933079, 1), (0.2217194570085623, 2), (0.2217414818808991, 3), (0.22183708838629554, 1), (0.22184300340918392, 1), (0.22222222098737363, 8), (0.22222222220849855, 1), (0.22222222221073526, 1), (0.22222222221516735, 2), (0.22222222221817078, 3), (0.22247972189519233, 1), (0.2224999999721912, 1), (0.22266800398970507, 1), (0.2226890756208934, 4), (0.22272727271462162, 1), (0.22272727271714773, 1), (0.22281167107571573, 1), (0.22294022616764167, 1), (0.22301136363319335, 1), (0.22303473491365633, 1), (0.22306238184728247, 1), (0.22322435172229588, 2), (0.22346368713835427, 1), (0.2236024844685787, 1), (0.2236421725191986, 3), (0.22368421048952844, 1), (0.2237136465224287, 1), (0.2239031769977662, 1), (0.2239382238517768, 1), (0.2239583333304143, 1), (0.22398190044742308, 1), (0.22404371584291655, 3), (0.22405271827927922, 1), (0.2241379309700663, 1), (0.22418136017327353, 1), (0.224215246634257, 1), (0.22426778241739545, 1), (0.2243346007561952, 1), (0.22436849924038718, 8), (0.22448979591263982, 1), (0.22454308088132482, 3), (0.22467402204366452, 3), (0.2247191010815116, 1), (0.22480058011422943, 1), (0.2248062014632474, 1), (0.2248062015329662, 1), (0.22488038276435948, 1), (0.2249093107608839, 1), (0.2249999999437443, 1), (0.22499999997187642, 2), (0.22508038583761525, 1), (0.22513661201939641, 2), (0.22525597261936595, 4), (0.2253086419718339, 1), (0.22546419095153536, 1), (0.22547914315383538, 4), (0.22549019605633142, 1), (0.22564102562945315, 1), (0.2257053291182278, 1), (0.22580645159833507, 2), (0.22585227272406272, 1), (0.2259887005564603, 1), (0.2260096331891075, 1), (0.22606191504516598, 1), (0.22613065326064896, 1), (0.22616407982136363, 1), (0.2261790182846374, 1), (0.22624434388116635, 1), (0.22624434388628384, 1), (0.22625090643754572, 1), (0.22629969412039774, 1), (0.22631578946772615, 2), (0.22648083623496149, 1), (0.22650231123062337, 1), (0.2265624999115148, 1), (0.22666666665155405, 2), (0.22666666666062224, 1), (0.22680412369672562, 1), (0.22683264173902573, 1), (0.2268518518483519, 1), (0.22689075627868735, 1), (0.22692307691434824, 1), (0.22712933752510336, 2), (0.2272047832551957, 1), (0.22727272701450832, 3), (0.22727272725981376, 1), (0.2272727272623967, 1), (0.227272727267562, 1), (0.22727272726949904, 1), (0.22727272727146736, 1), (0.2273156899757252, 1), (0.22734026744224817, 1), (0.22742474915627586, 1), (0.22746781114903367, 1), (0.22754491015238726, 1), (0.22764227638574636, 2), (0.22764227641659698, 1), (0.22766217869699668, 1), (0.22789115645483535, 1), (0.22797927458777673, 1), (0.2279792745995918, 1), (0.2279909706288961, 1), (0.22809917351601547, 2), (0.22813688212494077, 1), (0.22818791945287828, 1), (0.22822299651369038, 1), (0.2282282282053853, 2), (0.22823147647253417, 1), (0.228260869559823, 1), (0.22832980967688232, 1), (0.22837370240633706, 1), (0.22839506171429877, 2), (0.22840409955908736, 1), (0.22850678732514462, 1), (0.22857142856138346, 1), (0.22857142857006588, 1), (0.2287104622759766, 1), (0.22880658434331458, 1), (0.22894736841502294, 3), (0.2289999999885492, 1), (0.2291515590841824, 1), (0.22916666665074953, 2), (0.22931314223780833, 1), (0.22941176463839988, 3), (0.22988505740519116, 1), (0.22995461421391647, 1), (0.22996515679241927, 1), (0.23012552300292383, 1), (0.23039215684862707, 1), (0.23041474654112376, 1), (0.23042836040678055, 2), (0.23046874999099673, 1), (0.23064250411101656, 1), (0.2307692307386262, 1), (0.23076923076035502, 2), (0.23113207546624864, 2), (0.23127753303115756, 2), (0.23129251699893336, 3), (0.23129251699893427, 1), (0.23137254901507026, 1), (0.23140495867131397, 2), (0.23148148137431449, 2), (0.2314814814779094, 1), (0.2315112540118498, 2), (0.23156899810417064, 1), (0.23157894735621354, 1), (0.2316258351377266, 1), (0.2316313823105437, 1), (0.23163841804637642, 1), (0.23176936120792843, 1), (0.23181818180764566, 1), (0.2318229715465559, 1), (0.23193916349368632, 1), (0.23195876287464157, 2), (0.23198594023788888, 1), (0.2319999999814382, 1), (0.23199999998839932, 1), (0.2320441988693896, 1), (0.2322580645011461, 1), (0.23232323229977275, 3), (0.23233908947830192, 1), (0.2323651452089389, 2), (0.2325581393996624, 2), (0.2325581394857157, 2), (0.2325581395168543, 1), (0.23255813952587026, 1), (0.23255813952919127, 1), (0.23255813953362586, 1), (0.2326332794792805, 1), (0.2327188940065329, 1), (0.2327365728602632, 1), (0.23280423277960252, 1), (0.2328042327919142, 2), (0.23291925465476798, 1), (0.23293172686086258, 1), (0.23293172689828334, 5), (0.23298033282199848, 1), (0.2330316742028765, 1), (0.23303834807571774, 2), (0.23306233059172551, 2), (0.23310023309751582, 1), (0.23315118396661222, 1), (0.23333333331777778, 1), (0.23333333332901068, 1), (0.23342175063217122, 1), (0.2334217506507521, 1), (0.23344947733835844, 1), (0.23352165724167737, 1), (0.23385300667890985, 1), (0.23387096773250785, 1), (0.23392461197209466, 1), (0.2339373970268927, 1), (0.2340425531603656, 1), (0.2340425531665966, 2), (0.2341137123667522, 1), (0.23437499997965433, 1), (0.23437499999084505, 2), (0.2344045368564667, 1), (0.23441396507559245, 1), (0.23444283646040395, 1), (0.23446184941652698, 1), (0.23448275860721265, 1), (0.23456790122008495, 1), (0.23460410550305222, 1), (0.23461538460636183, 1), (0.2346938775270685, 2), (0.23469387754304, 2), (0.23469387754304089, 1), (0.23472668809534478, 1), (0.23480083856457454, 1), (0.2348771266485156, 1), (0.23493360571772262, 1), (0.23498694510835352, 2), (0.2350061199452858, 1), (0.23503325942219835, 1), (0.2351145037809023, 1), (0.23515439429370147, 1), (0.23519163762861386, 1), (0.23529411737023043, 16), (0.23529411757785762, 1), (0.23529411761937716, 3), (0.2352941176239888, 1), (0.2352941176371686, 3), (0.2352941176378316, 1), (0.23549201009053394, 2), (0.23554227456453583, 1), (0.23558282207143844, 2), (0.23562152133361755, 1), (0.2356687897939095, 1), (0.23577235771718225, 2), (0.23579545454210396, 1), (0.23580786024141778, 1), (0.23582089548718893, 1), (0.23589743588533976, 1), (0.23593964334381845, 2), (0.23597678916371048, 1), (0.23598820057604725, 7), (0.23599999999528365, 2), (0.23600973235435665, 1), (0.2360801781211403, 2), (0.2361111111045525, 1), (0.2361623616018305, 1), (0.23622047243908487, 1), (0.23653525817676058, 1), (0.2366972476847077, 1), (0.23672424822541685, 1), (0.23673469385822388, 2), (0.23691460054443542, 2), (0.23694779115514653, 1), (0.2369668246333195, 1), (0.2371541501882552, 2), (0.23719676549545418, 1), (0.23720136518366744, 1), (0.23723228994276138, 1), (0.23725055432241082, 1), (0.2372528615975619, 1), (0.23728813555969758, 3), (0.23728813558428163, 1), (0.2373472949306322, 1), (0.23738872402151964, 5), (0.23739495795825563, 1), (0.23744292234732514, 1), (0.2374541003613859, 1), (0.23746701843832999, 1), (0.23749999996288756, 1), (0.23749999998515342, 1), (0.23755656108059806, 1), (0.23770491801330124, 1), (0.23776223774561625, 1), (0.23786191536536466, 1), (0.2380216383233947, 1), (0.23809523808264074, 1), (0.2380952380871398, 2), (0.238193018456044, 1), (0.23846153845236862, 1), (0.23853211001882113, 1), (0.23861566484082464, 1), (0.23861852432906105, 1), (0.23863636360246765, 1), (0.23863636362280702, 1), (0.23865784498490944, 1), (0.23866666666348565, 1), (0.23868312756874402, 1), (0.23870967740395715, 1), (0.23872679041926875, 1), (0.23872679043826425, 1), (0.2388059701254894, 1), (0.23880597013143617, 2), (0.23882896762412423, 1), (0.23890784974780974, 1), (0.2389937106818049, 1), (0.23904813412526096, 1), (0.23909985931939318, 1), (0.2392273402496836, 1), (0.2392566782671747, 1), (0.23926380366630126, 1), (0.2393038433474046, 1), (0.239473684204222, 1), (0.23952095805514736, 1), (0.23955431751538692, 1), (0.23958333333021437, 1), (0.23960302456900723, 1), (0.23962040329304385, 2), (0.2397003744869482, 1), (0.23972602739315502, 1), (0.23974763405427138, 2), (0.2398956975165618, 2), (0.23995656893377101, 1), (0.23999999988000909, 1), (0.23999999993999488, 2), (0.2399999999680015, 1), (0.2399999999840015, 2), (0.23999999999520003, 2), (0.24007561436105612, 1), (0.2401263822685441, 1), (0.24024024021618967, 1), (0.24024640656837132, 1), (0.2404371584655621, 1), (0.24052718285863753, 2), (0.24053452110455398, 2), (0.2405345211559863, 2), (0.2405482041531077, 1), (0.24054982817042767, 1), (0.240681576139708, 1), (0.24072216647535158, 1), (0.2407407407258711, 1), (0.24074074073702786, 2), (0.24086279208963085, 1), (0.2409638554120097, 1), (0.2409638554144285, 1), (0.24101479910337645, 1), (0.24102564101328305, 5), (0.24105461392689442, 2), (0.24118738403557807, 2), (0.24119530413647752, 1), (0.2412114656558068, 1), (0.24123711340082402, 1), (0.24137931030320725, 1), (0.2413793103128204, 2), (0.2414131501424641, 1), (0.24147727269297065, 1), (0.24148606810398476, 2), (0.2414965986312387, 1), (0.24150943395771082, 1), (0.24159663863008532, 1), (0.24167312160928095, 1), (0.24191063172250163, 1), (0.2419354838612105, 1), (0.24197530862206346, 1), (0.24205544286516636, 2), (0.24205748864623078, 2), (0.24210526314514758, 1), (0.2422145328552093, 2), (0.24224519940200281, 2), (0.24225865209030786, 1), (0.24235006119358052, 1), (0.2424999999696872, 1), (0.24259259258809848, 1), (0.24266666666019315, 2), (0.24267782424747297, 1), (0.24272818452931674, 1), (0.2428115015922747, 1), (0.24286258088150478, 1), (0.2428658166215625, 1), (0.24289405683499463, 1), (0.24291115311335218, 1), (0.24302788843652892, 1), (0.24305555553445835, 1), (0.24307692303952416, 1), (0.24313725489719296, 1), (0.24318658279902566, 2), (0.24324324321336258, 1), (0.24324324323385008, 2), (0.24330900242717066, 2), (0.24332344212205223, 1), (0.2433862433733673, 1), (0.2434367541707962, 1), (0.24345022168382188, 1), (0.24347826076370638, 1), (0.24353120242789844, 2), (0.24365482231028737, 1), (0.2437641723217829, 3), (0.2438016528824867, 1), (0.2438220757745062, 1), (0.24382716049006736, 2), (0.24390243897863148, 2), (0.2439024389847322, 2), (0.24390243899134234, 1), (0.24390243902226624, 1), (0.24403183020635877, 1), (0.24403183020636537, 1), (0.24403183022578245, 1), (0.2440366972253173, 1), (0.24408014571504535, 1), (0.24418604636965216, 5), (0.24421052630550502, 1), (0.24424424421979493, 2), (0.24437299033798665, 3), (0.24437299034583698, 1), (0.24444444443991434, 1), (0.24445646295162435, 2), (0.24454148469480547, 2), (0.2445497630215842, 1), (0.24464831796801542, 4), (0.2447058823500644, 1), (0.24473420258327622, 1), (0.24475997295304286, 1), (0.24480874316672438, 1), (0.24484536080896716, 3), (0.24489795908371984, 3), (0.2448979591636818, 1), (0.24489795917459203, 1), (0.24499999998774885, 1), (0.24510514864067384, 1), (0.24512534815527448, 1), (0.24516129030676084, 1), (0.2451612903067682, 1), (0.24519940915080504, 2), (0.24522760645208433, 1), (0.24526748969174833, 1), (0.24528301886406592, 1), (0.24533333332679236, 1), (0.24539877299107965, 1), (0.2454545454489711, 1), (0.24561403487226924, 1), (0.24561403502616588, 1), (0.24590163932410666, 2), (0.24590163933978282, 1), (0.24595469254071214, 1), (0.24597701148011789, 1), (0.24604569419170372, 1), (0.24605678231885897, 1), (0.24609374999038552, 1), (0.2461122379969811, 2), (0.24611973392324554, 1), (0.2461340206026974, 1), (0.24615384614122054, 2), (0.24615384614437782, 1), (0.24615384614879687, 2), (0.2462686566980367, 2), (0.24640657079129555, 1), (0.24644549761865442, 1), (0.2464664310932298, 1), (0.24647122691387363, 1), (0.24653312787006557, 1), (0.2465753424596145, 1), (0.2466124660912475, 2), (0.24662813101169423, 1), (0.2466367712976827, 1), (0.24666666665022524, 1), (0.24671052627521273, 2), (0.24687499996142306, 3), (0.24691358023167131, 2), (0.2469135802382039, 1), (0.24711696869037486, 1), (0.24714828896868585, 1), (0.24719101123317763, 1), (0.24734982331936958, 1), (0.247386759579724, 1), (0.24742268038686158, 1), (0.24742268040387, 2), (0.24758220502422804, 1), (0.2476190475011258, 1), (0.24767801856818372, 1), (0.24770146024744435, 1), (0.2477231329645203, 2), (0.2477876104002151, 1), (0.24781849911875375, 1), (0.24793388429069085, 4), (0.24799999999008182, 1), (0.24810892586238792, 1), (0.2481536188996106, 2), (0.24844720496508585, 1), (0.2485875706074233, 1), (0.24858757061210293, 2), (0.24862888478087478, 2), (0.24867724866409385, 1), (0.24878048779880582, 1), (0.24878312601271604, 1), (0.24886877827491224, 1), (0.24888888887782817, 1), (0.24892703860525062, 1), (0.24905660375478475, 2), (0.24913494807963757, 2), (0.24920127793935434, 1), (0.24925816022999472, 1), (0.24930747921747137, 2), (0.24932249319114885, 1), (0.24933687001330065, 6), (0.24937238492680627, 1), (0.2494456762735617, 3), (0.2494561276106268, 1), (0.24952741020204475, 1), (0.24960505525282906, 2), (0.24962852895619067, 4), (0.24965706446845884, 1), (0.24969400244186965, 1), (0.24986479177798773, 2), (0.2499999997159333, 1), (0.24999999996094083, 1), (0.2499999999858003, 1), (0.249999999990941, 1), (0.24999999999362174, 1), (0.24999999999614284, 1), (0.24999999999674183, 1), (0.2501302761724795, 1), (0.25028968713209104, 1), (0.25040128406895606, 1), (0.250411861606251, 2), (0.25043177892702523, 1), (0.25047258978614256, 2), (0.2505133469711467, 2), (0.25053995678541985, 1), (0.25062656635322583, 2), (0.2506527414489114, 3), (0.25066666665998466, 1), (0.2507645259172097, 1), (0.25078369905562964, 1), (0.25080385851283427, 1), (0.25083612039294884, 1), (0.25085779641536154, 1), (0.2508591065205873, 1), (0.25094517957819146, 1), (0.25094645754325945, 1), (0.2509505703374314, 1), (0.25096525096040634, 1), (0.2510460250835947, 2), (0.25104602509409873, 1), (0.251131221713773, 1), (0.2511773940305936, 1), (0.2512396693799569, 1), (0.25128205126916386, 7), (0.2513089005147903, 1), (0.25133120340252696, 1), (0.2515212981727402, 2), (0.2515723270334768, 4), (0.25170068026355086, 1), (0.2517343904606796, 2), (0.2518518518471863, 2), (0.25188284517774495, 1), (0.2519999999949582, 1), (0.2520281233085336, 1), (0.2521008403096536, 1), (0.2521419828579642, 2), (0.25225225224468023, 1), (0.25228519194690313, 2), (0.25231910945728325, 2), (0.25235404895471575, 1), (0.2523659305834466, 1), (0.25249999996843525, 1), (0.2525252524997455, 1), (0.2525597268762632, 5), (0.25263157894071786, 1), (0.2526817640017534, 1), (0.2527565733651179, 1), (0.25287356321008786, 1), (0.25294117639619734, 1), (0.25301204818261747, 1), (0.2530612244691397, 2), (0.2530864197374575, 1), (0.25308641974918233, 1), (0.2531249999604497, 2), (0.2532110091510806, 1), (0.25322997409476966, 1), (0.2533333333265778, 2), (0.2534435261638186, 1), (0.2536348949878258, 1), (0.2537067545221197, 2), (0.2538461538363914, 1), (0.2538975500548077, 2), (0.25396825395481437, 1), (0.25396825395929706, 1), (0.2540381791389859, 1), (0.254041570427064, 1), (0.2540983606349121, 1), (0.25411061285120873, 1), (0.25418060199818887, 3), (0.25419145483907946, 1), (0.2542372880996771, 2), (0.2542542542288052, 1), (0.25429553263731236, 1), (0.25435540069464746, 1), (0.25441696112849405, 1), (0.254452926206493, 1), (0.2545454544991746, 1), (0.25454545453619837, 1), (0.25464190980081886, 2), (0.25467625899097424, 1), (0.2547528517061856, 1), (0.2548262547278756, 1), (0.25490196075932586, 6), (0.2549246813382406, 2), (0.2550091074634785, 1), (0.25503355703557073, 2), (0.25506072874235597, 1), (0.2551020408098193, 1), (0.2551928783231309, 1), (0.2551928783307034, 1), (0.2552504038730971, 1), (0.2552631578880146, 2), (0.2553191489090189, 1), (0.2554327106357018, 1), (0.25551684086785487, 1), (0.25559105430765555, 2), (0.25568181816729046, 1), (0.2558139533396419, 5), (0.25581395338921825, 2), (0.25587467361588034, 2), (0.25590551180598636, 2), (0.255924170603984, 1), (0.25612052729732, 2), (0.25619128949178177, 1), (0.25624999995995856, 2), (0.25626740943506543, 1), (0.2563025209545578, 1), (0.2563025209814803, 1), (0.2563547863696253, 1), (0.2564102563971072, 6), (0.25644329895255025, 2), (0.256470588232279, 1), (0.25660377358006237, 2), (0.2566782810536168, 1), (0.256695300654304, 1), (0.25677031090704433, 1), (0.256830601088216, 1), (0.25688073386640403, 1), (0.25690376567962714, 1), (0.25692695210870203, 1), (0.25694444442659675, 2), (0.25700164743799586, 1), (0.25710227272361946, 1), (0.2571127502607218, 1), (0.2571428571323597, 1), (0.2571860816866202, 1), (0.2572347266715603, 1), (0.2572944296740988, 1), (0.25733634308607956, 1), (0.25745682888135984, 1), (0.25749559081983964, 1), (0.2577160493787398, 1), (0.2577319587363166, 1), (0.25773195874628047, 2), (0.2577639751512752, 2), (0.25777777776631894, 1), (0.25781249998993044, 1), (0.25789473682853065, 2), (0.2578947368353174, 2), (0.257954545439893, 1), (0.2580645161012806, 2), (0.25806451611238296, 4), (0.2580645161197763, 1), (0.2582056892722444, 1), (0.25833333331180747, 2), (0.25833333332257136, 1), (0.2583333333261625, 1), (0.2583979327497677, 4), (0.25842696624373995, 6), (0.2585066162509818, 1), (0.25855513307002204, 1), (0.25855513307493116, 1), (0.25866666663217747, 2), (0.2587268993308548, 1), (0.2587451415736414, 1), (0.25877632896100383, 1), (0.25890736341427745, 1), (0.2589531680369463, 2), (0.2590673574995308, 1), (0.2591093117382673, 1), (0.25924513915265257, 1), (0.25925925924325766, 4), (0.25938566544048025, 5), (0.2594235033245052, 1), (0.2594936708819713, 1), (0.25959978366544284, 3), (0.25960717335167294, 1), (0.25980392155270526, 1), (0.2598509052127841, 1), (0.2598870056130063, 1), (0.2598870056399328, 1), (0.25994694956764386, 1), (0.25994694958833703, 2), (0.25997952916561085, 1), (0.259999999934998, 3), (0.25999999997400225, 1), (0.2599999999870023, 1), (0.26006191949659574, 1), (0.26016260158371807, 1), (0.2601626015907657, 2), (0.2601626016189627, 1), (0.2601809954692264, 1), (0.26018808776613706, 1), (0.2602118002946953, 1), (0.2602272727124891, 2), (0.2603550295549933, 2), (0.2603773584856567, 2), (0.2604166666440615, 1), (0.2604166666632752, 2), (0.2604735883376992, 1), (0.2605633802358192, 1), (0.2605633802807727, 1), (0.26059654630673945, 1), (0.26068144943071453, 2), (0.26068376067819177, 1), (0.26070763496076294, 1), (0.2607232968859483, 1), (0.2610229276803862, 1), (0.26104023551990024, 1), (0.261096605675955, 8), (0.261127596423677, 1), (0.2612137202821637, 1), (0.2613151152816205, 1), (0.261324041809571, 2), (0.26133333332636327, 1), (0.2613421550032779, 1), (0.2613496932354993, 1), (0.26151560176363453, 1), (0.26153846152505045, 4), (0.261538461528405, 1), (0.2615384615304142, 1), (0.26155580605844825, 2), (0.26168224294173764, 1), (0.26171874998977873, 2), (0.2617283950488013, 1), (0.2617449664341609, 1), (0.2617449664341761, 2), (0.2617483577537982, 1), (0.2617801047029049, 1), (0.26179604260998807, 2), (0.26203208554748386, 1), (0.26206896549916453, 1), (0.26210826209332827, 1), (0.26229508194571627, 2), (0.2622950819457175, 3), (0.26229508196243667, 2), (0.2623574144436853, 2), (0.26254826244689483, 1), (0.2625820568353183, 1), (0.26265822780654446, 1), (0.26268656712497124, 1), (0.2627578718641271, 1), (0.2627599243794246, 1), (0.2627737225893686, 6), (0.2627737226181488, 1), (0.26284478096126035, 1), (0.2629346904133761, 1), (0.26297577853760934, 1), (0.26298342538530484, 1), (0.2629969418799359, 1), (0.26300294405764435, 1), (0.26303854873792243, 3), (0.263079222716551, 1), (0.2631578947299169, 1), (0.26323751890277736, 1), (0.26323751890941266, 1), (0.26332794829946093, 1), (0.2635467980263071, 1), (0.2635914332697332, 3), (0.26359832634880176, 2), (0.263653483982537, 2), (0.2636579572383937, 1), (0.2636655948468287, 1), (0.26380368096541135, 1), (0.26392644672653454, 1), (0.26398210289646484, 1), (0.26408450704132364, 1), (0.26409017709112625, 2), (0.26415094339124245, 2), (0.26415094339290374, 1), (0.2641717115980097, 1), (0.26417769375557393, 4), (0.26419466975053973, 1), (0.2642140468139053, 2), (0.2642487046495285, 1), (0.2643678160767617, 1), (0.2643698365261666, 1), (0.26446280991006776, 1), (0.26451612901519395, 1), (0.2645502645362675, 2), (0.26460481098747196, 2), (0.2646502835476228, 1), (0.26470588227507935, 2), (0.2647058823269944, 2), (0.26470588233997017, 1), (0.26480836236702876, 3), (0.2649656525953884, 1), (0.26499999996687557, 1), (0.26502311246032123, 1), (0.2650242627747291, 1), (0.2650439486121349, 1), (0.2650513949976128, 1), (0.2650602409558768, 1), (0.2652439024188089, 2), (0.2652519893758492, 3), (0.2653061224422144, 1), (0.2653846153744074, 1), (0.2655426764987803, 1), (0.2655601659530703, 1), (0.26560424963272183, 1), (0.26562499999169925, 2), (0.2656249999962244, 1), (0.2656249999965419, 1), (0.2657708099938122, 1), (0.2657894736772137, 1), (0.2657952069600929, 1), (0.2659380692119116, 2), (0.26597582037766976, 2), (0.26597938144192984, 1), (0.26602756141242684, 1), (0.2660550458471513, 1), (0.26615969580736853, 1), (0.2661596958124309, 1), (0.2662116040910192, 1), (0.26626626623961525, 1), (0.2664576802466065, 1), (0.26648351644691126, 1), (0.2666666666074049, 2), (0.2666666666488889, 1), (0.26666666665299377, 8), (0.2666666666548148, 1), (0.2666666666555546, 1), (0.2666666666592631, 1), (0.2666666666595556, 1), (0.2668600434904386, 1), (0.2668699961865541, 1), (0.26688632618560937, 3), (0.2669245647917415, 1), (0.26706231450043716, 1), (0.26708074533746445, 1), (0.26713124272548733, 1), (0.26716140999376936, 1), (0.2671840354752362, 1), (0.2672413792873095, 1), (0.2672605790050614, 1), (0.26726057906161127, 1), (0.2674418603096151, 4), (0.26745164003139366, 1), (0.26755852842361966, 1), (0.2676399026633743, 1), (0.2677595628366491, 1), (0.26788539286295066, 1), (0.2679245282968282, 1), (0.2679830747153739, 1), (0.26818181816658176, 1), (0.26826347305068055, 1), (0.26831036981375905, 1), (0.26834381550237907, 2), (0.2684210526245105, 1), (0.26845637582691445, 4), (0.26847034338671455, 1), (0.26851851851354597, 2), (0.2685332484801629, 1), (0.2686008423010346, 1), (0.2687074829840609, 1), (0.2687338500597563, 1), (0.26874999995800297, 2), (0.2687499999916023, 2), (0.2688296639566906, 1), (0.2689912826832122, 1), (0.2691131497647926, 2), (0.26932989688986353, 2), (0.2693347755528979, 1), (0.26940133037544867, 1), (0.2694300517995144, 1), (0.26947368419917433, 2), (0.2695312499894709, 1), (0.2695652173795861, 2), (0.26958105646139485, 1), (0.269592476484799, 3), (0.2696155871369345, 1), (0.26964560860788517, 1), (0.2697183098582065, 1), (0.2697899838405535, 1), (0.2698412698269941, 3), (0.26984126983270323, 1), (0.26985482493134655, 5), (0.2698961937529538, 2), (0.2699619771811765, 1), (0.26997245178319546, 1), (0.26999999997300456, 1), (0.27001569858288527, 1), (0.27009646300514123, 3), (0.270096463013826, 1), (0.270270270165936, 1), (0.2702702702580961, 1), (0.2704164413181696, 2), (0.27049180325651234, 1), (0.27049180325651356, 3), (0.2704918032565229, 2), (0.2705570291633674, 5), (0.2705882352145371, 2), (0.2706131077651981, 2), (0.2707423580756442, 1), (0.2707692307275726, 1), (0.2707930367452456, 3), (0.27079395084426383, 1), (0.2708719851325683, 1), (0.27091633465055903, 1), (0.270967741918005, 1), (0.27104722787041985, 1), (0.27108433734123205, 1), (0.27115716752787933, 1), (0.271165644155144, 1), (0.2711864405860215, 1), (0.2711864406677541, 1), (0.27121951216866164, 1), (0.27130681817796315, 1), (0.2713987473790643, 1), (0.27140255008613234, 4), (0.27142857138979265, 1), (0.2714776632209143, 4), (0.271659324512789, 1), (0.27169811320242254, 1), (0.27183098591453836, 1), (0.2718749999915054, 1), (0.2719424460412104, 1), (0.2719999999863999, 1), (0.2720478325818796, 1), (0.2721088435281598, 2), (0.27240143368198977, 1), (0.2724458204250077, 1), (0.2725779967069747, 1), (0.27272727241735834, 2), (0.27272727269972974, 2), (0.272727272714876, 1), (0.2727272727210744, 1), (0.27272727272231406, 1), (0.2727272727229987, 2), (0.2728164867463624, 1), (0.2728184553387371, 2), (0.27287319417770634, 1), (0.2728873239196419, 1), (0.27297743531794155, 1), (0.27298050135473606, 1), (0.2729805013912369, 1), (0.2730375425689337, 3), (0.27303754264347907, 1), (0.2730375426574571, 1), (0.2731092436401052, 1), (0.27312775329193484, 2), (0.27312775329393785, 1), (0.2732240437108698, 1), (0.273291925448863, 1), (0.27329192546159303, 1), (0.27331189709732095, 2), (0.2733333333151126, 1), (0.27347611201735417, 4), (0.27350427348868733, 1), (0.2736614386139872, 1), (0.27368421051911, 2), (0.2737127370902839, 6), (0.27376425854471736, 1), (0.2737642585447323, 1), (0.27385892113910554, 1), (0.27387569479258234, 1), (0.27397260273683877, 2), (0.27406199020312483, 1), (0.27416520209932543, 1), (0.27420604182591723, 1), (0.2742749054137993, 1), (0.27430910951332255, 2), (0.2744063324465882, 1), (0.27457466918065765, 1), (0.27466150869874556, 1), (0.27469135801621275, 1), (0.2747603833807316, 1), (0.27484662575001034, 1), (0.27487179486615837, 1), (0.2748863062124802, 1), (0.2749140893376316, 1), (0.2749786507211814, 2), (0.27499999993124147, 1), (0.2749999999828111, 1), (0.2749999999914084, 2), (0.27499999999426705, 1), (0.2751091702936666, 1), (0.2751322751177206, 1), (0.27515400405027685, 1), (0.2752293577729146, 1), (0.2752941176146683, 1), (0.27531645568749125, 3), (0.27534418019081874, 1), (0.2754491017634208, 2), (0.2756680730976523, 1), (0.275824770144533, 2), (0.27586206895088555, 3), (0.27599999998619906, 1), (0.27605633801261525, 2), (0.27631578942823937, 1), (0.2763385146780968, 1), (0.27639751552365377, 1), (0.27646502834885595, 1), (0.2765273311808159, 1), (0.2765432098628879, 2), (0.2767605633793085, 1), (0.27676240201651287, 1), (0.2767710049332229, 2), (0.2768166089773821, 2), (0.2769230768804751, 1), (0.2770167427617317, 1), (0.27710843372381483, 1), (0.2771618625261797, 2), (0.2771653542870594, 2), (0.27732463294364273, 1), (0.2773437499891675, 1), (0.2773497688538221, 5), (0.27737226273322607, 4), (0.27741935482081603, 2), (0.27751196169593, 1), (0.277544796034017, 1), (0.27755102038550417, 2), (0.27755102039683277, 1), (0.2775665399186762, 1), (0.277580071154628, 1), (0.2775919732348656, 1), (0.2776235424609872, 1), (0.2776801405877831, 1), (0.2777777777584881, 3), (0.27777777776063023, 1), (0.2777777777734913, 1), (0.27786752826691735, 1), (0.27801078489947306, 1), (0.27835051545434886, 1), (0.278481012614162, 1), (0.27851458882247393, 1), (0.2785299806522543, 1), (0.27860696514640243, 1), (0.278688524567319, 1), (0.2786885245850905, 1), (0.27871939735297113, 2), (0.27884187082157097, 2), (0.27886710238436224, 1), (0.2788990825432194, 1), (0.2789115646163653, 2), (0.2789197904059691, 1), (0.2789968651993908, 1), (0.2790697672796048, 2), (0.27913279129009033, 1), (0.2791351731406592, 1), (0.27916666665503664, 1), (0.2792321116830986, 1), (0.2792452830136026, 2), (0.279300567101152, 1), (0.2793209876500128, 2), (0.27937915742638714, 1), (0.2794117646887618, 1), (0.27943485085903824, 1), (0.279449260578487, 1), (0.27950310557270225, 1), (0.27956989246109376, 1), (0.2795774647877467, 1), (0.27962085306731593, 1), (0.2797427652643182, 1), (0.2797814207619686, 1), (0.2799227799173763, 1), (0.2799999999720068, 1), (0.2799999999919987, 1), (0.27999999999253333, 3), (0.27999999999599867, 1), (0.2800353356865724, 1), (0.2800608827920846, 3), (0.2800658978490915, 1), (0.2801120448126966, 1), (0.2801514332056247, 1), (0.28019323666985724, 1), (0.28019323670143864, 1), (0.2802802802774744, 1), (0.2802850356227966, 1), (0.2803149606277133, 1), (0.28037383174949954, 2), (0.28040057220594855, 1), (0.28042328040844117, 1), (0.2804878048756046, 1), (0.2804878048764959, 1), (0.2806122448908012, 1), (0.2807017543531464, 1), (0.280922431854051, 1), (0.28093645484010193, 1), (0.2809917355294509, 2), (0.28116710871602646, 1), (0.2811671087384037, 1), (0.2812330989708964, 1), (0.28124999995606637, 1), (0.28124999998901584, 1), (0.281249999991211, 1), (0.28124999999633604, 2), (0.28129395214046443, 1), (0.28131416834894335, 1), (0.2813370473145753, 1), (0.2813688212874304, 3), (0.2813918305583396, 1), (0.28148148145831947, 2), (0.2815789473610063, 2), (0.2816057519455864, 1), (0.28177966101396296, 1), (0.28178315903787654, 1), (0.281786941571074, 1), (0.28181041844095994, 2), (0.28181818179256407, 1), (0.2820512820368179, 1), (0.282105263146009, 4), (0.28211586900342067, 3), (0.2821197102543572, 1), (0.28213610585344806, 1), (0.282208588939743, 2), (0.28222996515433346, 2), (0.28226779251430073, 1), (0.28228228225402485, 2), (0.28228228227945457, 1), (0.2823129251604642, 2), (0.2823179791766487, 1), (0.28235294109341913, 2), (0.2823529411681668, 1), (0.2824999999646864, 1), (0.28260869564778235, 1), (0.28263921384986923, 1), (0.28267254037141387, 1), (0.2826933778362437, 1), (0.2827225129410281, 1), (0.2827586206734055, 1), (0.2828136330469342, 1), (0.28285714285310465, 2), (0.2828618968291897, 1), (0.2828685258851408, 1), (0.28286852589453565, 1), (0.28288219595774666, 1), (0.28292329955561196, 2), (0.2829504232153039, 1), (0.2829581993387221, 1), (0.28301886791918834, 2), (0.2830540037138588, 1), (0.28307692307112015, 1), (0.28315412185364575, 1), (0.28318584045735273, 1), (0.2832244008591189, 2), (0.28333333332742866, 1), (0.2834123222614506, 1), (0.2834467120020724, 9), (0.2835633626062275, 1), (0.28356890459113565, 1), (0.28358208954800623, 1), (0.2836676217724431, 1), (0.2836879432422912, 1), (0.28380386327757706, 1), (0.2838196286095715, 1), (0.2838499184246711, 1), (0.2839116719063774, 2), (0.2839506172664164, 1), (0.28395061727957027, 1), (0.2840023966429962, 1), (0.28410689166186653, 1), (0.28411214952209435, 1), (0.28418708240281426, 1), (0.28421052628587734, 3), (0.28421052630830906, 1), (0.28431372546232025, 1), (0.28431372547626277, 1), (0.2843601895465074, 2), (0.284360189559983, 1), (0.28437499999111404, 1), (0.28447809626671394, 1), (0.2844990548136952, 1), (0.28458049885007963, 3), (0.28458498022589906, 1), (0.2846347606694404, 1), (0.28471001756468256, 1), (0.2848101265732653, 1), (0.2848101265777718, 2), (0.28486646882582084, 1), (0.2848664688342739, 1), (0.28498293514872164, 2), (0.28499242041146855, 1), (0.285050348564796, 1), (0.28505214367821474, 1), (0.285077950993158, 2), (0.28507795099968747, 1), (0.2852233676877912, 1), (0.2852263023008511, 1), (0.2852664576713056, 1), (0.28526645767577585, 1), (0.28531073442298366, 1), (0.2853881278375918, 1), (0.28549382715608823, 1), (0.28551136363230684, 1), (0.2857142855976411, 2), (0.28571428559768086, 2), (0.2857142856734694, 2), (0.2857142856909621, 1), (0.28571428569356677, 1), (0.28571428569573176, 1), (0.2857142856965415, 1), (0.28571428569769136, 1), (0.285714285703258, 1), (0.28571428570457086, 1), (0.28571428570490426, 1), (0.28571428570612245, 1), (0.2857142857071266, 1), (0.28571428570979734, 2), (0.28571428570985014, 1), (0.2857142857102041, 1), (0.28588957053460934, 1), (0.2859168241898419, 1), (0.28621908126955703, 1), (0.2863636363473697, 1), (0.286382779596226, 1), (0.2864137086833209, 2), (0.2864197530722733, 1), (0.2864721485031165, 2), (0.28647214852592195, 2), (0.28653707703177556, 3), (0.286567164174828, 1), (0.28659476114894994, 1), (0.2866414277972598, 2), (0.2866894196973775, 1), (0.28670120897852386, 1), (0.286778398499564, 1), (0.2868852458781244, 1), (0.28703703703260974, 1), (0.28707782671486465, 1), (0.28716461201688714, 1), (0.2871794871647612, 1), (0.2871794871735963, 3), (0.28733031673557635, 1), (0.2874251496661741, 1), (0.2874743325898419, 1), (0.28749999995507397, 1), (0.28749999999101705, 2), (0.28753993609611245, 1), (0.28758169933387556, 1), (0.28759894458344326, 1), (0.28762541805058206, 1), (0.28767123285700813, 2), (0.2877230935625315, 1), (0.2877697841036485, 1), (0.28794642856499847, 1), (0.28797468353974415, 1), (0.2880597014882406, 1), (0.2881355932172845, 2), (0.28814872191875834, 2), (0.28820116051371253, 1), (0.2882096069617339, 1), (0.28822495605314025, 2), (0.28827977315008907, 2), (0.2884990253298679, 1), (0.28858024690912776, 1), (0.2885844748594874, 1), (0.28861330323690954, 2), (0.2886363636199658, 1), (0.28863868986102964, 1), (0.2886597937846699, 1), (0.28872848415942604, 1), (0.288763339609891, 1), (0.28880475932780564, 1), (0.28881987577191087, 1), (0.2888402625757323, 1), (0.28911564624866976, 1), (0.289124668396669, 1), (0.28921568626033733, 3), (0.2893890675148104, 1), (0.28943937417759, 1), (0.2895705521294757, 1), (0.28957528956410933, 1), (0.2896379525556813, 1), (0.2896725440441162, 1), (0.2896935932744146, 1), (0.289697908595743, 1), (0.28971962614114105, 3), (0.2897327707046787, 1), (0.28974456728825876, 1), (0.289855072417094, 1), (0.28985507245326586, 1), (0.2899022801145531, 1), (0.28995057659671253, 1), (0.28999999996374914, 1), (0.29001883238079246, 1), (0.29012345677221657, 1), (0.2901785714220945, 1), (0.290220820170965, 1), (0.2903225806264308, 1), (0.2903225806347524, 1), (0.2904656319274343, 1), (0.29050279328797773, 1), (0.2906249999909201, 1), (0.2906574394262543, 2), (0.29069767424959453, 3), (0.2908011869349961, 1), (0.29080459768443656, 1), (0.2908324552129558, 1), (0.290836653374865, 1), (0.29090909089256184, 1), (0.29094947249911507, 1), (0.29100529098989425, 2), (0.29101168883397355, 1), (0.29113924050172374, 1), (0.29126213586577565, 1), (0.29128205127607254, 1), (0.2913063267960247, 1), (0.29131652660520274, 1), (0.2914285714244094, 1), (0.29157427937754304, 1), (0.2917771883134341, 2), (0.29179978700124104, 1), (0.29182389936739617, 2), (0.29193899780863225, 1), (0.2919708028770836, 7), (0.2919999999853988, 1), (0.2920497566236232, 1), (0.2920634920542214, 1), (0.2920667003507631, 1), (0.2921083627453365, 2), (0.29223744291347536, 1), (0.2923076922964506, 1), (0.29239766078451646, 1), (0.2925170067861401, 3), (0.29268292678167124, 1), (0.292682926824172, 1), (0.29268292682764674, 1), (0.2927756653936757, 1), (0.2929659173101564, 1), (0.29297458893434025, 1), (0.2930817610044483, 1), (0.2931228860999853, 4), (0.2931726907041901, 1), (0.29319371712401815, 1), (0.2932454695125812, 2), (0.293251533724342, 2), (0.2932551318788111, 1), (0.2933503022496556, 1), (0.2935779815616046, 2), (0.2935779816244412, 1), (0.2937499999908232, 2), (0.29376854595048174, 1), (0.2937853107233967, 2), (0.29384436699803146, 1), (0.2938596491099153, 1), (0.29387755099642, 1), (0.2939068100253017, 1), (0.2939698492093004, 1), (0.2939759036002969, 1), (0.2939866369055688, 1), (0.29411764697231785, 1), (0.29411764699703496, 5), (0.29411764702998877, 1), (0.29411764705216903, 2), (0.29425287354630747, 1), (0.2942857142815089, 1), (0.29430379745903934, 2), (0.29431438126106224, 1), (0.29433051866172816, 1), (0.29436619718206336, 1), (0.29447852758929627, 1), (0.29454545449190167, 1), (0.29467084638575003, 1), (0.2947799385814808, 1), (0.2947937795788069, 2), (0.2948846539323083, 1), (0.2949476558809769, 1), (0.29504232164330835, 1), (0.2950474183319802, 1), (0.2950819671889298, 1), (0.29508196720773605, 1), (0.2952029520022868, 1), (0.2952548330300477, 2), (0.2952947539194407, 1), (0.2953020134129159, 3), (0.2953776775315249, 2), (0.2953846153785581, 1), (0.2954128440095949, 1), (0.2954545451188479, 6), (0.2954924874544684, 1), (0.29577464783525176, 2), (0.29586935638524386, 1), (0.2959183673368753, 1), (0.29599999998815907, 1), (0.2960526315302571, 1), (0.29629629627800275, 2), (0.2962962962806208, 1), (0.29629629628338394, 3), (0.29629629628584386, 1), (0.29629629629223114, 1), (0.2965299684355526, 2), (0.29654036242844983, 2), (0.29657794675678895, 2), (0.29668411866329225, 1), (0.2967359050357048, 3), (0.29677419352924184, 1), (0.2967741935420088, 1), (0.2968270214882948, 1), (0.2968369829611493, 2), (0.29687499995362854, 2), (0.2968749999907227, 2), (0.29687499999578115, 1), (0.2969004893867204, 1), (0.29692832763998617, 1), (0.2969984201742492, 2), (0.2970085470022029, 1), (0.2970297029282866, 2), (0.2970822281009523, 2), (0.2971175166280666, 3), (0.2971428571386148, 1), (0.29719626167668967, 2), (0.29743589742064197, 1), (0.2974358974297962, 3), (0.2974683543833102, 1), (0.29746835442567565, 2), (0.29749103941585914, 2), (0.29755178906600954, 1), (0.2975734354854695, 1), (0.29763246896306117, 1), (0.29764065334673023, 1), (0.29767865269468713, 1), (0.297731568991075, 1), (0.29780464523392325, 1), (0.2978056426285602, 1), (0.29787234040018107, 2), (0.29787234041919425, 1), (0.2979094076629093, 1), (0.2981366459442129, 1), (0.2981530342929237, 1), (0.29818956335893143, 2), (0.29827315541132987, 1), (0.2983193277185541, 2), (0.2985397512152583, 1), (0.29858657243552433, 1), (0.29861888763349664, 1), (0.2986425339276423, 1), (0.29880728185719097, 2), (0.2988966900402329, 1), (0.29903536976530265, 1), (0.29906542053280377, 2), (0.29907731465799864, 1), (0.2990825687798997, 1), (0.2991409802900531, 1), (0.2991689750278116, 1), (0.2992957746215385, 2), (0.2992957746468335, 1), (0.2993197278809742, 3), (0.2994791666647167, 1), (0.2995008319367891, 1), (0.2995169081643308, 1), (0.2995815899456232, 1), (0.2996214169805324, 2), (0.29974160205169026, 1), (0.29979466112940695, 1), (0.29987908101450944, 1), (0.2999999999750019, 1), (0.299999999985, 3), (0.2999999999875019, 2), (0.30015797786729254, 1), (0.30016313212723833, 1), (0.3003412968258213, 1), (0.3003754692990737, 1), (0.3004211511450606, 1), (0.30044345897837776, 1), (0.3006134969140712, 3), (0.30065359475814063, 2), (0.30070422535105257, 1), (0.3007600434147261, 1), (0.300778909524862, 2), (0.30079155672029834, 1), (0.3008849557344549, 2), (0.3009027080941915, 1), (0.30090270809419234, 1), (0.3010033444715386, 2), (0.30120481926501214, 3), (0.3012048192680356, 1), (0.30124223602016803, 1), (0.30131004366154773, 1), (0.30131998177963937, 1), (0.30140845070316535, 1), (0.3014925373089336, 1), (0.30150753766680083, 2), (0.30158730157134733, 1), (0.30172413790502467, 1), (0.3017847485110783, 1), (0.30188679244713423, 2), (0.30193905816755384, 2), (0.30197723187356557, 1), (0.30198019800485376, 2), (0.3020134228086577, 1), (0.30204081620324674, 2), (0.3021126760552781, 1), (0.3021223470623918, 1), (0.3022113021741794, 1), (0.30225711481251666, 1), (0.30232558121956776, 2), (0.3023255813719177, 1), (0.30236794170669423, 2), (0.3023872678884705, 6), (0.3024054982713932, 1), (0.3024691357837889, 1), (0.3025641025485853, 5), (0.30263157893940446, 1), (0.3026706230555815, 1), (0.30267062312743215, 2), (0.3027375200800734, 1), (0.30285714285281373, 1), (0.3028720626473676, 1), (0.3028785982098971, 1), (0.30296827020874134, 1), (0.3030303030219555, 1), (0.3031249999526361, 1), (0.3031249999905288, 1), (0.3031301482601947, 1), (0.3031446540861426, 1), (0.30320699699615494, 1), (0.3032258064320529, 2), (0.30322882545482926, 2), (0.30327868849973527, 1), (0.3034055727460307, 1), (0.30349013654753537, 1), (0.30357142854432223, 1), (0.30362116987414933, 1), (0.3036437246902091, 1), (0.30375426620642026, 1), (0.3037974683496204, 1), (0.3039215685976573, 1), (0.3039215686125554, 1), (0.3039999999918958, 1), (0.30403800474337256, 1), (0.3041647168914174, 1), (0.30418250949413544, 2), (0.3043478260767787, 1), (0.30441400303487304, 4), (0.30447761189485767, 2), (0.30449826987512657, 1), (0.3045525902620962, 1), (0.304621848707498, 1), (0.3046357615692316, 1), (0.30465949819696586, 1), (0.3046770601309164, 1), (0.30477031801850896, 1), (0.30479452054272876, 1), (0.3048780487730518, 1), (0.30490018147713993, 1), (0.3049759229045028, 1), (0.3049932523603003, 1), (0.30501089323289726, 2), (0.30508474571961575, 2), (0.3051897753655688, 1), (0.30519480517498704, 2), (0.305263157878668, 2), (0.3052631578867012, 3), (0.30529300566386536, 1), (0.3053435114115316, 1), (0.3054298642464832, 2), (0.30563798215049875, 1), (0.30566037735272, 2), (0.3056818181644492, 1), (0.3057851239543056, 2), (0.3058103975348124, 5), (0.3058419243881183, 3), (0.30603649976459363, 2), (0.306049822042288, 1), (0.30612244896917973, 2), (0.3061564059798304, 1), (0.30623818524796315, 1), (0.30624999995214497, 1), (0.30627306270237303, 1), (0.306306306275645, 1), (0.30642504117607083, 2), (0.306451612890863, 1), (0.30646235840729935, 1), (0.3065693430209245, 7), (0.3066104078331072, 1), (0.3066361555362403, 1), (0.30669546435622175, 1), (0.30672268901119404, 1), (0.3067226890627407, 1), (0.30674846623884955, 1), (0.30678197540706503, 1), (0.30687830684583095, 1), (0.30690806820125405, 1), (0.3069544364361213, 1), (0.30696202530674294, 1), (0.30697239120118175, 4), (0.3070175438461833, 1), (0.3071297988469611, 1), (0.3071428571209151, 1), (0.30716723539004803, 5), (0.30722891565339083, 1), (0.30723781387570853, 1), (0.30729166666266355, 1), (0.307407407401713, 1), (0.3074534161442895, 1), (0.3076923076558975, 1), (0.30769230767598865, 5), (0.3076923076765286, 1), (0.3076923076783018, 1), (0.30769230767878275, 2), (0.307692307685344, 1), (0.3076923076868662, 1), (0.3076923076890632, 1), (0.3078450843785663, 1), (0.30788804067329206, 2), (0.30830039521629427, 2), (0.3083038869230722, 4), (0.30853994489508324, 1), (0.30858346496532, 1), (0.30864197530387916, 1), (0.3087027914512735, 1), (0.30871737921661785, 1), (0.3088023087978598, 1), (0.3088512240938308, 1), (0.3089064261207555, 1), (0.30897009965750755, 1), (0.30909090903470865, 2), (0.3091374893200856, 1), (0.309187279149212, 1), (0.30922693265290846, 1), (0.30927835048357993, 1), (0.30927835050483554, 1), (0.30936819170765395, 2), (0.3093749999903349, 1), (0.30939226515918405, 1), (0.30942334735450927, 1), (0.3094339622583143, 1), (0.3095238095132786, 1), (0.30957523397905257, 1), (0.30959752321022965, 1), (0.3097199340919395, 2), (0.3098373353965158, 1), (0.3099173553590945, 3), (0.30996309960240087, 1), (0.3100706713753538, 1), (0.31010452961401946, 1), (0.31012658222940603, 1), (0.31012658226866524, 1), (0.3101265822735723, 1), (0.31020408160732654, 2), (0.3102189780908682, 1), (0.3103448275813445, 1), (0.3103879849423743, 1), (0.31040564372802615, 1), (0.3105590061918914, 1), (0.31063829786572916, 1), (0.3106898367398314, 1), (0.3106918238974148, 1), (0.3107159569475385, 1), (0.31083202511286245, 2), (0.3108454312500293, 1), (0.3108808290128589, 1), (0.31092436972177545, 1), (0.310924369734834, 3), (0.3109540636014936, 1), (0.31096911607431227, 1), (0.31107954545012484, 1), (0.311083123406103, 1), (0.3111111110765445, 1), (0.3112244897879807, 1), (0.31137724547169426, 1), (0.31147540981054067, 2), (0.3115197403985309, 2), (0.31168831166807337, 1), (0.3117505994456249, 1), (0.31175059950543127, 1), (0.3117870722314846, 1), (0.3117870722314992, 1), (0.3117913832022796, 2), (0.3118081180524161, 1), (0.31181102357294627, 1), (0.3118279569780644, 1), (0.3118374558276334, 1), (0.31184668989274833, 1), (0.31187410582090214, 1), (0.3118811881033701, 1), (0.31189083819446844, 1), (0.31190926275255526, 2), (0.311926605485517, 3), (0.3120488617261498, 1), (0.3120567375665187, 1), (0.3120879120536204, 1), (0.31211498966897205, 1), (0.3121597096075413, 1), (0.3121869782711039, 1), (0.31224489795281507, 1), (0.31231231228105, 1), (0.31249999967448844, 1), (0.312499999951173, 1), (0.3124999999902344, 1), (0.31249999999593026, 1), (0.3127962085011538, 1), (0.3128205128044661, 1), (0.3129357087504817, 1), (0.3129973474635069, 7), (0.31301939053836175, 1), (0.3130193905773752, 2), (0.3131313130996867, 1), (0.31314623337331965, 1), (0.3131524008219972, 2), (0.31325301198529165, 1), (0.31325301203875977, 1), (0.3132911392305911, 1), (0.31329113923555185, 2), (0.31330977617040195, 2), (0.313315926811143, 1), (0.31333333331244745, 1), (0.31338582676918736, 1), (0.31347962372618215, 1), (0.31352363125730714, 1), (0.31353919238415584, 1), (0.31355932198961356, 1), (0.3135888501687523, 2), (0.31358885017148513, 1), (0.31372549018241064, 2), (0.31376146786112147, 1), (0.31379962192223215, 1), (0.3138461538364915, 2), (0.31392045454099426, 1), (0.3139534881895575, 4), (0.3139604553606118, 2), (0.31398416882401153, 1), (0.31399317395426507, 1), (0.3139974779220045, 2), (0.3140186915770494, 2), (0.31404958676388334, 1), (0.31404958676821093, 1), (0.31411042942858225, 1), (0.3141361256380034, 1), (0.3141361256462299, 1), (0.3142613151099205, 1), (0.3142857142812245, 1), (0.3142857142834694, 1), (0.31438127089249507, 1), (0.3144004589751658, 1), (0.3144796380019366, 1), (0.3144848954274629, 1), (0.3145400593285108, 1), (0.314574314569777, 2), (0.3146067415225399, 1), (0.31462799494594546, 1), (0.3147321428501159, 1), (0.31473533614953575, 2), (0.31481481480898493, 3), (0.31496062987166146, 2), (0.31502423262819035, 1), (0.31512605038706626, 1), (0.31515877770931533, 1), (0.31521739129690024, 1), (0.3152317880711221, 1), (0.3152941176396423, 2), (0.3153409090864273, 1), (0.3153674832934051, 1), (0.31537102473219664, 3), (0.31538461537248696, 1), (0.31541218636862184, 1), (0.31543624160015665, 1), (0.3154574132293082, 2), (0.3154929577453693, 1), (0.3155216284585807, 3), (0.31552162849604976, 1), (0.31562499995068044, 2), (0.3156249999901375, 1), (0.31568998108894913, 1), (0.3156996586976848, 1), (0.3157216494641921, 1), (0.31572327043826476, 1), (0.3157894736472831, 1), (0.315789473670357, 1), (0.31578947367091414, 1), (0.3157894736727503, 1), (0.3157894736744427, 2), (0.3158890289938239, 1), (0.3159090908911445, 1), (0.31591173052752786, 1), (0.31603408210444756, 1), (0.3160434257761114, 1), (0.3160493826900388, 4), (0.31606217616306853, 1), (0.3161222339271217, 1), (0.31612903223766764, 1), (0.3161512027382779, 3), (0.31622176584882317, 2), (0.3162583518226625, 2), (0.3163313055670715, 1), (0.31635802468647617, 1), (0.3163841807790479, 1), (0.31640624998764166, 2), (0.31645569615245844, 1), (0.316455696192517, 4), (0.31654676257474124, 1), (0.3166226912719914, 1), (0.316666666640274, 3), (0.3166666666608008, 1), (0.3166904422208724, 1), (0.3167420814407974, 5), (0.3167701863157306, 1), (0.31677018633048587, 1), (0.31683168315263116, 1), (0.3169398907069187, 1), (0.31698113206949435, 2), (0.3170731706887435, 1), (0.3171077504650985, 1), (0.31711145996362156, 1), (0.3172268907229811, 1), (0.3173277661662867, 1), (0.31746031742672415, 1), (0.317460317443521, 1), (0.3175355450086503, 1), (0.3176214648065538, 1), (0.3176396735708795, 1), (0.31772575249773516, 3), (0.3177892918798129, 1), (0.31782945733969664, 1), (0.3178621659187235, 1), (0.3179487179324152, 7), (0.3179916317725495, 1), (0.31802120141061807, 1), (0.3181818178202729, 5), (0.31818181816735536, 1), (0.3181818181686722, 1), (0.31830238722568666, 1), (0.318302387225693, 1), (0.318302387251019, 3), (0.3183279742662944, 1), (0.31836734691278445, 1), (0.31841109708958426, 1), (0.31843575418105224, 1), (0.31845597104177503, 1), (0.31852551984124516, 1), (0.3185378589246722, 1), (0.3185840705145407, 1), (0.3187250995592632, 1), (0.31877729256945736, 1), (0.31884057965880436, 1), (0.3189045936367599, 1), (0.31895687057984456, 1), (0.3190045248796582, 3), (0.31905465287092744, 1), (0.31913897987684015, 1), (0.3191489361634224, 1), (0.3191881918524718, 1), (0.3193916349688484, 2), (0.31947069942534295, 1), (0.3195592286413324, 1), (0.31958762883303493, 2), (0.31959629940858175, 1), (0.31962025315444287, 1), (0.3196202531594966, 1), (0.3196721311423005, 1), (0.319718309858033, 1), (0.3197278911455908, 3), (0.31978319778864867, 1), (0.3198458574057847, 1), (0.3198757763925466, 1), (0.31995477669192035, 1), (0.31999999994181655, 2), (0.31999999996800454, 5), (0.31999999999015666, 1), (0.3199999999914667, 2), (0.31999999999343404, 1), (0.32015065912165214, 1), (0.3201730665207118, 1), (0.3202453987533606, 2), (0.3202898550492552, 1), (0.32031249998749, 2), (0.3206106869821089, 1), (0.32061068700658274, 1), (0.3206106870201827, 1), (0.320641282558704, 1), (0.3207547169750801, 1), (0.32080200500448364, 1), (0.32081911262251134, 1), (0.32083333331996716, 1), (0.32086167798634735, 3), (0.3209876542945669, 1), (0.32098765429456766, 1), (0.32105263157049385, 1), (0.32107023410297525, 1), (0.32112676056225214, 1), (0.321167883164782, 5), (0.32124352328277483, 2), (0.3212435232994205, 2), (0.32132963984469026, 1), (0.3213610585950588, 1), (0.3215909090726411, 1), (0.32161874333713125, 1), (0.3217550273634801, 1), (0.3218309859143585, 1), (0.3218390804491993, 1), (0.32189973613926526, 1), (0.3219178081971283, 2), (0.3219466541866088, 1), (0.32198142413864167, 3), (0.32199546483435465, 1), (0.322008862619733, 1), (0.3221757322040953, 1), (0.3222748814860503, 2), (0.32227488150131234, 1), (0.3223021582710639, 1), (0.32232232229006025, 1), (0.3224351747099861, 1), (0.32244008713191896, 2), (0.32244318181359916, 1), (0.32244897958525987, 1), (0.3225806451092603, 1), (0.3226337448294179, 3), (0.3226993864832692, 1), (0.32275132273424756, 1), (0.32277882796968793, 1), (0.32278481012147614, 2), (0.3227953410874298, 1), (0.3229036294965053, 1), (0.3229166666645635, 1), (0.3229398663661136, 1), (0.3229706390300225, 1), (0.32304900180315993, 1), (0.3230769230603527, 2), (0.32311977715697426, 1), (0.3231292516823619, 1), (0.32312925168968976, 1), (0.32314410479644223, 1), (0.3232514177617395, 1), (0.32335329337445545, 2), (0.32337434093766937, 1), (0.32340425531226413, 1), (0.3234390992768996, 1), (0.3234536082265808, 1), (0.3234880449615357, 1), (0.3235294117488481, 1), (0.3235747303294613, 1), (0.3236074270127842, 1), (0.32375189106433505, 1), (0.32375979103818653, 1), (0.323818437059785, 1), (0.3238359972180438, 1), (0.3238512034302205, 1), (0.3238636363452372, 1), (0.3239171374642564, 1), (0.3239740820711015, 1), (0.3240997229871966, 1), (0.32415902138689834, 1), (0.32419354838448083, 1), (0.3242688558218344, 1), (0.32427983536426036, 1), (0.324324324265882, 1), (0.32432432429186003, 1), (0.324489795911747, 1), (0.32449972958180356, 1), (0.32460732982593626, 1), (0.3246073298316005, 1), (0.3246153845904163, 2), (0.3246478873228031, 1), (0.3246753246542423, 4), (0.32473118278871843, 1), (0.324786324784863, 1), (0.32487309642314344, 1), (0.32499999994921597, 2), (0.32499999995937784, 1), (0.32499999998984663, 1), (0.3250688705144601, 3), (0.3250883392197425, 2), (0.32514177692993507, 1), (0.32516703778948985, 1), (0.32520325197964295, 2), (0.3252173913015206, 1), (0.32532920216634165, 1), (0.3253588516590719, 1), (0.3253757736458815, 1), (0.3254156769518904, 1), (0.325434439127104, 1), (0.3255813951595472, 1), (0.3255813952983548, 1), (0.32558139532720215, 1), (0.3256505575966058, 2), (0.32569974550562986, 4), (0.3258594917690281, 1), (0.32587859424225984, 1), (0.3259259258991028, 1), (0.325943678847658, 1), (0.3259493670782911, 1), (0.3259493670834485, 2), (0.3259717314458843, 1), (0.3261538461438079, 1), (0.3262295081913748, 1), (0.3262411347286365, 1), (0.3263009844829378, 3), (0.3263157894565121, 1), (0.32638888886621875, 2), (0.3264604810884375, 1), (0.3264852859341207, 1), (0.32648762504863377, 1), (0.3265306121782575, 1), (0.3265306122182424, 3), (0.3265306122382341, 1), (0.32661290321263053, 1), (0.3266475644511978, 2), (0.32666666664489497, 1), (0.32667876586836064, 1), (0.3267326732511532, 1), (0.3268538516895087, 1), (0.32685512367202413, 1), (0.32686567163691377, 1), (0.32686980608513416, 1), (0.32688927942611906, 1), (0.32696390656785007, 1), (0.32701421799397984, 1), (0.327050997780892, 3), (0.3271276595309677, 1), (0.32716049382211265, 1), (0.3273137697147508, 1), (0.32731958760777513, 1), (0.3273960983856907, 1), (0.32740213519247763, 1), (0.32740213520802486, 1), (0.3274336283156864, 1), (0.3274853800786531, 1), (0.32750472589018226, 1), (0.3275862068400684, 2), (0.3276450510827185, 1), (0.3276595744611059, 1), (0.3276595744611156, 2), (0.32766439907439415, 1), (0.32768361577293253, 1), (0.3276836158006935, 1), (0.32768361580686917, 2), (0.3276836158181795, 1), (0.3276923076671043, 1), (0.32771961764553104, 1), (0.3277310924094331, 1), (0.32773109242320253, 1), (0.3277777777717087, 1), (0.3278688524321407, 1), (0.3278688524321422, 1), (0.32786885245304376, 1), (0.32804232802497413, 2), (0.3280542986351116, 1), (0.32807570975848344, 1), (0.3281249999487352, 1), (0.32812499999572436, 1), (0.3281733746028547, 2), (0.32823365785585523, 1), (0.32824427476739754, 1), (0.3284072249481641, 1), (0.3284403669423459, 1), (0.3284807763968446, 1), (0.3284978942427299, 1), (0.32857142856908167, 1), (0.3285939967885338, 1), (0.3286219081243057, 1), (0.3286978508175895, 1), (0.3287671232776615, 1), (0.3288409703060851, 1), (0.3289124668260554, 2), (0.3289719626045227, 1), (0.3290043289995832, 1), (0.3290322580114488, 1), (0.32904884310307253, 1), (0.3291925465634021, 1), (0.32921810699136933, 1), (0.3292682926427643, 3), (0.3293172690101866, 1), (0.32931726906308173, 1), (0.3293950850583805, 1), (0.3294117646671227, 1), (0.32942708333118775, 2), (0.32954545452673384, 1), (0.32956381259564677, 1), (0.32963988919210097, 1), (0.32972628896691597, 1), (0.3297297297208194, 1), (0.32981530342137716, 1), (0.3298969071952393, 1), (0.32993197277789527, 4), (0.32997481104156556, 1), (0.3299999999670068, 2), (0.3299999999834997, 1), (0.33009708731455456, 1), (0.3301384451473884, 1), (0.33018867923749484, 1), (0.3303167420739724, 1), (0.3303684879267451, 1), (0.33040421791457675, 1), (0.3305785123830341, 1), (0.3306233061882617, 4), (0.33067274799701984, 1), (0.3306818181630319, 1), (0.33070866136524807, 1), (0.33076923075650977, 1), (0.330788804029158, 1), (0.33078880406844086, 1), (0.3308270676194225, 2), (0.3308746048437169, 1), (0.3309002432928969, 1), (0.33090024330094986, 1), (0.33090909090307524, 1), (0.33093525173904087, 2), (0.33106575961841916, 1), (0.33115468408143234, 3), (0.331173506117126, 1), (0.3311897106002816, 1), (0.3312101910617095, 1), (0.3312499999482426, 2), (0.33124999998964916, 1), (0.3312883435379596, 1), (0.33132530119483916, 2), (0.331402085739713, 1), (0.3315118397025187, 1), (0.33168316830041417, 1), (0.3317073170650781, 1), (0.33175355447092525, 2), (0.3317535544866473, 1), (0.33179012345167014, 1), (0.33181818179932987, 1), (0.3318284424004706, 1), (0.33187772922866243, 1), (0.33196159121630114, 1), (0.33203124999783806, 1), (0.3320754716918459, 1), (0.3321033210025733, 1), (0.33215547702886894, 1), (0.33224043715483986, 1), (0.3322615219602645, 1), (0.3323782234766587, 1), (0.33240997228996183, 1), (0.33240997229456576, 1), (0.3324538258487458, 1), (0.3325301204418623, 2), (0.3327586206839211, 2), (0.33276450511377587, 1), (0.3327787021519879, 1), (0.3329253365891558, 1), (0.3330543932915058, 1), (0.33333333325925923, 2), (0.33333333326640463, 1), (0.33333333327091225, 1), (0.3333333332962963, 1), (0.33333333329967096, 2), (0.33333333330065174, 1), (0.3333333333162393, 1), (0.33333333331699716, 3), (0.3333333333199541, 1), (0.33333333332199416, 1), (0.3333333333244445, 2), (0.33333333332679743, 1), (0.3333333333311617, 1), (0.33376288657643366, 2), (0.33380884450308573, 1), (0.3339191564030265, 2), (0.33392226148114856, 2), (0.33393829399877034, 1), (0.3339449540978018, 1), (0.3340292275434637, 6), (0.3340757237563299, 2), (0.3341288782018733, 1), (0.33419023127656067, 1), (0.3342175066135736, 3), (0.33426183843824925, 1), (0.3343283582039666, 1), (0.3343589743521195, 1), (0.33438485802306384, 1), (0.3344051446730313, 1), (0.3344481605239317, 3), (0.3344671201624441, 2), (0.3344709897553834, 1), (0.33449477349585033, 2), (0.3345123799865122, 1), (0.33454545453937357, 1), (0.33461538460251655, 1), (0.33469387752370033, 1), (0.33470507544122674, 1), (0.3347280334587983, 1), (0.33474576270831785, 1), (0.3348017620997896, 1), (0.33497536944712886, 1), (0.3350515463701639, 1), (0.3350604490385136, 1), (0.33507853385597824, 1), (0.33507853401386917, 3), (0.3350895679627509, 2), (0.3350923482761204, 1), (0.3351955307075314, 1), (0.33521657249208625, 1), (0.33529411754843835, 1), (0.3353733170052559, 2), (0.3354037266976635, 2), (0.3354231974869061, 1), (0.33543505673595686, 2), (0.33548387094610077, 2), (0.33551198255618897, 1), (0.3355191256812247, 1), (0.3355387523550215, 2), (0.335652173910124, 1), (0.3356890459334302, 1), (0.335707019325171, 1), (0.3357664233086395, 1), (0.3357664233494944, 1), (0.3357933579026012, 1), (0.3358024691192174, 1), (0.3358098068101208, 1), (0.3358395989890782, 1), (0.33584905659744024, 1), (0.3359154929565624, 2), (0.33596392329921354, 1), (0.3359858532212911, 1), (0.3360655737429476, 1), (0.3361064891735048, 1), (0.3361344537462028, 1), (0.33613445376738915, 1), (0.33617021275880876, 1), (0.3362445414700353, 1), (0.33628318554310954, 2), (0.336363636333062, 2), (0.336448598099391, 1), (0.3364485981245524, 2), (0.3364839319391193, 1), (0.336572438159572, 1), (0.33664772726794284, 1), (0.33675564674810216, 2), (0.3368421052454282, 1), (0.3370110330654968, 1), (0.33703703703079224, 2), (0.337104072390565, 1), (0.33719704952226315, 2), (0.33720930212952044, 1), (0.3372573973802979, 1), (0.3373134328307884, 1), (0.3374233128627345, 1), (0.33747971876507615, 1), (0.3374934083312752, 1), (0.33749999997890484, 2), (0.3374999999894553, 2), (0.337568058063971, 2), (0.337628865957628, 1), (0.3376623376404113, 1), (0.3376963350696934, 1), (0.33773087070349395, 1), (0.337754199817193, 1), (0.3378995433481363, 1), (0.33793103442450023, 2), (0.33795013849478944, 2), (0.33795013849947014, 1), (0.3379549393384923, 1), (0.3379629629577491, 1), (0.33797909407076276, 1), (0.33806818181337916, 1), (0.33807266977281425, 1), (0.33813747228193924, 1), (0.338172502129155, 1), (0.33818181812033304, 2), (0.33823529409276953, 1), (0.3382352941010717, 2), (0.33825944169660754, 4), (0.33827893174070617, 1), (0.3384615384511243, 1), (0.33853006673974356, 4), (0.33855482566610845, 1), (0.33860574104636026, 1), (0.3386075949259946, 2), (0.3386243385885106, 1), (0.3386243386064212, 3), (0.33865814694321433, 1), (0.33882352940379457, 1), (0.3390022675544796, 1), (0.33908045967266187, 1), (0.33909465017785173, 1), (0.33917525773021606, 1), (0.3391812865364759, 1), (0.339270568275324, 1), (0.3395225463740693, 3), (0.33952254640109175, 2), (0.339522546413095, 2), (0.33962264144535564, 2), (0.339622641503026, 1), (0.339622641507298, 1), (0.33974358973269714, 2), (0.3397727272534226, 1), (0.33980582507778584, 3), (0.33980582522622266, 1), (0.3398692810309407, 2), (0.33993015133084903, 1), (0.33999999996222247, 1), (0.3399999999660091, 5), (0.3399999999773348, 1), (0.33999999998299774, 1), (0.34003656300913665, 1), (0.3401360544024869, 1), (0.34013605441019973, 2), (0.34014084506922615, 1), (0.3401759529794282, 1), (0.3402061855319332, 2), (0.34031413610783706, 1), (0.3403361344394777, 3), (0.3403656820899642, 2), (0.3403693931308636, 1), (0.3404255318696241, 1), (0.3404255318907462, 1), (0.34042553190765057, 1), (0.34054834054343075, 2), (0.3405572755312526, 1), (0.34061135370435186, 2), (0.3406249999467781, 2), (0.3406326033897491, 2), (0.3406326033980389, 1), (0.3407407407127035, 1), (0.34078807241020737, 1), (0.34084507042133894, 1), (0.3409090905216979, 3), (0.34090909088972066, 1), (0.34090909090424854, 1), (0.34094903337993393, 1), (0.3410230691734157, 1), (0.34105263156458343, 2), (0.34108527130020894, 1), (0.3412098298596136, 1), (0.34123222745580023, 3), (0.34123222747198223, 2), (0.3412969282111623, 3), (0.341333333328781, 1), (0.34134007584903525, 1), (0.34136546177885213, 2), (0.3413746017140927, 1), (0.34146341457465385, 2), (0.34151785713523336, 1), (0.3415841583989305, 1), (0.3415977961338432, 1), (0.34161490681108053, 1), (0.3416149068269931, 1), (0.34166666663819634, 1), (0.3416824196516625, 2), (0.34181818175603224, 1), (0.34193548384890443, 3), (0.34193548386544975, 1), (0.3420593368117942, 1), (0.34210526314288797, 2), (0.342105263148892, 1), (0.342253521125558, 1), (0.3422854133574361, 1), (0.34230769229452573, 1), (0.34231805925305886, 2), (0.34232954544968164, 3), (0.3423680456441892, 1), (0.3423702556131486, 1), (0.3423799582320427, 1), (0.3424657534187929, 1), (0.34249999995718866, 1), (0.3425925925862483, 1), (0.34259259258730657, 1), (0.34272019172952384, 1), (0.34274952917729473, 1), (0.34285714282915825, 1), (0.34292866078310646, 2), (0.3429895712550876, 1), (0.3430799220206013, 2), (0.3431151241147749, 1), (0.34343434339965156, 1), (0.3434739941051331, 1), (0.34374999994628697, 3), (0.3437499999462974, 1), (0.34374999998925787, 1), (0.3437499999951147, 2), (0.3437708194307966, 1), (0.3438596491107402, 1), (0.34389140269936874, 1), (0.34391534389714773, 1), (0.3439252336320045, 1), (0.34399999993120545, 1), (0.34403292178238454, 2), (0.3440860214930405, 2), (0.34415584413349765, 2), (0.3441734416877837, 1), (0.34420289853825325, 1), (0.34422657950569735, 1), (0.34425319265162346, 1), (0.34426229505375305, 1), (0.3442879499109764, 1), (0.3443708609043501, 1), (0.3444639718683836, 2), (0.344481605339652, 1), (0.34452296819483624, 2), (0.34460547498476296, 1), (0.3448275859690871, 4), (0.3448275861474445, 1), (0.34482758618740506, 1), (0.34482758618860393, 1), (0.3449319213208816, 1), (0.3449367088498428, 1), (0.34494773513153987, 3), (0.34499999991374886, 1), (0.34499999995687386, 1), (0.3449999999827489, 1), (0.3450042698489335, 1), (0.3452631578801918, 1), (0.3453689167920662, 2), (0.3453724604576332, 1), (0.3453815260350701, 1), (0.3454367026428772, 1), (0.3454545451404935, 1), (0.3454545454231467, 2), (0.3455497380390278, 1), (0.345549738201802, 2), (0.34563561802310155, 3), (0.3456790123172231, 1), (0.3456790123286084, 1), (0.3456790123403461, 1), (0.3457627117471909, 1), (0.3459715639646443, 1), (0.3459787556641905, 1), (0.34600760449695417, 1), (0.34601226991742146, 1), (0.3460207612416835, 1), (0.34608985023807043, 2), (0.3461538461405325, 1), (0.3461538461460184, 1), (0.34621848738914535, 1), (0.3462897526471178, 1), (0.3462962962898843, 1), (0.34640522873553325, 3), (0.3464285714079534, 1), (0.34645669285882424, 1), (0.34653465344819157, 1), (0.3465959327967007, 1), (0.3468749999891609, 1), (0.34693877549053687, 1), (0.34697855749133044, 1), (0.34700315455223907, 1), (0.34700315456318553, 1), (0.34705882342733707, 2), (0.34715025905836516, 1), (0.3471698113142061, 1), (0.3471810088505624, 1), (0.3472222221981101, 2), (0.34726688100661224, 1), (0.34726688101777103, 1), (0.3472668810233602, 1), (0.34730538917996095, 1), (0.3474387527065836, 1), (0.34749034746351454, 1), (0.3475513427570992, 1), (0.34765624998641925, 1), (0.34770889483184225, 2), (0.34782608680529836, 1), (0.34782608694488826, 2), (0.3478260869499477, 1), (0.3478260869511216, 1), (0.3479623824396833, 1), (0.34800409415869044, 1), (0.3480741797382603, 1), (0.3481012658117687, 1), (0.34812286677538906, 3), (0.34814814814170436, 1), (0.3481575603115438, 1), (0.34821428568319346, 1), (0.34821428569874713, 1), (0.34828496039918794, 1), (0.3482849604037858, 1), (0.3483146066763435, 4), (0.3483870967517155, 2), (0.3483870967517228, 1), (0.34842015370882473, 1), (0.3484320556884259, 1), (0.34858387798045404, 4), (0.3486238531043881, 4), (0.3486238531896889, 3), (0.3486590038091557, 1), (0.3486956521587516, 1), (0.3487179487000634, 4), (0.34871794871079553, 1), (0.34873949572505364, 1), (0.3487394957836643, 2), (0.34880450065417845, 1), (0.34883720909951016, 3), (0.34893617020534373, 1), (0.34907597528766726, 3), (0.3490909090274357, 1), (0.34910059957700945, 1), (0.34915055651147225, 2), (0.3492063491878743, 2), (0.34922680410121104, 1), (0.3493449781583116, 2), (0.34951456293714167, 1), (0.349514563038944, 1), (0.3495798319269009, 1), (0.34963579603850853, 1), (0.34967155128499466, 1), (0.349767441844196, 1), (0.34977578470107623, 4), (0.3498215196292746, 1), (0.34986945160577315, 1), (0.3499840916210631, 1), (0.349999999965, 1), (0.3499999999801178, 2), (0.3499999999825, 1), (0.34999999998906395, 1), (0.35010940917504957, 1), (0.35011990399277076, 1), (0.3501326259761221, 6), (0.35013262598850253, 1), (0.35014836793174686, 1), (0.35015772869557527, 1), (0.3502824858559179, 1), (0.3503325942330901, 1), (0.3503401360345619, 1), (0.35036496345249696, 2), (0.3504424778140738, 1), (0.3505154638813882, 1), (0.350574712542928, 1), (0.3505747126235254, 1), (0.35064935062658026, 1), (0.35066162570059956, 1), (0.35067873302374, 1), (0.3507042253508791, 2), (0.35070671377782087, 1), (0.350710900418529, 1), (0.35071090044069675, 2), (0.3507109004573118, 1), (0.3507462686305453, 1), (0.3507692307584407, 1), (0.3507853402957699, 1), (0.3508064515987479, 1), (0.3508771929648685, 1), (0.3508771929670666, 3), (0.35087719297014464, 1), (0.3509833585370319, 3), (0.3510054844542783, 1), (0.3510204081346069, 3), (0.3510466988162572, 1), (0.3511269275977284, 1), (0.35113636361641587, 1), (0.3511904761883858, 1), (0.35121951218655234, 1), (0.35125448027414724, 2), (0.3514285714235497, 1), (0.35145385587419414, 1), (0.35148514849745255, 1), (0.3514938488370538, 2), (0.35149384884529106, 2), (0.35156249998626754, 1), (0.3515901060039607, 1), (0.35160680528635674, 1), (0.3517474633199837, 1), (0.3519009725844045, 2), (0.35190615825457, 1), (0.351916376245307, 2), (0.3519494204388583, 2), (0.3519553072527366, 1), (0.35202665184053034, 1), (0.35204081631754947, 1), (0.35207939507674624, 1), (0.35214723924219987, 1), (0.35217391302816736, 1), (0.35224274404008793, 1), (0.3522727272527139, 1), (0.3526077097305796, 1), (0.35261707988009244, 1), (0.3526230394788922, 1), (0.352733686054577, 1), (0.35276532132245453, 1), (0.3527653213699188, 1), (0.3527777777679797, 1), (0.35279347143643086, 1), (0.35281690140721095, 1), (0.35294117605537906, 7), (0.35294117617398496, 1), (0.3529411763667781, 1), (0.35294117643598877, 2), (0.3529411764475259, 1), (0.3529411764552107, 2), (0.3529411764557576, 4), (0.3529411764622838, 2), (0.35294117646260076, 1), (0.3530895334062705, 1), (0.3531827514675184, 2), (0.35333333330977473, 1), (0.3533882203904136, 2), (0.3534031413520083, 1), (0.3534136545475176, 1), (0.3535620052677187, 1), (0.35368956738502394, 1), (0.3537414965785869, 3), (0.3538175045896064, 1), (0.35384615381893664, 1), (0.3538461538280067, 5), (0.35384615383254614, 1), (0.3538732394054669, 1), (0.35392320532254, 1), (0.35398230057172864, 1), (0.35398230088182314, 1), (0.35400225475152003, 1), (0.35400907714511387, 1), (0.35403726705875904, 1), (0.3541666666620519, 2), (0.3543378995110193, 1), (0.354401805829076, 1), (0.35444234403699343, 1), (0.35451505015536844, 4), (0.35457063710929765, 1), (0.35471698112538613, 1), (0.35474006105361716, 2), (0.35483870963925934, 1), (0.3548387096545265, 3), (0.35487528342659413, 2), (0.3549160671377758, 1), (0.3549571603340288, 1), (0.354999999955629, 1), (0.35499999998224546, 2), (0.35502958577780935, 2), (0.3550913837193023, 1), (0.35509138379346583, 1), (0.3552123551849278, 1), (0.3552123552032107, 1), (0.35523114353502183, 1), (0.35525024533159527, 1), (0.3553008595784956, 1), (0.3553719008117626, 1), (0.3553875236210939, 1), (0.35538752362277437, 1), (0.35540069680219305, 3), (0.35543766576364033, 6), (0.35555555554896784, 1), (0.3556405353592475, 1), (0.3556485355499732, 1), (0.3558011049330632, 1), (0.35580524337905917, 2), (0.35593220333956244, 1), (0.3559322033837978, 2), (0.35595238095026327, 1), (0.3560090702746014, 1), (0.3560209422220178, 1), (0.3560209423990578, 1), (0.35608308603227945, 3), (0.35612585691623166, 1), (0.35616438354770386, 1), (0.356200527680988, 1), (0.3562499999888701, 1), (0.35633802816776194, 1), (0.3563474386734236, 1), (0.35636363629884443, 3), (0.35643564354671353, 1), (0.3565217391149358, 1), (0.35663338087936375, 1), (0.3568627450910384, 1), (0.3569230769120919, 3), (0.35698924729647163, 1), (0.3570300157413841, 1), (0.357034795753189, 1), (0.3570422535198683, 1), (0.35705368289192485, 1), (0.35709143268281673, 2), (0.35710005991397714, 1), (0.35714285696063414, 1), (0.3571428571064136, 1), (0.35714285712261185, 2), (0.3571428571373109, 1), (0.35718052381726756, 1), (0.35727788278928946, 1), (0.357281553328689, 1), (0.35728952768406014, 1), (0.35729847492996736, 1), (0.3574051407501233, 1), (0.3574297188611514, 2), (0.35744680850303695, 1), (0.3574660633403326, 1), (0.35752212383052345, 1), (0.35757912268975134, 1), (0.3576158940160512, 2), (0.35775644264418716, 1), (0.357827476015469, 1), (0.3578274760307168, 1), (0.3578431372373644, 3), (0.3578595317606085, 2), (0.35786435785919557, 1), (0.35789473683268463, 1), (0.3579638751934981, 1), (0.35802469135250053, 1), (0.35803136830525556, 1), (0.3580786026161755, 1), (0.35812672175322013, 1), (0.3582887700343127, 1), (0.35851183761459904, 1), (0.3585746102409931, 1), (0.3586387434461073, 1), (0.35866780528849446, 2), (0.3587443946081088, 1), (0.3587641866217286, 1), (0.3588039866990413, 1), (0.3588235293062358, 1), (0.3588709677274476, 1), (0.3588850173590791, 3), (0.3588850174184759, 1), (0.35891647851479574, 1), (0.3590814196092197, 1), (0.3591160220895279, 1), (0.3591508892672523, 2), (0.3591549294509949, 1), (0.3591836734400648, 1), (0.35922330079649756, 1), (0.3593220337764997, 1), (0.3593314762730725, 3), (0.35937499998596417, 1), (0.3593749999953186, 1), (0.359408033811441, 1), (0.3595628415280908, 1), (0.3597285067791934, 1), (0.35983263596820914, 1), (0.3598615916913488, 1), (0.35989010984067643, 3), (0.35990888374489827, 1), (0.3599574014832835, 1), (0.35999999993454357, 2), (0.3599999999519985, 1), (0.35999999995499943, 1), (0.3599999999640023, 3), (0.3599999999920162, 1), (0.3600562587397948, 1), (0.360060514361271, 1), (0.3600973235834535, 1), (0.36009732359221147, 1), (0.3601108033141253, 1), (0.360360360344129, 1), (0.3603603603538674, 1), (0.36042402826536674, 1), (0.3604505631588913, 1), (0.3604651160694834, 4), (0.3605546995099727, 1), (0.3607427055511585, 2), (0.3607594936138073, 1), (0.36075949365946863, 1), (0.3608247422308432, 2), (0.36090225563005407, 1), (0.36111111106094473, 2), (0.3611111110860298, 2), (0.36113125450608335, 1), (0.36118598377881606, 1), (0.36123348012316375, 1), (0.3612479474429805, 2), (0.36125654448370276, 8), (0.3613445377392127, 1), (0.3613445377999395, 2), (0.3613526569699197, 1), (0.3613861385959689, 1), (0.36140350870853677, 1), (0.3614457830599537, 1), (0.36144578311801456, 2), (0.3614457831216427, 1), (0.36144578312630893, 1), (0.36153846151065, 1), (0.36158192088352537, 1), (0.3615819208903331, 2), (0.3616557734125974, 1), (0.36170212763392284, 1), (0.3617021276518787, 2), (0.3617339312298404, 1), (0.3617339312352474, 1), (0.3619631901618446, 1), (0.36199095021805416, 5), (0.3620071684458032, 1), (0.3620754012556164, 1), (0.36210526315662356, 2), (0.3621134020385243, 1), (0.36218998595993224, 1), (0.36221590908576407, 1), (0.3622448979499446, 1), (0.36233951497343486, 1), (0.36236236232609, 1), (0.3623693379538365, 2), (0.3624454148432031, 1), (0.3624772313230889, 1), (0.3624999999794027, 1), (0.36251105215981405, 1), (0.36254728876536735, 1), (0.3627450980036573, 1), (0.36274509802143234, 1), (0.3628318584038687, 1), (0.3628415300506823, 1), (0.36290322580352496, 2), (0.36293436290634096, 1), (0.3629536920697147, 2), (0.3630769230657571, 2), (0.36308623296934617, 2), (0.36314363138710837, 3), (0.36319612589919664, 1), (0.3633491310642437, 2), (0.3636363632231875, 3), (0.3636363635702479, 5), (0.36363636360330576, 2), (0.3636363636083457, 2), (0.3636363636127492, 3), (0.3636363636348375, 1), (0.36394557821066187, 1), (0.36395147313376097, 1), (0.3641025640838875, 1), (0.36423841057190554, 1), (0.36425339365691495, 1), (0.3642611683723587, 1), (0.36428571425968737, 2), (0.3642987249478264, 4), (0.3643410852430697, 1), (0.36437246962825093, 1), (0.3643807574132161, 1), (0.36442141623173857, 1), (0.36447423544045077, 1), (0.3644859813015984, 2), (0.36451612902931696, 1), (0.3647234678079591, 1), (0.36481481480805983, 1), (0.36490250691296794, 1), (0.36491228068894965, 1), (0.3649635035963545, 4), (0.36496350364075597, 1), (0.3650190113374505, 1), (0.3650190113999018, 1), (0.3650273224003832, 1), (0.36503856031747484, 1), (0.36521739128317315, 2), (0.3652173912884678, 1), (0.365256124640251, 3), (0.36531190925412876, 1), (0.3654545454478992, 1), (0.3654618473161831, 2), (0.36559139781015854, 1), (0.36562499994286685, 2), (0.36562499998857567, 1), (0.3656307129130475, 1), (0.36563071296652144, 3), (0.36565096951895293, 1), (0.36569037655373754, 1), (0.36585365847284623, 2), (0.36591478695824464, 1), (0.3659305993459947, 3), (0.365933551706289, 1), (0.3659574467773615, 1), (0.36601307187947574, 2), (0.3660477453095419, 1), (0.3660477453386767, 3), (0.36604774535161794, 1), (0.3660565723671867, 2), (0.3660714285632547, 1), (0.3661290322551089, 2), (0.36619718304701, 1), (0.3661971830813978, 1), (0.3662258392638229, 1), (0.36633663364522995, 1), (0.3663663663296952, 2), (0.36645962730643045, 2), (0.3664921464050078, 1), (0.3664921465872677, 1), (0.36651583709577573, 1), (0.3666061705856014, 1), (0.3666666666361092, 1), (0.3666666666422222, 1), (0.36666666665139175, 1), (0.3666666666564828, 1), (0.36666666665987574, 1), (0.36675461740457377, 1), (0.36706689535619164, 1), (0.3670781892701975, 1), (0.36718749998565636, 1), (0.3673469387005433, 1), (0.3673469387455227, 2), (0.36734693876974456, 1), (0.36757990865481815, 1), (0.3677130044788134, 1), (0.3677419354779426, 1), (0.36781609194751785, 1), (0.3678625568431754, 1), (0.3678756476588654, 1), (0.3678929765763249, 1), (0.36807387860368806, 1), (0.3680981594866195, 1), (0.36818181816089934, 1), (0.3681833970115727, 2), (0.36820083678927035, 1), (0.368309859153634, 1), (0.3683360258421911, 1), (0.36837678721305106, 2), (0.36842105261541896, 2), (0.3684807256026941, 7), (0.36849507730400904, 1), (0.3684992570305704, 1), (0.36861506053877735, 1), (0.36864406778099124, 1), (0.36873747487600556, 1), (0.36874999998847874, 2), (0.3687707641073465, 1), (0.3687782805346468, 1), (0.36879432621498176, 1), (0.368821292768656, 1), (0.3688480259579824, 1), (0.3688524590047647, 1), (0.36890645581436715, 2), (0.36898920509579924, 2), (0.36908328340102337, 1), (0.36910994763431726, 2), (0.36911487757555017, 1), (0.36917562722690994, 1), (0.3692307692118367, 1), (0.36923076921656894, 1), (0.36923076921940834, 1), (0.36933333332840645, 1), (0.3693379790297273, 3), (0.3693931398319424, 2), (0.3694779115724011, 1), (0.36947791163175003, 1), (0.3696098561869404, 1), (0.36961451245070137, 1), (0.36964504283060706, 1), (0.3696551724086969, 1), (0.3696682464104682, 1), (0.36966824642797624, 1), (0.3697104676236773, 1), (0.3697478988489457, 1), (0.36974789914412615, 1), (0.36975857687185587, 1), (0.3697857947722902, 1), (0.36979166657037055, 1), (0.3699851411314988, 1), (0.36999999996300453, 9), (0.36999999998149885, 3), (0.37003780717462037, 1), (0.3702127659495622, 1), (0.3702359346508104, 1), (0.3702531645452463, 1), (0.3702674539757904, 2), (0.3702882483349771, 1), (0.370370370339887, 1), (0.3703703703398879, 1), (0.37037037034672043, 1), (0.3703703703507745, 4), (0.3703703703520805, 3), (0.3703703703542324, 3), (0.37037037035730586, 1), (0.37045454543350187, 1), (0.37051039696841903, 1), (0.37055214719380175, 1), (0.3705722070339855, 2), (0.3705882351851178, 2), (0.37066666665678466, 1), (0.370738636358369, 1), (0.37074829929871184, 2), (0.3707692307407139, 1), (0.3708609271277599, 2), (0.3708987161145383, 4), (0.3709198812506049, 1), (0.3709519136335433, 1), (0.3709677418756512, 1), (0.37097717961550986, 1), (0.37104072397350757, 1), (0.37109374998550465, 1), (0.3711340206058011, 2), (0.37116279068041186, 1), (0.3711790392932061, 1), (0.3711790392972582, 1), (0.3711911357237932, 1), (0.3711911357289217, 1), (0.371237458181565, 3), (0.3714821762905312, 1), (0.37156398103560845, 1), (0.3716814156002975, 1), (0.3716814159259143, 4), (0.3717277486716356, 2), (0.37172774868136677, 1), (0.37177280550134867, 1), (0.3718140928977739, 1), (0.371830985914185, 1), (0.37192982454835416, 1), (0.372031662259311, 1), (0.3720405862038297, 1), (0.3720930230394731, 2), (0.37209302322696336, 1), (0.37214745463006876, 1), (0.37223974761058226, 3), (0.3722943722890017, 1), (0.3723150357906339, 1), (0.37232960325155695, 1), (0.3725286160172233, 1), (0.3726346433227607, 1), (0.3726708074302697, 3), (0.37267080744184206, 1), (0.37267080744762876, 1), (0.3727272726933905, 3), (0.3727598566174592, 1), (0.37276785713453275, 1), (0.3728222996483149, 2), (0.37288135591816296, 1), (0.37288135592317745, 1), (0.3729128014496353, 3), (0.37291462217128735, 1), (0.3729903536737668, 1), (0.3730569948089914, 1), (0.37313432833036375, 1), (0.3732789393128674, 1), (0.3733333332835495, 1), (0.37333333330015217, 1), (0.3733333333233778, 1), (0.37337662334631977, 1), (0.3734290843772612, 2), (0.37368421051647727, 1), (0.37369207767208973, 1), (0.3737024221410193, 1), (0.37373737369962795, 2), (0.3738317756659994, 1), (0.3738656987160111, 4), (0.3738765727958429, 1), (0.373887240300607, 1), (0.3738872403338907, 1), (0.3739130434762248, 2), (0.37394957981621946, 1), (0.37412095634682124, 1), (0.3741496598384935, 1), (0.37414965984273685, 3), (0.3741496598512197, 1), (0.374164810607091, 1), (0.37419354838407615, 1), (0.37436419124746523, 1), (0.3745318351919645, 5), (0.374531835201315, 3), (0.3746341463049141, 1), (0.3746958637287262, 1), (0.37472766882898906, 3), (0.3748894783311256, 1), (0.37489397794423146, 1), (0.3749208359697585, 1), (0.3749999999414024, 2), (0.3749999999724192, 1), (0.37499999997395733, 2), (0.3749999999882813, 2), (0.37499999999162886, 1), (0.37518463809822317, 1), (0.37522768669625955, 1), (0.3752345215055836, 1), (0.375308641956776, 2), (0.37543453069813587, 1), (0.3755458514737171, 1), (0.375545851520181, 1), (0.37566137564150104, 4), (0.3757700204952994, 1), (0.37577639750968955, 1), (0.3757828809863967, 1), (0.3759398496146373, 1), (0.376098418264463, 1), (0.37623762374375197, 1), (0.37635705668573066, 1), (0.3764172335387514, 2), (0.37647058822643603, 2), (0.37655016906690547, 1), (0.37656903762539207, 2), (0.37656903764640015, 1), (0.3765822784750567, 1), (0.3766048502086094, 1), (0.37662337659892187, 1), (0.3766478342607672, 2), (0.376681614293468, 1), (0.3768400392467755, 1), (0.3769230769085825, 1), (0.37696335058799785, 2), (0.3770491802969654, 1), (0.3770739064742967, 1), (0.37708830548026395, 1), (0.3771289537621145, 1), (0.3772391991530338, 1), (0.37727006441843763, 1), (0.3772972972769023, 1), (0.37730870711405423, 1), (0.377358490557137, 1), (0.3773584905589178, 1), (0.37745408486144666, 1), (0.37747153984195625, 1), (0.3775038520510375, 1), (0.37755102038676186, 1), (0.3775510203985314, 1), (0.377581120921681, 2), (0.377604166661749, 2), (0.3777292576377971, 1), (0.3777777777707836, 1), (0.3778234085854358, 1), (0.3778280542900899, 1), (0.37792642139836125, 1), (0.37795275584599014, 1), (0.3779527558757485, 2), (0.3779999999810987, 1), (0.3780487804416908, 1), (0.3780718336394596, 1), (0.378086419747252, 1), (0.37812499998818433, 3), (0.37815126048831277, 2), (0.37827715348721136, 6), (0.37837837836815197, 1), (0.3784084585209548, 1), (0.37853517038589524, 1), (0.3785488958751699, 1), (0.3785714285443845, 1), (0.37864077651526445, 1), (0.37880274778451734, 2), (0.3788819875541089, 1), (0.3788819875658671, 1), (0.3789473684077546, 2), (0.3790794978920868, 1), (0.3791469193713838, 1), (0.3791469193953432, 1), (0.3791469194133112, 1), (0.379166666650869, 1), (0.3791666666587636, 1), (0.3792048928503943, 1), (0.3793103446640895, 1), (0.3794037939865317, 1), (0.3794326241000211, 1), (0.37952559300399463, 2), (0.3795379537828541, 1), (0.37956204374019537, 4), (0.3796445880391012, 1), (0.3797468354310204, 1), (0.3797468354370291, 1), (0.3797909407003805, 1), (0.3797909407632384, 1), (0.37981859408277635, 3), (0.37982195843443683, 1), (0.37982195844570754, 2), (0.37984496109307964, 1), (0.37986818453936605, 1), (0.3798882680856801, 1), (0.37999999994571787, 1), (0.37999999996200684, 2), (0.38004750592018754, 1), (0.3801513877175747, 1), (0.38022813680984113, 1), (0.3802281368749013, 2), (0.380414312616508, 2), (0.3804347825997068, 1), (0.38046272483792465, 7), (0.3805309734479599, 1), (0.3805970149111741, 1), (0.3807040417110642, 1), (0.3807692307545893, 1), (0.38095238092646766, 1), (0.3809523809322276, 1), (0.3809523809428279, 1), (0.3810344827520574, 2), (0.3810709838012178, 1), (0.38109305759583095, 1), (0.38112522684642075, 2), (0.3811728395002915, 1), (0.38118811879301295, 2), (0.3812499999880874, 1), (0.3813559321872303, 1), (0.38145416227205825, 1), (0.3815217391283554, 1), (0.3815261044023487, 2), (0.3815384615267247, 1), (0.38173515978249095, 1), (0.3818181817487593, 1), (0.3818181817834752, 2), (0.3818849449110908, 1), (0.38196286470122526, 1), (0.38196286471473134, 1), (0.3819819819750962, 1), (0.3819875776338181, 1), (0.3820224718487907, 1), (0.38209982787638447, 1), (0.3821138210864369, 2), (0.38219895285956845, 1), (0.38222222220523555, 1), (0.38225255959650334, 2), (0.3823109843026805, 1), (0.38232044194670217, 1), (0.3823529410640165, 1), (0.3823529411389832, 1), (0.3823529411483591, 4), (0.38239757204989616, 1), (0.38248337028612794, 1), (0.38251366120009556, 1), (0.3825503355576209, 1), (0.3825503355576362, 1), (0.38257899230772896, 2), (0.3826606875819814, 1), (0.3827027026820167, 2), (0.382819794577352, 1), (0.3829113923929463, 2), (0.3829787233770915, 1), (0.3829787233961069, 1), (0.3830334189739054, 1), (0.38309114926838694, 1), (0.3831070889778868, 1), (0.3831168830920045, 1), (0.3832335328882344, 1), (0.38326359831032275, 1), (0.3832752612572665, 5), (0.38327526129733214, 2), (0.38331454336152077, 1), (0.3833333333013908, 1), (0.38344226577849744, 2), (0.38351254478911523, 1), (0.38353909461864444, 1), (0.3835616438005873, 1), (0.38367346935643853, 1), (0.3836930455543475, 1), (0.38369565217181983, 1), (0.38372093000946284, 2), (0.383912248558704, 1), (0.3840579710005781, 1), (0.38423645318935346, 1), (0.38435374148352264, 1), (0.38442822383492853, 1), (0.3845238095215175, 1), (0.3845278725387326, 1), (0.38461538459566075, 5), (0.3846153846005917, 1), (0.38461538460481853, 1), (0.38461538460668254, 2), (0.3846880907281495, 1), (0.38473282442160434, 1), (0.3848167539166262, 1), (0.3848238481863382, 2), (0.3849056603700979, 1), (0.38509316767794816, 1), (0.3851640513497128, 2), (0.3851851851780513, 1), (0.3852242743961661, 1), (0.385245901607769, 2), (0.3853211008820794, 1), (0.38532110089386085, 2), (0.38548752832281913, 1), (0.3854995579065332, 1), (0.38551650691404515, 1), (0.38554216866695196, 1), (0.38556505219510323, 1), (0.3856209150242737, 1), (0.3857142856913274, 1), (0.38575667650063244, 1), (0.3857566765464162, 1), (0.385802469129849, 1), (0.38580931263644413, 1), (0.38582677164594686, 2), (0.3858695652152942, 1), (0.3858823529230194, 1), (0.3859649122671591, 2), (0.38596491227102986, 1), (0.38600723762639266, 1), (0.38607594924490374, 1), (0.3861003859513121, 3), (0.3861538461241406, 1), (0.3862433862229481, 1), (0.3863636359246125, 7), (0.38653748087316236, 1), (0.38655462183249467, 1), (0.3866213151708264, 1), (0.3866432337298201, 2), (0.38666666661510807, 3), (0.38666666664088584, 1), (0.3868065966436555, 1), (0.38684719532042083, 1), (0.3868613138592036, 1), (0.3868778280455433, 1), (0.3869047618817316, 1), (0.38701622970802546, 1), (0.3870510396883967, 1), (0.3870967741311105, 1), (0.38726790448874343, 3), (0.38729198183396785, 1), (0.38752362948227764, 1), (0.3875278395573447, 1), (0.3875432525683286, 1), (0.38758708042819634, 2), (0.3875968991246515, 1), (0.3877995642532541, 2), (0.38783269954603106, 1), (0.387832699612401, 1), (0.3879310344760702, 2), (0.3879472692885885, 2), (0.3879598662077616, 1), (0.38797814205530395, 1), (0.38814016167275595, 1), (0.38819875775794666, 1), (0.3883495143746203, 2), (0.38834951448769867, 1), (0.38850038847020185, 1), (0.3885714285492219, 1), (0.38863976083126045, 1), (0.38888888834880714, 2), (0.3888888888618849, 2), (0.38888888888168727, 1), (0.388965517236018, 1), (0.38898450945974433, 1), (0.3890784981607204, 2), (0.389140271475602, 1), (0.38921001925282533, 1), (0.38929440388347303, 2), (0.389298892953017, 1), (0.38932291666412994, 1), (0.3893805306288663, 1), (0.3893805308585877, 1), (0.3893805309504726, 2), (0.3894547633290025, 1), (0.38951310860936533, 1), (0.3895582328535141, 1), (0.38955823291608416, 1), (0.3896103895850908, 2), (0.3897058823242823, 1), (0.38977635781917375, 1), (0.3898156277094102, 1), (0.38999999995125056, 1), (0.3899999999609977, 3), (0.3899999999610091, 4), (0.39012345677085697, 2), (0.39021739130222316, 1), (0.39024390237556783, 1), (0.3902439024295063, 1), (0.3903177004420499, 1), (0.39051918731484075, 1), (0.3905789990109795, 1), (0.3906170321224843, 1), (0.390624999987793, 1), (0.39062499999128114, 1), (0.39065308567770873, 1), (0.39072847679531536, 1), (0.39076923075720854, 1), (0.3908045976883145, 1), (0.3909090908735599, 3), (0.39106145249212, 1), (0.3911111110676529, 1), (0.3911439114030296, 1), (0.39115646256285863, 1), (0.39130434780178036, 3), (0.39130434781300166, 2), (0.3913043478139313, 1), (0.39130434781684215, 1), (0.39130434782396034, 1), (0.3913824057415525, 2), (0.39140271492327516, 1), (0.3915343915136747, 1), (0.3915662650484463, 1), (0.3916369199348136, 2), (0.39167686657548006, 1), (0.3916913945425391, 1), (0.39175257727919655, 2), (0.3918367346618872, 2), (0.39184952977442133, 1), (0.39193548386780624, 1), (0.3919821825407584, 2), (0.3921568627280108, 4), (0.3921568627365536, 1), (0.39215686273740874, 1), (0.3921568627377752, 1), (0.3922330096325832, 1), (0.39224952740093993, 1), (0.3923076922926053, 1), (0.3923444975701132, 1), (0.3923497267738133, 1), (0.39245283004057346, 1), (0.3924999999509358, 1), (0.39252336447130753, 1), (0.3925233644768128, 1), (0.39254170754872353, 1), (0.392561983454853, 1), (0.3926701570475043, 1), (0.39272211719298883, 1), (0.39285714282908163, 2), (0.39302206259418837, 1), (0.3933209647130508, 1), (0.39333333330710957, 1), (0.3933518005431164, 1), (0.3934142114350623, 1), (0.39343038445713047, 1), (0.3935742971729565, 1), (0.3935742971808487, 1), (0.3937007873395768, 2), (0.39376218322051115, 1), (0.39384615383403415, 2), (0.3940886699377969, 3), (0.3941605838840529, 1), (0.39426523296077937, 1), (0.39436619716458887, 1), (0.39441535775237513, 1), (0.3944636677927647, 1), (0.3944636677927726, 1), (0.39455782310688364, 3), (0.3945783131935874, 2), (0.39461883407481285, 1), (0.39483394830306007, 1), (0.3949275362175739, 1), (0.3949579831766813, 2), (0.3950617283755525, 1), (0.39512195120987065, 1), (0.39516129031939384, 1), (0.3951890034228454, 1), (0.3952569169804253, 1), (0.395335924464446, 1), (0.395348836979436, 3), (0.395348837190914, 2), (0.3954154727567087, 1), (0.3954372623273473, 1), (0.39543726234238297, 1), (0.3954372623499008, 2), (0.3955696202469053, 1), (0.39562841529838255, 1), (0.3956442831072401, 1), (0.39565217388437124, 1), (0.39565217391088925, 3), (0.3956916099548941, 6), (0.3957446808426418, 2), (0.39575033195275794, 1), (0.39577836409520983, 2), (0.39577836410565254, 1), (0.39578947366753997, 1), (0.3958333329209989, 3), (0.39583333323024666, 1), (0.3958333333281795, 1), (0.3958820776771345, 1), (0.39592760180099673, 4), (0.39603960394079035, 3), (0.396039603947326, 1), (0.3961038960781734, 1), (0.3961864406737659, 1), (0.39626168222818225, 1), (0.39627039625192234, 1), (0.3963636362915715, 1), (0.3963963963249851, 1), (0.39651416120276745, 2), (0.396551724023976, 2), (0.3966005665684926, 1), (0.39667458431361824, 1), (0.39670781889738954, 1), (0.39673913043262643, 2), (0.3967611335952047, 1), (0.39682539680440126, 1), (0.3968668407276193, 1), (0.39687499993799114, 2), (0.3968804159411028, 1), (0.3971428571371863, 1), (0.39716312053920927, 1), (0.3973214285625592, 2), (0.3973727421872793, 1), (0.39737991265941863, 1), (0.39751552792561956, 6), (0.3975155279379705, 2), (0.39759036136595016, 1), (0.39759036143380155, 1), (0.397590361439792, 1), (0.3976083706431032, 2), (0.397720075994946, 1), (0.39782608695435373, 2), (0.3978779840637738, 1), (0.3978779840778447, 1), (0.3979057589539779, 1), (0.39790575914841864, 2), (0.39790575915188564, 1), (0.3979591836633158, 2), (0.3980099502091528, 1), (0.39803921567846895, 1), (0.3980815347674065, 2), (0.3981191221946557, 1), (0.3981735159453739, 1), (0.3981900452398575, 1), (0.3985890652416704, 1), (0.39859154929437374, 1), (0.39871382634092134, 2), (0.39871382635374175, 1), (0.3988095237857876, 1), (0.3988269793551871, 1), (0.398954703829272, 2), (0.39896373055961565, 1), (0.3991346673856193, 1), (0.3991596637816899, 2), (0.39923954371864634, 1), (0.3992467043164098, 1), (0.3992957746464801, 1), (0.3993344425823855, 1), (0.39939485626628213, 1), (0.39942938658488736, 1), (0.399500624214736, 1), (0.3999999998823563, 2), (0.3999999998987284, 1), (0.39999999992727064, 1), (0.3999999999428588, 1), (0.3999999999466667, 2), (0.39999999995788993, 1), (0.39999999996, 8), (0.3999999999634703, 1), (0.3999999999636343, 1), (0.39999999997333335, 1), (0.3999999999749986, 1), (0.3999999999794848, 1), (0.39999999998, 1), (0.39999999998024804, 3), (0.39999999998222224, 1), (0.3999999999824186, 1), (0.3999999999832617, 2), (0.3999999999875022, 1), (0.3999999999918349, 1), (0.3999999999942857, 1), (0.400210637156388, 1), (0.4002835538657792, 1), (0.40041067757695953, 2), (0.4004524886787183, 1), (0.40050377828709116, 1), (0.40052356019894114, 2), (0.4005305039256571, 1), (0.40057224600849967, 1), (0.40065681443676165, 3), (0.40066777959927774, 1), (0.40075614365971696, 1), (0.4008264462644307, 2), (0.40083507305215266, 2), (0.40085287845627493, 1), (0.40087145967752413, 4), (0.4008908685075984, 3), (0.40099009899005134, 4), (0.40102827753186987, 1), (0.40105540894452046, 1), (0.4011461317821695, 1), (0.40115440114861406, 1), (0.401190476188086, 2), (0.4012345678950429, 2), (0.40133779263542946, 2), (0.4014084506688898, 1), (0.4014146772696486, 1), (0.4015247775855779, 1), (0.40153846150757605, 1), (0.4015444015133981, 2), (0.4016064256221682, 1), (0.4016064256947454, 1), (0.40164609050193, 1), (0.4016736401505589, 1), (0.4016913318389607, 2), (0.40174672488206037, 1), (0.4017857142767463, 1), (0.4018691588409451, 2), (0.4019769357429595, 1), (0.4019975031160758, 1), (0.40206185562865154, 1), (0.4020797227001518, 1), (0.402116402102217, 1), (0.40234948599084563, 1), (0.40243902434116097, 10), (0.4024640656670959, 2), (0.4024767801732985, 1), (0.40248962654766773, 1), (0.4025559105345594, 2), (0.40257460500862674, 1), (0.40264026399982783, 1), (0.402684563744877, 1), (0.4027303752891738, 3), (0.4027303754197477, 1), (0.40277777774980456, 4), (0.4029850746208509, 1), (0.4030612244795133, 1), (0.40306366682430217, 1), (0.403100775162551, 2), (0.40312499998740525, 1), (0.40314136123543715, 2), (0.40314136124599065, 1), (0.40316205532002664, 1), (0.40318302385129196, 2), (0.4032432432214467, 1), (0.4032444959350346, 1), (0.40336134419884334, 3), (0.40336134450391614, 1), (0.4035087719121236, 1), (0.403636363562975, 1), (0.40369088811529746, 1), (0.4037005887266296, 1), (0.4037102473462572, 1), (0.4037267080494588, 2), (0.40372670806199557, 3), (0.4037319762476386, 1), (0.40374787049371674, 1), (0.40378548893351307, 1), (0.4038834950672146, 1), (0.4038929440291011, 2), (0.40394088668624034, 2), (0.4040178571338373, 1), (0.40438871472720567, 1), (0.40440440436392516, 1), (0.40441176467614554, 1), (0.40449438200732846, 1), (0.4045368619961346, 1), (0.40465116277186824, 1), (0.4046822742407217, 1), (0.4047619047389586, 1), (0.40494590416058734, 2), (0.40497737555645014, 1), (0.4049999999797511, 1), (0.40501792113243534, 1), (0.40513552067895847, 1), (0.4051724137581799, 1), (0.4052287581522758, 1), (0.4052747252569122, 2), (0.40531982267001043, 2), (0.4053333333225257, 1), (0.40554592720619237, 2), (0.4056094929443785, 2), (0.405679513168126, 1), (0.40576496673832607, 2), (0.4057971013904638, 1), (0.4058272632589842, 1), (0.4058500913334877, 1), (0.4059405940393124, 5), (0.4059523809499635, 1), (0.40598290597423153, 1), (0.4061107574534616, 1), (0.40611353710903525, 1), (0.4062499999365266, 1), (0.40624999993652844, 1), (0.4062806673129298, 2), (0.4063957361488095, 1), (0.40645161287700754, 1), (0.406451612899945, 1), (0.406504064985568, 3), (0.40653357530285045, 2), (0.4065843621064536, 1), (0.4065843621064573, 1), (0.4065934065822355, 1), (0.4066073697069097, 1), (0.4066666666395571, 1), (0.40666666663956463, 2), (0.4066852367665366, 1), (0.4068181817950713, 2), (0.4068441064561461, 1), (0.4068965516539859, 1), (0.4069912609187668, 2), (0.4069999999796493, 1), (0.4070175438453686, 1), (0.40702947843497633, 1), (0.4070796459936869, 2), (0.40707964601409663, 1), (0.40714285711377063, 3), (0.4072398189860994, 1), (0.40723981899224043, 2), (0.4072398189953109, 5), (0.407372400746518, 1), (0.4074074070301715, 1), (0.40740740738585435, 1), (0.40742959855957184, 1), (0.40743494423489035, 1), (0.4074766354987893, 1), (0.40756302519295645, 3), (0.4075829383499896, 4), (0.4075829383693106, 1), (0.4076655052229244, 1), (0.407766990093332, 1), (0.4077669902120903, 4), (0.4078303425641805, 1), (0.40787623060367023, 1), (0.407894736833157, 1), (0.40791476406673266, 1), (0.40801001246457785, 1), (0.408163265272803, 4), (0.40816326529223806, 1), (0.4081632652977926, 3), (0.4082687337446361, 1), (0.40831758033061577, 1), (0.40836012860423393, 1), (0.4083769631369679, 3), (0.4083769633400956, 1), (0.40848806360629963, 2), (0.40848806363881013, 2), (0.4085106382891768, 3), (0.4086021505229846, 1), (0.40875912402791037, 1), (0.40888888887071806, 1), (0.40895218717793835, 1), (0.4090150250075932, 1), (0.4090909086260375, 1), (0.40909090905371903, 4), (0.4090909090643461, 1), (0.4092050209033798, 1), (0.4092140920854732, 5), (0.40924092406538526, 1), (0.40924092406540025, 1), (0.4092501751640309, 1), (0.4092664092348025, 1), (0.4093567251302381, 1), (0.4094488188331634, 1), (0.4094488188654017, 1), (0.40949554894927803, 2), (0.40955631385339086, 5), (0.4095860566270325, 4), (0.4095940959031742, 2), (0.4096385542045257, 2), (0.40968342636690935, 1), (0.409859154928133, 1), (0.40993788817329807, 7), (0.4099378881860206, 1), (0.40999999995900227, 6), (0.410041840987026, 2), (0.4100719422985404, 1), (0.41020408162427974, 1), (0.41020608438841566, 1), (0.4102564102353703, 1), (0.41025641023537146, 1), (0.41025641024799475, 2), (0.41025641024915627, 1), (0.41032608690076766, 1), (0.4103260869509434, 1), (0.4104803493360201, 1), (0.4105011933076201, 1), (0.4105090311852051, 1), (0.41051314137540124, 1), (0.4105633802802458, 2), (0.4106776180276532, 1), (0.4107142856913674, 1), (0.41089108908856775, 3), (0.41095890409707864, 1), (0.41101478836908906, 1), (0.41119221410192064, 2), (0.4112149532556555, 1), (0.4112903225640505, 2), (0.4114977306985895, 1), (0.41152263372792164, 1), (0.4115942028587836, 1), (0.4116094986698763, 1), (0.4116222760190895, 1), (0.4116529448992293, 1), (0.41176470584198877, 5), (0.41176470585206876, 2), (0.4117647058650498, 3), (0.4117647058733832, 1), (0.41176470587427916, 1), (0.41181041177841043, 1), (0.4119047618802478, 2), (0.41192411918537836, 2), (0.4119318181233064, 1), (0.4119565217368876, 1), (0.4119850187111609, 1), (0.4119850187214465, 1), (0.41207075961681383, 1), (0.4120879120765913, 1), (0.4121475053782933, 1), (0.4121687929261597, 1), (0.41228070174533754, 1), (0.41237113397810654, 2), (0.41246290795066853, 1), (0.41247612982733994, 1), (0.41249999993554437, 1), (0.41249999998711084, 1), (0.4126213592032715, 1), (0.41269841269070456, 1), (0.41276041666397967, 1), (0.412891986059119, 1), (0.41297935102635747, 1), (0.41298122811285504, 1), (0.4132055377973784, 1), (0.4132653061119084, 1), (0.4133430021455189, 1), (0.41343669239962677, 1), (0.41362530412619014, 1), (0.413636363617563, 1), (0.41369472182006195, 1), (0.413793103162881, 5), (0.413793103329367, 1), (0.41379310340751346, 2), (0.4137931034346875, 2), (0.41394335510178915, 3), (0.413953488352833, 1), (0.41399999997929865, 1), (0.4140049139998286, 1), (0.4140350877047691, 2), (0.41405269761086483, 1), (0.41414141409958494, 2), (0.41420118330940175, 1), (0.4142312578889146, 1), (0.41435768259355343, 1), (0.41444270015048085, 1), (0.4145161290289123, 1), (0.4145356661622403, 1), (0.41467576791101224, 1), (0.4146948941417871, 1), (0.4147843942334769, 1), (0.4147909967712312, 1), (0.4148148148071348, 1), (0.41484716156299506, 1), (0.4148902322489682, 1), (0.4149377593016665, 2), (0.4149659863710336, 1), (0.4149999999792506, 1), (0.4150559511656678, 1), (0.4153577661286123, 1), (0.41536129357841867, 1), (0.4153969526531373, 1), (0.41545893713116294, 1), (0.41547619047371853, 1), (0.4155844154944653, 1), (0.4155844155574287, 1), (0.41562499993506213, 2), (0.4156249999870139, 1), (0.41566265058989466, 1), (0.41574279378926954, 1), (0.41584158413782873, 2), (0.41594022414904397, 1), (0.4160583941504596, 2), (0.41606367581707376, 1), (0.4160942100016478, 3), (0.41609977321904085, 1), (0.4161290322547079, 1), (0.4161490682971373, 1), (0.41614906831005977, 5), (0.41623036648125006, 1), (0.41623488773388173, 1), (0.4162371133752416, 1), (0.41624365478007813, 2), (0.41625615763033924, 1), (0.4162895927413584, 1), (0.4162895927507643, 1), (0.4163265305782609, 1), (0.4163822525526237, 1), (0.4164037854845846, 1), (0.4164222872679164, 1), (0.41654778886709426, 1), (0.4166666660879794, 1), (0.41666666623264137, 1), (0.41666666663773216, 3), (0.4166666666483916, 1), (0.4166666666493056, 1), (0.41666666665798613, 1), (0.41666666665877566, 1), (0.4166666666612403, 1), (0.41671944268260275, 1), (0.41681901272086913, 1), (0.41681901278183775, 1), (0.4168865435246195, 2), (0.41692307689100716, 2), (0.4169741697032299, 1), (0.4169884169776847, 1), (0.4170471841577775, 1), (0.4170616113348861, 1), (0.4171364148345942, 1), (0.4171494785534846, 1), (0.4171539960850926, 1), (0.417322834612806, 4), (0.4173913043455537, 1), (0.4174757281350746, 1), (0.4175732217398517, 1), (0.41758241757324, 1), (0.41764705881533937, 1), (0.41769911497032075, 1), (0.4177777777592089, 1), (0.41798941796730144, 1), (0.41800643085472616, 1), (0.41811846682610715, 1), (0.41818181814380373, 11), (0.4181818181580581, 1), (0.41830065357654583, 1), (0.4183142559746434, 1), (0.41836734692810595, 3), (0.4184100418059912, 1), (0.4184100418293335, 1), (0.41847826081270384, 1), (0.4184782608672909, 1), (0.41849886277165493, 2), (0.41860465111411865, 1), (0.41860465114888024, 1), (0.41866666665550345, 1), (0.4187082404412658, 1), (0.418749999986917, 1), (0.41884816732001745, 1), (0.4188481675173379, 1), (0.41887905602247855, 1), (0.41896361627133966, 1), (0.4191033138319867, 1), (0.4191176470280087, 1), (0.4192139737625194, 1), (0.41921397378997, 2), (0.4192390523747875, 1), (0.4192468619071441, 1), (0.4192526915742909, 2), (0.4192546583785824, 1), (0.419354838642044, 1), (0.4193548386927502, 2), (0.4193548386946406, 3), (0.41941282204661806, 1), (0.41941747564671944, 1), (0.4194756554254773, 1), (0.41975308639902453, 4), (0.41986062717404243, 1), (0.4199999999580045, 8), (0.41999999997199694, 1), (0.42001516299909053, 5), (0.42004773268688017, 1), (0.4201235657509282, 1), (0.4201680668738041, 3), (0.4201680671386197, 1), (0.4202211689699488, 1), (0.42022116901420714, 1), (0.4202380952355906, 1), (0.4202898550572364, 1), (0.42032967031812185, 1), (0.42036124793364854, 1), (0.42040816324815405, 1), (0.42040816325672453, 1), (0.4205128204912581, 1), (0.4205748865228287, 1), (0.4205882352734997, 1), (0.4206098843278594, 2), (0.4207011685792424, 2), (0.4207920791870897, 3), (0.42096774193208747, 1), (0.421052631534626, 1), (0.4210526315672799, 1), (0.421052631570427, 1), (0.42112676056189874, 1), (0.4212765957357214, 1), (0.4212860310397931, 1), (0.42135642135035056, 1), (0.42140468226015476, 1), (0.4214285713984678, 4), (0.4215053763259548, 2), (0.4215246636645252, 1), (0.42160278738299317, 1), (0.4216027874527713, 1), (0.4216867469816034, 1), (0.42178594046597906, 1), (0.42180946674402786, 2), (0.4218616566964681, 3), (0.4218749999905806, 1), (0.4218827008170616, 1), (0.4219066936948501, 1), (0.4219178081806476, 1), (0.4221218961148857, 2), (0.42216358837936274, 1), (0.4222222222144067, 1), (0.42228738990549564, 1), (0.4223227752512123, 1), (0.4223602484209695, 1), (0.42238805969519094, 1), (0.4223918575027799, 2), (0.4223946784898968, 1), (0.4224422441965301, 2), (0.42246928025614794, 1), (0.42247658687986467, 1), (0.4225352111188211, 1), (0.4225352112304111, 1), (0.42260442259923214, 1), (0.4226190476165321, 2), (0.4226579520513025, 3), (0.42268041236024306, 1), (0.4227129337272759, 2), (0.42276422757353954, 2), (0.42290249430709087, 1), (0.42304526745489207, 1), (0.4230477634539583, 1), (0.42319430314931017, 1), (0.4232164449801565, 1), (0.423280423258028, 1), (0.4232804232654924, 1), (0.4233009707915929, 1), (0.42341220422357656, 1), (0.4234404536781968, 1), (0.4234693877442977, 1), (0.42350332594000056, 1), (0.4235807860169548, 1), (0.42364532018313095, 1), (0.423728813541367, 1), (0.4238805970022736, 1), (0.42388059700860015, 1), (0.4239028944832141, 1), (0.42396907213763035, 1), (0.42405063289797207, 1), (0.42408376961130284, 1), (0.4241935483836751, 2), (0.42420611144143766, 1), (0.42427813788539437, 1), (0.424369747881325, 1), (0.4244031830163677, 1), (0.4244604315019949, 1), (0.424469413228157, 1), (0.4244897958837188, 4), (0.42448979590104496, 1), (0.42456140349387583, 1), (0.42458100550752664, 1), (0.424628450088126, 1), (0.4247787610368878, 1), (0.4249999999335887, 1), (0.4249999999645852, 1), (0.42499999997875, 1), (0.4249999999867195, 1), (0.42499999999114774, 1), (0.42510121456629274, 1), (0.4251968503267463, 2), (0.4251968503602193, 4), (0.42531926705023376, 1), (0.42533936650300735, 1), (0.42533936650621773, 1), (0.4253859348053036, 1), (0.42540443379014115, 1), (0.42545668826840827, 1), (0.42548709845047655, 1), (0.4255319148634368, 1), (0.42553191488456316, 2), (0.4255858138035098, 1), (0.4256198346667762, 1), (0.4257028111594992, 3), (0.42572062082369283, 2), (0.42579075424754864, 1), (0.42580645154422236, 1), (0.42580645160946706, 1), (0.42582552979665667, 1), (0.42582897025727173, 1), (0.4258555132998912, 2), (0.42588726511790864, 2), (0.42592592553152614, 1), (0.4259259258864983, 1), (0.42594142257631873, 1), (0.42606516280048107, 1), (0.4261763115174363, 1), (0.4263322883745292, 1), (0.42633928570476765, 1), (0.4264150943235298, 2), (0.4264150943315754, 1), (0.4264409512276251, 1), (0.4264705882039319, 1), (0.426470588214388, 1), (0.42654028431976104, 2), (0.42662632374543463, 1), (0.4266365688006055, 1), (0.42666666660978386, 3), (0.4266666666382283, 1), (0.4266666666477047, 3), (0.4266666666579183, 1), (0.4267605633787816, 1), (0.4268585130870761, 1), (0.4269190325927811, 1), (0.4269293924326133, 1), (0.4270152505260542, 1), (0.427020506624198, 1), (0.4271284271222678, 1), (0.42718446593647974, 2), (0.4271844659986832, 1), (0.4272727272484553, 1), (0.4273504272773743, 3), (0.4274193548352627, 1), (0.42744063323410597, 1), (0.42745098038377016, 1), (0.42753623186856554, 1), (0.42755681817574376, 1), (0.4276018099450785, 1), (0.42775302352464944, 1), (0.42793791574042045, 2), (0.42794759824392975, 1), (0.4279835390594241, 2), (0.4280936454706311, 1), (0.42809364547063494, 2), (0.4281249999331065, 2), (0.42812499998662257, 1), (0.4281524925430582, 1), (0.42815249254306653, 1), (0.42831858399499023, 2), (0.4284090908847533, 1), (0.4284284283855453, 1), (0.4285714285102041, 1), (0.4285714285408163, 1), (0.4285714285422713, 1), (0.4285714285435977, 1), (0.42857142854480873, 1), (0.42857142855812397, 3), (0.42857142856049524, 1), (0.42857142856268227, 1), (0.4289405683646135, 1), (0.4289799809301333, 2), (0.4290220819918563, 1), (0.4290322580610547, 1), (0.42906574391494534, 3), (0.42915811083889244, 1), (0.4293193717052708, 1), (0.4293419632762273, 1), (0.42934782608462313, 1), (0.4293628808804808, 1), (0.429378531057278, 1), (0.4293856871410406, 1), (0.4294478527343894, 1), (0.42946317103083664, 2), (0.42948717947341614, 2), (0.42954545452105136, 1), (0.4296296296084156, 2), (0.42965779466863674, 1), (0.4296675191779236, 1), (0.4297188754157287, 1), (0.4297297297006945, 1), (0.42976190473632503, 1), (0.4297683587762574, 1), (0.42983316976585184, 1), (0.4299065420158969, 1), (0.4299065420400035, 1), (0.429988974594269, 1), (0.42999999995699545, 1), (0.42999999995700683, 1), (0.4300341295460614, 1), (0.4302120141304754, 1), (0.4302134646820957, 1), (0.4302325578893887, 2), (0.4302477183720924, 1), (0.4305555554957442, 2), (0.4306122448891693, 1), (0.4306738962011563, 1), (0.43069306928561174, 2), (0.43086816717486637, 1), (0.4309623430782009, 1), (0.43097643094741445, 1), (0.43103448263475796, 1), (0.4310344826843046, 1), (0.43111111109195266, 1), (0.43113772449926796, 1), (0.43124999993261537, 1), (0.431279620832636, 1), (0.4313513513280345, 1), (0.4313725490008109, 2), (0.43137254900659405, 1), (0.4313725490111496, 3), (0.43145161288581807, 4), (0.43157894732299407, 1), (0.4317958783035959, 1), (0.43181818132746247, 1), (0.43181818179364373, 1), (0.4318181817985537, 1), (0.4318936876789436, 1), (0.43194192375928014, 1), (0.4319526625940914, 1), (0.43195266269633203, 1), (0.43196004993218784, 2), (0.432055749098806, 2), (0.43206521733259995, 2), (0.43209876542543085, 1), (0.4321266968228001, 2), (0.43214556481855815, 1), (0.4322580645126423, 2), (0.4322678843095211, 1), (0.4323144104709146, 3), (0.4323873121508868, 1), (0.4324324323545161, 1), (0.4324324323934758, 1), (0.4324324324307102, 1), (0.4325108853379374, 1), (0.43260188087095974, 1), (0.4327176780774258, 2), (0.4327176780888492, 1), (0.43274853796108964, 1), (0.4327731092255116, 5), (0.4329004328067311, 1), (0.43303571427604576, 1), (0.4330413015728328, 1), (0.43309272623914064, 1), (0.4331491712228577, 1), (0.4333333332530836, 1), (0.433333333297226, 1), (0.43336483930923136, 1), (0.43336724312886077, 1), (0.4334600760291502, 1), (0.43348115299094403, 1), (0.4334828101579443, 1), (0.4334975369315781, 2), (0.4335060449012628, 1), (0.43351063824022285, 1), (0.4335793357533592, 1), (0.4335937499971762, 1), (0.4336283185802334, 3), (0.4336734693766928, 3), (0.4336956521715521, 1), (0.43369609028442485, 1), (0.43374520662830207, 2), (0.4338235293798719, 1), (0.4338624338394811, 1), (0.43386243385095896, 1), (0.4338709677384343, 1), (0.43393148448828656, 3), (0.43395165821057147, 3), (0.4339622640690649, 1), (0.4340425531822564, 2), (0.43406593405400823, 1), (0.43425076449944194, 1), (0.43438914026166087, 3), (0.43445692883352766, 1), (0.4344827586132033, 2), (0.4345070422519899, 1), (0.43451463789777683, 1), (0.434532374097594, 2), (0.4345549737992357, 1), (0.4345898004410477, 1), (0.43469387754215283, 1), (0.4347826086365761, 1), (0.434782608668648, 1), (0.43478260867202323, 1), (0.43478260867674856, 1), (0.4347826086798988, 1), (0.434782608682149, 1), (0.4347826086883819, 2), (0.4348717948628707, 1), (0.43499999997824945, 1), (0.4349999999782523, 1), (0.4350086655074937, 1), (0.4350323043478122, 2), (0.435064935036684, 2), (0.43514644349643683, 1), (0.43516483515527515, 1), (0.4352678571331418, 1), (0.4353182751093133, 2), (0.43533123025644394, 1), (0.43542435420337444, 1), (0.435424354227474, 1), (0.4354838709501679, 1), (0.43548387096422997, 1), (0.4355231143446377, 1), (0.43552519213602897, 1), (0.4355300859349282, 1), (0.4356435643276749, 2), (0.4356435643348671, 1), (0.4356775300022085, 1), (0.4356846472968787, 1), (0.43571428571169113, 2), (0.4357262103142158, 1), (0.43572984747556753, 1), (0.4357298474850595, 2), (0.43575418991978826, 1), (0.4358892777462346, 1), (0.4359526372208862, 1), (0.4359626802337882, 1), (0.43600562581772306, 1), (0.4360699864823602, 1), (0.4360795454483487, 1), (0.43620178035071094, 2), (0.43621399173364567, 1), (0.4363636359669609, 1), (0.4364723467797205, 1), (0.4365192581963399, 1), (0.4365671641628171, 1), (0.43657252273606134, 1), (0.43660629170222626, 1), (0.436697247666357, 1), (0.436708860745672, 1), (0.43686006811028816, 1), (0.4368825466424419, 1), (0.43689320367145473, 1), (0.43689320386228625, 2), (0.4369114877424865, 1), (0.43692307690962756, 1), (0.43695380773486747, 1), (0.4369747898241671, 1), (0.43697478990780836, 1), (0.43703703700466223, 1), (0.4370447450481369, 2), (0.4370860926862882, 1), (0.4370967741900219, 1), (0.43725490195220984, 1), (0.43729903535571063, 1), (0.43734643723898614, 1), (0.4373876572771874, 1), (0.4374999995442838, 4), (0.43749999993163313, 1), (0.437499999931642, 1), (0.43749999993165284, 1), (0.4374999999696156, 1), (0.437659033075171, 1), (0.4376657824353248, 1), (0.4376731301817881, 1), (0.43773584902356366, 1), (0.43773584904834123, 1), (0.43775100399848793, 2), (0.4378698224592969, 1), (0.43789473682366187, 2), (0.4379146919348246, 1), (0.4379157427913639, 2), (0.43793584378136713, 2), (0.4379562043689072, 2), (0.4379947229320298, 1), (0.4380165288803721, 1), (0.4380757420585887, 1), (0.4381338742215743, 1), (0.43821076572829365, 2), (0.4384133611599509, 1), (0.43846153844467367, 1), (0.4386724386661153, 2), (0.43870967740048755, 1), (0.4387568555598257, 2), (0.43877551019289035, 1), (0.43877551019512706, 1), (0.4388422035398913, 1), (0.4388531304599858, 1), (0.43897435896535625, 1), (0.43902439024007606, 1), (0.43913043476351704, 2), (0.4391304347802182, 2), (0.4393723252433787, 1), (0.4394506866362073, 2), (0.43946188334237796, 1), (0.43947100711659026, 2), (0.4395061727309867, 1), (0.439506172817801, 1), (0.43956043953628815, 2), (0.4395604395535388, 1), (0.4396442184955951, 1), (0.43964671245456993, 1), (0.43971631202555456, 1), (0.43972706595572586, 2), (0.4397590361313293, 1), (0.43978430197459717, 1), (0.43979057589320364, 1), (0.43983402488713624, 1), (0.4399092970272159, 1), (0.43999999991199773, 1), (0.43999999994132727, 2), (0.44006568143053915, 3), (0.4400871459503242, 6), (0.4401114206103615, 1), (0.4401913873491976, 1), (0.44032258064160956, 1), (0.44033613443897723, 1), (0.44034090908465434, 1), (0.4403669724501326, 2), (0.4404145077606121, 1), (0.4405458089496741, 1), (0.4406779659522946, 1), (0.4407665505188049, 1), (0.4407853071536358, 1), (0.4407873507440844, 1), (0.4408163264946254, 1), (0.44089920228855295, 1), (0.4409448818203188, 1), (0.4409448818550459, 2), (0.4409799553583595, 3), (0.44102564100301966, 2), (0.44106463877488206, 1), (0.44112149531061057, 2), (0.4411764705557951, 1), (0.4411936804891036, 1), (0.4412070759533582, 3), (0.441243366183158, 1), (0.4413580246845458, 1), (0.4414715718915914, 1), (0.44150943395393555, 1), (0.4416027280439778, 1), (0.4416058393757665, 1), (0.441609420992314, 1), (0.4416403785210315, 1), (0.4416666666298573, 1), (0.4416666666574615, 1), (0.4417549167793684, 1), (0.4417568427471825, 1), (0.44176706818439415, 2), (0.4417670682553511, 1), (0.4418604648593784, 2), (0.4419354837996845, 1), (0.441988950227404, 1), (0.44198895023554596, 2), (0.44199999997789874, 1), (0.4420519315994784, 2), (0.4421052630803301, 4), (0.4421052631113621, 3), (0.442159382919753, 1), (0.4421768707232336, 3), (0.442225392290411, 1), (0.4423380725999485, 2), (0.4423380726465316, 1), (0.4423380726465376, 1), (0.44239130434541984, 1), (0.4424778760800886, 1), (0.4424999999446901, 1), (0.44250871079753384, 2), (0.44253859346680785, 1), (0.4425531914799496, 1), (0.44262295080571873, 1), (0.4427083332180413, 1), (0.4427634896598958, 1), (0.4428044280034302, 1), (0.4428571428481013, 1), (0.44289044286979556, 1), (0.4429065743638097, 1), (0.4429065743638176, 2), (0.4429619746202148, 1), (0.44313725489327227, 1), (0.44314868791745976, 2), (0.44318181815663565, 1), (0.4432132963866158, 1), (0.4432717677866338, 3), (0.44328097729692056, 1), (0.4432855280197316, 1), (0.4432989690264599, 1), (0.44329896906074145, 1), (0.44332493697187125, 2), (0.4433497536509025, 2), (0.44346549185851913, 1), (0.4434782608502855, 1), (0.44351464431434684, 1), (0.4435401831084114, 2), (0.44357212953005803, 1), (0.4435840707915524, 1), (0.4436363635557021, 1), (0.4436525612274555, 1), (0.44368600667451485, 3), (0.44374999997226705, 1), (0.4437499999861343, 1), (0.4438775510090879, 1), (0.4439834024804168, 1), (0.4440298507297045, 1), (0.44406779660263984, 1), (0.44416562102331936, 1), (0.4441964285615109, 1), (0.44423168980160804, 1), (0.44427596663802577, 1), (0.4444444443684732, 1), (0.4444444443999549, 2), (0.44444444440493824, 1), (0.4444444444135794, 1), (0.44444444442508085, 3), (0.4444444444271014, 1), (0.4444444444277036, 1), (0.44444444443072667, 1), (0.444444444436214, 1), (0.4444444444375853, 1), (0.4444444444406713, 2), (0.4445484323797639, 1), (0.4445851804911665, 1), (0.444778362127053, 1), (0.4448780487370853, 1), (0.44505494503048537, 1), (0.4450980392069598, 2), (0.4451282051190706, 1), (0.4451682953069938, 1), (0.4452054794215614, 1), (0.44521739129659543, 1), (0.44523809521159374, 1), (0.4452554744417212, 1), (0.4453333333273968, 1), (0.4453441295185948, 1), (0.44542253517205754, 1), (0.4454342983913761, 1), (0.44549763028953254, 2), (0.44558521556000696, 3), (0.4456140350095359, 6), (0.4456233421159673, 1), (0.44565217390335543, 2), (0.4457142856888137, 1), (0.44574780045578755, 1), (0.4457831324406122, 5), (0.44578313252116375, 1), (0.44582814444717994, 1), (0.44583333331475883, 1), (0.4458598725925323, 1), (0.44594594593590536, 1), (0.4459876543141068, 1), (0.44599303128118556, 1), (0.44606281290641236, 1), (0.4462025316314497, 1), (0.44632086850551655, 1), (0.4463519312666132, 1), (0.4463768115618541, 2), (0.44638120498498335, 1), (0.44640234942049345, 5), (0.446428571418607, 1), (0.446494464928175, 1), (0.44653665094508727, 1), (0.44655081621671194, 1), (0.44661458333042475, 1), (0.4466666666368919, 2), (0.44680851062879134, 3), (0.44687499998603736, 1), (0.4469525958863494, 1), (0.44696969693583427, 1), (0.44699140398584997, 2), (0.4470588235083737, 1), (0.4471744471195162, 1), (0.44720496891632644, 4), (0.4472681066776, 1), (0.4473007710932411, 1), (0.44736842103300695, 1), (0.44745057231118773, 1), (0.4474975466055439, 2), (0.44752018453924614, 1), (0.44755244748986056, 1), (0.4475602916181977, 3), (0.44758064514323576, 1), (0.44764397904587394, 1), (0.447688564455101, 1), (0.44780635399552554, 1), (0.44782608695408593, 1), (0.4479166666608345, 1), (0.44796380089484616, 2), (0.4479999999880522, 1), (0.4481222151210609, 1), (0.4481508339051385, 1), (0.44816053510206777, 1), (0.4481792717003145, 1), (0.4482029598119119, 2), (0.44836956515647225, 1), (0.448430493266839, 1), (0.4485488126412378, 2), (0.4485488126530729, 1), (0.448571428507345, 2), (0.44859813075728644, 1), (0.448660714275698, 1), (0.44866920151238177, 1), (0.44868199660972097, 2), (0.4488017428998326, 2), (0.4488188976024592, 2), (0.44882486732032567, 1), (0.4489603024468583, 1), (0.4489795918000833, 1), (0.4490186692175736, 1), (0.4490566037651156, 1), (0.44912280693876167, 12), (0.4492131615952468, 2), (0.449230769216944, 1), (0.44925124790518367, 1), (0.44933333332733977, 1), (0.44941427049095906, 1), (0.4494328922389072, 1), (0.44943820217505054, 1), (0.449438202241578, 1), (0.4494556764813816, 1), (0.4495289366824284, 1), (0.4495412843624277, 1), (0.44965167827454283, 1), (0.4496908375239067, 1), (0.449704141878781, 1), (0.44972577688304466, 1), (0.4497257769488197, 1), (0.44973544971165474, 1), (0.4498037016012443, 1), (0.4499999999678539, 1), (0.4499999999775, 1), (0.44999999998594037, 1), (0.45004668533239744, 1), (0.45005257623081146, 1), (0.4501216544902657, 1), (0.45013477082882614, 1), (0.45014245011679943, 1), (0.45033112579799683, 1), (0.45034116754776127, 2), (0.4504201680520898, 2), (0.4504347825891121, 2), (0.45045045039972426, 1), (0.4504504504053599, 1), (0.45046789285413247, 1), (0.4504950494826501, 1), (0.4505119452387319, 2), (0.4505208333274649, 1), (0.4505208333303987, 1), (0.4505632039486106, 1), (0.4505971769570796, 1), (0.45061728392279893, 1), (0.4506666666546514, 2), (0.45070422532036186, 1), (0.4507042253450616, 2), (0.45075125204918454, 1), (0.45075757574903824, 1), (0.4507635597445651, 1), (0.45078459343151445, 1), (0.4508150646177154, 1), (0.45081967209419344, 1), (0.450892857132789, 1), (0.45092540659276753, 1), (0.45092838190305734, 1), (0.45098039214802005, 1), (0.4510385756007385, 1), (0.45112781948103303, 10), (0.4511363636107334, 2), (0.45119705336544996, 1), (0.4512195121926185, 1), (0.45128205127279425, 1), (0.4514106582789116, 1), (0.4514106583001362, 1), (0.4514229636810321, 2), (0.4514435695419585, 1), (0.45145391816404723, 1), (0.451467268602643, 1), (0.45150501670730786, 1), (0.4515195368867033, 2), (0.4516129032096167, 1), (0.4516129032181368, 1), (0.4516129032221644, 1), (0.45164192532410263, 1), (0.45167853509204914, 1), (0.45176470587171896, 1), (0.45176752546164345, 1), (0.4517906335963725, 1), (0.4518229166637253, 1), (0.4518574677751934, 3), (0.45188284515046856, 1), (0.4518828451693758, 1), (0.45193929171152736, 1), (0.4519774011044069, 1), (0.4519774011129206, 3), (0.4520471115842972, 1), (0.4520743919238805, 1), (0.45217391302381754, 1), (0.4521849271662281, 2), (0.4522471909477207, 1), (0.45229151013595587, 1), (0.45231071775296566, 1), (0.4523160762696331, 2), (0.45233968803767277, 1), (0.45238095237825965, 2), (0.45239405611159195, 2), (0.452442159266722, 2), (0.4524421593248838, 1), (0.4524886877623327, 1), (0.4524886877725677, 6), (0.45253164555529785, 1), (0.45255474445946625, 3), (0.4525547445145352, 1), (0.452599388351514, 2), (0.45263157886796745, 4), (0.4526315789235469, 1), (0.4526515151429443, 2), (0.4527220630113043, 1), (0.45283018867070135, 1), (0.4528699315190705, 1), (0.45296584781034693, 1), (0.4530612244713092, 1), (0.45312499992919325, 2), (0.453124999929215, 2), (0.4531249999858399, 1), (0.4531339850228216, 1), (0.45315904137458923, 1), (0.4531688165758205, 1), (0.4532258064479564, 2), (0.45333333327288583, 2), (0.4533333333131872, 1), (0.45333333332403236, 1), (0.453362255916122, 1), (0.4533737680026291, 1), (0.4534090908833295, 1), (0.45341614904015864, 1), (0.4534161490542383, 1), (0.4534883718293682, 3), (0.45351473920331586, 3), (0.45353793691002814, 1), (0.4535519125658276, 1), (0.45355648533667303, 1), (0.4537037036967038, 1), (0.4537205081505009, 1), (0.4537815125669081, 1), (0.4538152610350605, 1), (0.4538258574958418, 6), (0.4538341157988439, 6), (0.4538745387286382, 1), (0.4539231174063232, 1), (0.4540059346507407, 1), (0.4540337710217592, 1), (0.4541353382775748, 5), (0.4541641701590532, 1), (0.45425867505020673, 1), (0.4542905215673438, 1), (0.4543209876169266, 1), (0.45433255258680877, 1), (0.4543478260844794, 1), (0.4544319600442576, 1), (0.45445240531311437, 1), (0.4544875874949392, 2), (0.45454545451593925, 1), (0.4545954870415734, 1), (0.4546722454545411, 2), (0.45469522239029575, 1), (0.45472061655280205, 1), (0.4548192770399436, 1), (0.454838709604057, 1), (0.45484949832015037, 1), (0.45489006823006123, 6), (0.45491251676246025, 1), (0.45499999997725116, 3), (0.45500848895662366, 1), (0.45502645497831185, 1), (0.4551020408070425, 1), (0.4551724137146282, 2), (0.45520311627962257, 1), (0.45520581112699204, 1), (0.45521023765163865, 1), (0.45522388058003144, 1), (0.4554455445243847, 1), (0.4554973821751044, 1), (0.4555555555429038, 1), (0.4556213017481914, 1), (0.4556541019930384, 1), (0.4557291666607316, 1), (0.4557291666636993, 1), (0.45573770491554044, 1), (0.45574771108387035, 1), (0.45585874797894693, 1), (0.4559819412886705, 2), (0.45606694558760696, 1), (0.45607476633809235, 1), (0.4561403508238563, 1), (0.4561403508543302, 1), (0.45614035085718563, 6), (0.456140350859401, 1), (0.45624999998574295, 1), (0.45627376424988153, 1), (0.4563106793901664, 1), (0.4563106795895034, 2), (0.4563617244957236, 1), (0.4564063684574934, 3), (0.45648604267794735, 1), (0.45649072752558556, 1), (0.45659163985670237, 1), (0.45662100452451, 1), (0.45664105377702663, 1), (0.4566929133139014, 3), (0.4566929133139055, 4), (0.4566929133498635, 1), (0.456715021055418, 1), (0.4567474048126741, 1), (0.456747404812682, 1), (0.4567901234003952, 1), (0.45685840707459185, 1), (0.45686274508908026, 2), (0.45688350981975784, 1), (0.4568965517044453, 1), (0.4569160997473408, 2), (0.4569288389456088, 1), (0.4570024568901723, 1), (0.457031249997023, 1), (0.4571428570741123, 1), (0.45714285711020247, 1), (0.4571428571335296, 1), (0.4571428571401372, 1), (0.457311089294262, 1), (0.45733788380295864, 1), (0.4574209245630797, 2), (0.4575163398493459, 1), (0.45751633986073775, 1), (0.45756042718057427, 3), (0.45758354754607666, 1), (0.4576509124920104, 1), (0.4576556365419136, 1), (0.45768025075500895, 2), (0.4577284372253198, 1), (0.45775913720516653, 1), (0.45776566754998516, 2), (0.45779685258114367, 1), (0.4578313252828221, 2), (0.4578313252920134, 1), (0.45788849342136007, 1), (0.4578920827006667, 1), (0.4579397210955547, 1), (0.4579439251908578, 1), (0.45794392522295185, 1), (0.4579545454285281, 1), (0.4579831931810969, 1), (0.45806451605514664, 1), (0.4581690757754786, 1), (0.4581881533061097, 1), (0.45823389020385547, 2), (0.45833333323784375, 1), (0.45833333330150694, 2), (0.4583333333303496, 1), (0.4583987441058305, 1), (0.4584382871305592, 2), (0.45852187027274616, 1), (0.45855379187095013, 1), (0.4585635358693795, 1), (0.45862628447561665, 1), (0.4586340921455503, 1), (0.4587155961899898, 1), (0.458715596288191, 1), (0.4587155963022186, 2), (0.4587773415334433, 2), (0.45878136199072345, 1), (0.4588235293577828, 1), (0.4588859415836999, 2), (0.45910290235043977, 2), (0.45910290236255935, 1), (0.45918367345767475, 2), (0.4592592592214622, 1), (0.45934379457261787, 1), (0.4593749999282219, 1), (0.45942571784694863, 1), (0.4594363791552635, 1), (0.45943896891236113, 1), (0.4594594594576341, 1), (0.4595103577981377, 2), (0.45952269536518664, 1), (0.4595744680753263, 1), (0.4596273291782775, 1), (0.45962732918540744, 1), (0.45973645680146297, 1), (0.4597390913159699, 1), (0.4597701149274297, 3), (0.4598698481063058, 1), (0.4599999999080023, 1), (0.45999999995400226, 1), (0.45999999996933183, 1), (0.4599999999744429, 1), (0.4600938967064156, 1), (0.4601542416334177, 2), (0.4601769911463701, 1), (0.460220318226188, 1), (0.4602422327516554, 1), (0.46025104600584765, 1), (0.4603174602931078, 2), (0.46039603958116654, 1), (0.4604051564953593, 1), (0.460487804833123, 1), (0.4605263157793731, 2), (0.4605543709824895, 1), (0.46078431371645523, 1), (0.4609374999939983, 1), (0.46103183314026325, 1), (0.46111111108549446, 1), (0.4611260052383126, 1), (0.46112600535368736, 1), (0.46123650636975017, 1), (0.46125461250357475, 1), (0.4612954186389628, 1), (0.4614512471393731, 2), (0.46153846145957206, 1), (0.46153846151309363, 1), (0.4615384615147929, 1), (0.4615384615236709, 1), (0.4615384615264276, 1), (0.46171171165971997, 1), (0.46176470585971807, 1), (0.46180555553951885, 1), (0.4618473895489572, 1), (0.4618809126064601, 1), (0.46190476190200924, 1), (0.4619225967482885, 2), (0.46192893398670554, 1), (0.46195652167636064, 1), (0.4619565217140247, 1), (0.4619911721205536, 1), (0.46204620458996465, 1), (0.4620689654375757, 1), (0.4620811287314967, 1), (0.4621424565080131, 1), (0.4621968616196567, 1), (0.4622030237481069, 1), (0.46234860452626536, 1), (0.4623655913481395, 1), (0.4624999999807301, 4), (0.4624999999855491, 1), (0.4625228519111044, 1), (0.46260869564814966, 1), (0.4626647144881005, 1), (0.4626654064162897, 1), (0.4627249357207529, 2), (0.4627450980301405, 1), (0.4628571428306887, 2), (0.46288209605975894, 1), (0.46296296287723104, 1), (0.4629629629343853, 1), (0.4629629629543896, 2), (0.4629753168470326, 1), (0.46299999997684954, 1), (0.46302250800881145, 2), (0.4630541871769121, 2), (0.46312684365098794, 1), (0.46315789468808627, 1), (0.463157894712451, 1), (0.4631992149074942, 2), (0.4632034631031993, 1), (0.4632086851069755, 1), (0.46322722282188156, 1), (0.46326276462109306, 1), (0.4633507853281829, 1), (0.4634146340898226, 2), (0.46341463414230427, 2), (0.4634289057657493, 1), (0.46351931323840684, 2), (0.46351931326494267, 1), (0.4635416666606287, 1), (0.46363636359421695, 1), (0.4636678200371102, 1), (0.46370023408343547, 2), (0.46371882083539084, 1), (0.4637288135561757, 1), (0.4638655462028937, 1), (0.46387832697855363, 1), (0.4638783269873813, 1), (0.4639175257253699, 1), (0.4639405204426446, 1), (0.46397188046491195, 1), (0.4640522875513703, 2), (0.4641148325136814, 1), (0.4641255605329079, 1), (0.4641975308068884, 1), (0.46422338560833704, 3), (0.4643095396621525, 1), (0.4643799472050438, 1), (0.464454976259304, 1), (0.46445497627885907, 1), (0.46455505277633286, 2), (0.4645669290972768, 1), (0.46464646455259734, 1), (0.46464646462769105, 2), (0.4647058823438302, 1), (0.4649746192421332, 2), (0.46504992866668904, 1), (0.4650571791022828, 1), (0.46511627879934136, 1), (0.46515679442103314, 1), (0.46516192344523827, 4), (0.46521202140607143, 1), (0.4652665588909095, 1), (0.4652777777454628, 1), (0.46530612243948727, 1), (0.46545454542069253, 2), (0.4654761904734187, 1), (0.46550416982209664, 1), (0.46550757148258937, 1), (0.4655172412990557, 1), (0.46551724133917893, 1), (0.4655172413592481, 1), (0.4656249999854521, 1), (0.4656437624772724, 1), (0.46575342459373037, 1), (0.4657534246256343, 1), (0.46575342464593533, 2), (0.46583850930230253, 3), (0.46586345380590105, 1), (0.46589018301278307, 1), (0.4659090908826109, 1), (0.46592065106342095, 1), (0.4660194172495223, 6), (0.46603688708742197, 1), (0.46606334840574265, 2), (0.46616541346373325, 2), (0.4661979448325234, 1), (0.4662379421071946, 1), (0.46629213476596804, 1), (0.4663212435112336, 1), (0.46635367761398727, 1), (0.46641791043035735, 1), (0.46658259771542965, 1), (0.4666666665802455, 1), (0.46666666658479067, 4), (0.46666666660444445, 1), (0.46666666662777967, 1), (0.46666666663555556, 1), (0.46666666664592593, 1), (0.46666666665422224, 1), (0.4666666666580235, 1), (0.46666666665802975, 1), (0.46687697157937474, 1), (0.4668838219073361, 1), (0.4669603523543385, 1), (0.46700507611842873, 1), (0.4670109007404824, 1), (0.46704331448335473, 4), (0.4670658682075346, 1), (0.46708463949111306, 2), (0.4670912950969386, 1), (0.46712018137941586, 1), (0.4671246319829801, 1), (0.4671532846488054, 1), (0.46723646720984785, 2), (0.46724137930229526, 2), (0.46728971953882237, 1), (0.46728971958249926, 3), (0.46728971960869947, 1), (0.46753246750210825, 2), (0.46756032171330975, 1), (0.4677137870691933, 1), (0.4678362572552263, 1), (0.46783625729170064, 1), (0.46783625730082234, 1), (0.4679457182944883, 1), (0.467948717933716, 2), (0.46795523905932923, 1), (0.4681818181605351, 1), (0.468197879854521, 1), (0.4682274247413344, 1), (0.46823956441132025, 2), (0.46824408467077766, 1), (0.4683595324447058, 1), (0.46853677027696444, 1), (0.46861924684231954, 1), (0.46861924684885226, 2), (0.46862745097120295, 1), (0.4686346863036305, 2), (0.46868342562979565, 1), (0.4686998394713072, 2), (0.4687208216532439, 1), (0.4687499998779322, 1), (0.46889952130675455, 1), (0.4689863842591688, 1), (0.4690873405207242, 1), (0.46913580243052266, 1), (0.4691358024459686, 2), (0.46923597024699365, 1), (0.46930193439470846, 1), (0.4693333333208154, 1), (0.46938775507543035, 1), (0.4693877550924615, 6), (0.469406392651195, 1), (0.4694533761756019, 2), (0.4695652173708914, 1), (0.46962233167587314, 1), (0.46964643092263597, 1), (0.4696569920720398, 1), (0.46981132074585225, 1), (0.4698795179779432, 1), (0.46987951805342076, 1), (0.46987951806285394, 1), (0.4699029125301185, 2), (0.46992692521248325, 1), (0.46994535518868885, 1), (0.4699738903148844, 1), (0.46998284732521695, 1), (0.4699943914486825, 3), (0.4699999999921637, 1), (0.4701754385140164, 2), (0.47019867546555233, 1), (0.4702194356629743, 1), (0.4702194357071966, 1), (0.4702194357293056, 1), (0.47027027025756274, 2), (0.47029077116977963, 1), (0.4702970296796885, 3), (0.4704370179343943, 2), (0.47058823474049427, 2), (0.4705882352545752, 1), (0.4705882352728301, 1), (0.470588235273611, 3), (0.47058823527434196, 2), (0.47058823527829957, 2), (0.47058823528489047, 1), (0.47058823528532684, 1), (0.4705882352909381, 1), (0.47064178422983055, 1), (0.47080979282595903, 1), (0.47082906856764, 1), (0.4708480565329424, 1), (0.4709480122036139, 2), (0.47098065373775966, 1), (0.47098214284662837, 1), (0.47098976093140243, 1), (0.4709897610600076, 1), (0.47104247086061124, 1), (0.47106598979989067, 3), (0.47110621901644956, 1), (0.47111111106923054, 1), (0.47111111109017384, 3), (0.4711864406699753, 1), (0.471190780989605, 1), (0.4712286158264982, 1), (0.4714946070151777, 2), (0.47172859443106435, 1), (0.4717444716285654, 1), (0.47179487178277685, 1), (0.47182727751199843, 1), (0.47187499992626625, 1), (0.47188533622140233, 1), (0.47191011229327173, 1), (0.4719405003348763, 2), (0.47195357832742973, 1), (0.4720121028601472, 1), (0.4720194647087133, 1), (0.47202441505115045, 3), (0.47204968941167635, 1), (0.4720496894263276, 2), (0.47210300425132257, 1), (0.47217537940010074, 1), (0.4723032068593872, 2), (0.4723404255218613, 1), (0.47244094480748794, 3), (0.4724409448446901, 1), (0.47244094486949023, 1), (0.4725536992727348, 1), (0.4725897920515581, 1), (0.47261345852155184, 1), (0.47266881027419183, 1), (0.47272727229755823, 1), (0.47289504036363417, 1), (0.4730679155800755, 4), (0.47308567095926435, 1), (0.47318611984396236, 1), (0.47334754795422346, 1), (0.47335423190072906, 1), (0.4733727810370792, 2), (0.4734133790575146, 1), (0.47346938771644775, 2), (0.47350620066576066, 1), (0.47360482653171804, 1), (0.47368421044322223, 1), (0.4736842104764543, 2), (0.47368421050138504, 1), (0.47368421051672804, 1), (0.47378640767499197, 2), (0.4738095238067003, 2), (0.473815461287555, 1), (0.47382198951639287, 1), (0.47386363633671347, 2), (0.4738805969972458, 1), (0.47393364924417897, 2), (0.473933649266639, 1), (0.4740259739951945, 1), (0.47404063203277397, 1), (0.47405900304706333, 1), (0.47407407405066415, 1), (0.4741144413910598, 2), (0.47419354838327044, 2), (0.4743326488219399, 1), (0.47433903573294534, 1), (0.47440699125499897, 3), (0.47442383358772144, 2), (0.47457627116856327, 2), (0.4745762711749481, 1), (0.4746019711866965, 1), (0.4746666666540077, 1), (0.47468354415358166, 1), (0.4746945898612644, 1), (0.47476635512244036, 1), (0.47477744800077254, 1), (0.4747774480430393, 1), (0.4747774480571277, 1), (0.47478991594643527, 2), (0.4748078565247719, 1), (0.4748858447343992, 1), (0.47492625368030844, 1), (0.4749340369267831, 3), (0.47498562389448024, 1), (0.474999999925784, 1), (0.47499999996042047, 1), (0.4749999999730115, 1), (0.47499999997625, 2), (0.47499999998515774, 1), (0.47499999999741654, 1), (0.47505668931547307, 1), (0.4750656167854324, 1), (0.47507331364367533, 1), (0.47513812150321305, 1), (0.4752851710936266, 1), (0.4752891692904792, 1), (0.47540983606297593, 1), (0.47555555553442175, 1), (0.4756335282465552, 1), (0.4756554306225359, 1), (0.4756756756435326, 1), (0.4757033247960166, 1), (0.4757709250053431, 2), (0.4758257539469805, 1), (0.4758620688834756, 1), (0.4758842443576868, 1), (0.47589098531497137, 1), (0.47590361444350177, 3), (0.47604002106120885, 2), (0.47604639434958906, 1), (0.47605224963024134, 2), (0.47613636360930955, 1), (0.47615062759514043, 1), (0.4761904760874017, 1), (0.47619047614008625, 1), (0.47619047616348037, 2), (0.4761904761742778, 2), (0.47632311971082214, 1), (0.47638603691207626, 2), (0.47646219685483127, 1), (0.4764705882259507, 1), (0.4764890281384794, 2), (0.47648902818329397, 1), (0.4766097963414093, 1), (0.4766444232557036, 3), (0.47665580887748693, 1), (0.47670250894348615, 1), (0.4767676767484116, 1), (0.47684515193643573, 1), (0.47688564475725226, 1), (0.47690387015633884, 2), (0.4769647695830679, 1), (0.4769874476588338, 1), (0.4769999999761496, 1), (0.47704367299450984, 1), (0.47706422003760746, 1), (0.4770642201397176, 1), (0.47710843361997235, 2), (0.47721179611870396, 1), (0.47727272724561404, 1), (0.47731092435370537, 1), (0.4773333333206069, 1), (0.4773809523525354, 1), (0.47741935476170305, 1), (0.4774951076227468, 1), (0.4775086504364155, 1), (0.4775627830363211, 1), (0.4776119402883249, 1), (0.47769028870137464, 1), (0.4777415852075068, 1), (0.4777517563283889, 1), (0.4778156994956292, 4), (0.47781569965055, 1), (0.47784200383515324, 1), (0.47787610616649034, 1), (0.4778761061841153, 1), (0.47792998476475207, 2), (0.4779411764354447, 1), (0.47805788981366715, 1), (0.47814910013415535, 1), (0.47819062997121003, 1), (0.47819548864989603, 1), (0.47822374038465926, 1), (0.4782608695503668, 2), (0.4783273839828841, 1), (0.478350515444188, 1), (0.47846889929259784, 2), (0.47850467287930654, 1), (0.4785553047188014, 2), (0.4786324785506515, 2), (0.4787644787275125, 1), (0.47881122727139075, 1), (0.47882136275517256, 1), (0.4788990825248713, 1), (0.47890088320944224, 2), (0.4789356984266563, 1), (0.4789915965984088, 2), (0.47905282330639504, 1), (0.47909967844118906, 1), (0.4791288566069306, 2), (0.47916666665002716, 1), (0.47919293819422437, 1), (0.4793028322231243, 3), (0.4793152639018636, 1), (0.47940074897389107, 3), (0.4794952681085499, 1), (0.4795321637239825, 1), (0.4795918367224591, 1), (0.4795982423086021, 1), (0.479638009006363, 1), (0.47963800903530474, 1), (0.4797047970037167, 1), (0.4797334813725851, 1), (0.4798387096580528, 1), (0.479999999936003, 5), (0.47999999995199544, 1), (0.47999999995733134, 1), (0.479999999968003, 2), (0.4799999999760011, 2), (0.4799999999786697, 1), (0.48003293536237257, 1), (0.4800443458953452, 1), (0.4802110817815263, 1), (0.4802527645370837, 2), (0.48027057491766834, 2), (0.4803149605921034, 1), (0.4803149606173138, 1), (0.4803370785842233, 1), (0.48034934496767845, 1), (0.4804045511949385, 2), (0.4804928131219547, 2), (0.4806866952102004, 1), (0.48071216615783635, 1), (0.4807492195529487, 1), (0.48076923075073963, 1), (0.48079034027484796, 2), (0.4808080807886533, 1), (0.4808362368500262, 1), (0.48086359174718635, 2), (0.480874316937263, 1), (0.48093841628125455, 2), (0.48098159503301, 1), (0.48099891419755736, 1), (0.48106060596949984, 1), (0.4810690423108982, 1), (0.4810765348992379, 1), (0.4812108559473834, 2), (0.48121144136392807, 1), (0.481228668933769, 1), (0.4812499999849638, 1), (0.4813059504977267, 1), (0.4813631522845411, 1), (0.4814063556424501, 1), (0.48142164774129204, 1), (0.481434058837203, 1), (0.48148148103564287, 1), (0.48148148142203684, 1), (0.4814814814458162, 2), (0.48148148146166797, 1), (0.481481481466622, 1), (0.4814814814799693, 1), (0.48153618905519674, 2), (0.4815724814541655, 1), (0.4815983175554009, 2), (0.4816326530513934, 1), (0.4816544362587266, 1), (0.4817642069509616, 1), (0.4818481847866744, 1), (0.4818763326020493, 1), (0.4818897637036402, 1), (0.4819277108336945, 1), (0.48196721310685453, 1), (0.4819840898433229, 1), (0.48199445982044714, 1), (0.4820512820265603, 1), (0.48211508549906096, 1), (0.4822580645122376, 1), (0.48230088494508544, 3), (0.4823151125091755, 1), (0.48231511252468406, 1), (0.48235294116701316, 1), (0.482428115008264, 1), (0.48243559707670225, 1), (0.4824824824341848, 2), (0.48254620118249714, 1), (0.4826546002870998, 3), (0.48266666665379315, 1), (0.4827586206064145, 1), (0.48275862061398445, 1), (0.4827586206738027, 1), (0.4827586206820899, 1), (0.48285714285024744, 1), (0.48286604357609975, 1), (0.4829886590738503, 1), (0.48305084743716226, 1), (0.4830601092843411, 1), (0.48314606732525156, 1), (0.48314606739763755, 1), (0.48318042810499523, 1), (0.4832140891313598, 1), (0.48327137546109095, 1), (0.4834123222290539, 1), (0.48350121569821564, 1), (0.48351648341021547, 2), (0.48351648349523, 1), (0.48366013068734065, 1), (0.48366013069788094, 3), (0.48369565216733895, 1), (0.483731019470309, 1), (0.4838709677245928, 2), (0.4839506171644589, 2), (0.4839506172441269, 2), (0.4839999999806409, 1), (0.4840182647959816, 1), (0.48401826482545096, 1), (0.48402948397001977, 1), (0.48403361342911116, 1), (0.4840336134372462, 1), (0.4842105262429753, 1), (0.48421052626482236, 1), (0.48421052629029515, 2), (0.4842105262954017, 2), (0.48427073402779663, 1), (0.48430493272818065, 1), (0.4843148045963505, 2), (0.48432432429814504, 1), (0.4844036696803298, 1), (0.4844290657104186, 1), (0.48444444442291257, 6), (0.48446550813668116, 1), (0.4845679012270917, 1), (0.4846526655113648, 1), (0.48469387753865667, 1), (0.48471615719995, 1), (0.48475120383676307, 1), (0.4847583642762252, 1), (0.48491155045816997, 1), (0.4849302744017761, 1), (0.4849397589631166, 1), (0.48494983275970105, 1), (0.48496993978257485, 1), (0.48501362395177006, 2), (0.4850213979959347, 1), (0.48505550810444165, 1), (0.4851330203366952, 2), (0.485165794049387, 1), (0.4851811196380846, 1), (0.48522550540550363, 1), (0.48525569240443206, 1), (0.4852791877679952, 1), (0.4853333333268634, 1), (0.48543689296823395, 1), (0.4854368930467836, 1), (0.48548812662345375, 3), (0.4855875831458688, 1), (0.48562300318454454, 1), (0.48563968665871154, 1), (0.48566792860743363, 1), (0.4856770833301704, 1), (0.4857142856448947, 2), (0.4857142856795886, 1), (0.48580441637313754, 1), (0.48582995950433455, 2), (0.48587570619639314, 1), (0.48589341692028243, 3), (0.485955056111519, 2), (0.4859813083657956, 2), (0.4859813083658035, 3), (0.48598130839304743, 2), (0.4861407249259574, 1), (0.48618784525909686, 1), (0.4861932938616275, 1), (0.48633879780534495, 1), (0.48639644639164903, 1), (0.4864091558674636, 1), (0.4864864864489169, 1), (0.48648648645361464, 1), (0.4866180048543413, 2), (0.48664688425855857, 1), (0.48665297736276997, 1), (0.48677248672097945, 1), (0.48677248675531465, 1), (0.4868035189188338, 1), (0.4868913857617095, 1), (0.4869109947389029, 1), (0.486956521734896, 1), (0.48699132751921387, 2), (0.4870466321117376, 1), (0.48708487083073715, 1), (0.4871060171849988, 1), (0.4871194378250289, 3), (0.4871794871638659, 1), (0.4874999999238284, 3), (0.4874999999695284, 1), (0.4874999999723028, 1), (0.4874999999847664, 1), (0.4875135721776607, 1), (0.4875994384628559, 1), (0.4876033057649723, 1), (0.48763250882961473, 1), (0.4876441515490124, 2), (0.4877126653879875, 1), (0.4877323419711729, 1), (0.4878048779637933, 1), (0.48780487802714684, 1), (0.48780487802714934, 1), (0.4878787878418276, 1), (0.48791455871343914, 1), (0.4879288436482902, 1), (0.48793565670564676, 1), (0.4879518072142122, 1), (0.48799999993493665, 1), (0.48801742917263763, 1), (0.48803827727845467, 3), (0.4880434782582132, 1), (0.4881209503134375, 1), (0.48816568044929964, 1), (0.4881889763010788, 2), (0.4881889763395167, 1), (0.4881889763504999, 1), (0.4882486732335997, 1), (0.48829431436494114, 2), (0.4883255503636521, 1), (0.4883303410254399, 1), (0.48833034110433515, 1), (0.4883720927393043, 1), (0.48837209298539486, 3), (0.48843187659412807, 1), (0.48850574711941863, 3), (0.48851774528230807, 1), (0.4885906039940523, 1), (0.48859934850767606, 1), (0.4886363636085976, 1), (0.4886561954454225, 1), (0.4886649872824517, 1), (0.48867924527379814, 2), (0.48868778280266906, 2), (0.48871442589816033, 1), (0.4887459806916813, 1), (0.4887556221156284, 1), (0.4888438133824647, 1), (0.4888888887681734, 9), (0.4888888887802444, 2), (0.48888888882853004, 1), (0.4888888888345654, 1), (0.4888888888454321, 1), (0.4888888888671605, 1), (0.4888888888798371, 1), (0.48902821308949396, 2), (0.48903878580724786, 2), (0.48907388136339125, 2), (0.4891304347799504, 1), (0.4892703862241018, 1), (0.48928571425659145, 1), (0.48932676517276374, 2), (0.48934010147316304, 3), (0.48947368418476217, 1), (0.48949771685027593, 1), (0.4896142432508001, 2), (0.4896421845389974, 2), (0.48965517238002537, 1), (0.48967551619529537, 2), (0.48969072158638033, 1), (0.48971962614992215, 1), (0.4897518877573053, 2), (0.48976497346103187, 1), (0.4897959183273636, 1), (0.48979591835735115, 9), (0.48987108651106165, 1), (0.4898828540896731, 1), (0.48994515530348487, 1), (0.489999999938752, 1), (0.4899999999918273, 1), (0.49001814880254096, 1), (0.4901138406201919, 1), (0.49017933389427654, 1), (0.4901806755310132, 1), (0.4901850812961207, 1), (0.4901960783993332, 2), (0.49028400597174665, 1), (0.4903225806293459, 1), (0.4903225806412049, 1), (0.4903357070143434, 1), (0.490358126708254, 1), (0.49050086347313954, 1), (0.49056603764329265, 1), (0.49063670402796716, 1), (0.49066002489438104, 1), (0.490683229783187, 1), (0.49076517147805776, 1), (0.49081803003369345, 1), (0.49086576644234625, 1), (0.4909090908793471, 1), (0.49090909088119694, 1), (0.49095607222456006, 1), (0.490990990935701, 2), (0.4909939959645774, 1), (0.4910394265056914, 1), (0.4910836762014958, 1), (0.4911032028120292, 1), (0.49112426032596695, 1), (0.49122807015081366, 1), (0.49122807015389025, 1), (0.49128127368846747, 2), (0.49128919852067937, 1), (0.4912998976357983, 1), (0.49130434782341487, 3), (0.4913678618205339, 1), (0.4913705583257527, 1), (0.4914150384552129, 1), (0.4914675766240729, 1), (0.49149338373361934, 1), (0.4915254236455215, 1), (0.4915730336388227, 3), (0.4916003536606251, 1), (0.4916201117043896, 1), (0.49166062360466806, 1), (0.4918032785733423, 2), (0.4918851435643891, 2), (0.49190938506020515, 1), (0.4920198128512917, 1), (0.4920494699603178, 1), (0.49216300932724427, 1), (0.49216300939667634, 1), (0.4921874999935925, 1), (0.49223946782739464, 1), (0.4922535211250311, 1), (0.49225473321011826, 1), (0.49230769229759375, 1), (0.49233128830580436, 2), (0.4923747276581153, 2), (0.49238578677703887, 1), (0.49241146708867733, 2), (0.49253731341445905, 2), (0.4925816023592673, 2), (0.49261083742224615, 3), (0.4926289926229397, 1), (0.4926522043042208, 1), (0.4926686215564046, 2), (0.4926798217382111, 1), (0.4927536231169865, 1), (0.49281314166354134, 2), (0.4928571428278042, 1), (0.49289099523730345, 1), (0.49299719887034765, 1), (0.4930114357696292, 1), (0.4930662557021445, 1), (0.49315068489176916, 1), (0.4931921331166938, 1), (0.4932126696804725, 1), (0.4932330826325963, 1), (0.4932362122686126, 1), (0.49327354259352285, 1), (0.49333333331140844, 1), (0.49333333332675555, 1), (0.4934086628816016, 1), (0.4934383201970219, 1), (0.49353569418248605, 1), (0.4935543277630264, 3), (0.49357326471805374, 2), (0.4935805991370381, 1), (0.493601462432612, 1), (0.4936014625048039, 1), (0.4936170212660894, 1), (0.49370277065650736, 2), (0.4937238493310677, 1), (0.49372384935861163, 1), (0.4937499999845725, 1), (0.4938126104832795, 1), (0.4938271604328612, 1), (0.49382716046334435, 1), (0.4938271604862067, 1), (0.4938650306369737, 3), (0.4939550949060557, 1), (0.49395973151047323, 1), (0.49411764698616034, 4), (0.4942965779091798, 2), (0.4942965779279744, 2), (0.4942965779373717, 1), (0.4943138741433318, 1), (0.4943820224024706, 1), (0.4944586530222128, 1), (0.4944649446038308, 1), (0.49446494463120033, 2), (0.49450549447832265, 1), (0.49450549449190956, 1), (0.4946236558962488, 1), (0.49466666666006986, 1), (0.4947209652942766, 1), (0.49473684205319035, 1), (0.49484536077372315, 2), (0.4949928468533604, 1), (0.49499666440994095, 1), (0.4951267056337094, 1), (0.4952076676525157, 1), (0.49527410207003697, 1), (0.49530956838736784, 1), (0.49532710278058845, 1), (0.4953846153465087, 1), (0.49539594838900614, 1), (0.4954314720309205, 5), (0.49557522080037986, 1), (0.4955752211512397, 2), (0.49557522122797554, 1), (0.49557522123345565, 3), (0.49557522123455244, 1), (0.4956413449440713, 1), (0.4957746478524111, 1), (0.4957983192860664, 1), (0.49583017437076743, 1), (0.495840266206465, 1), (0.49599999990079796, 1), (0.49604221633266177, 1), (0.4960505529199775, 1), (0.49607843136282115, 1), (0.4961439588051246, 2), (0.4961948249468417, 1), (0.4961997828177947, 1), (0.49633088722506086, 1), (0.4963503648910388, 1), (0.4964336661840769, 1), (0.4964539006740096, 1), (0.4964871193216556, 2), (0.49649649644679467, 1), (0.49649805447277773, 1), (0.4965517240523267, 2), (0.4965870307082486, 1), (0.4966139954629073, 1), (0.49673202611132583, 2), (0.496732026122146, 4), (0.4968421052422363, 2), (0.49687499998447554, 1), (0.49687890136708013, 1), (0.49689440990702627, 1), (0.49689440992245604, 1), (0.4969400244676392, 1), (0.4970414200595278, 1), (0.49704142008893176, 2), (0.4971264367744659, 1), (0.4971910111661264, 3), (0.4972375690149859, 1), (0.49735449730187264, 1), (0.49739854317383386, 1), (0.49743589741039024, 2), (0.49746192890875623, 1), (0.497512437761441, 1), (0.4975288302966259, 1), (0.4976076554904867, 1), (0.49761904758942793, 1), (0.4976525821518386, 1), (0.49767441858150563, 1), (0.4977777777335329, 1), (0.49777777775565635, 1), (0.49781659386472366, 1), (0.4978723404149409, 1), (0.4979591836328215, 2), (0.49799196786148797, 1), (0.497999999975099, 1), (0.4981084489124181, 1), (0.498154981531434, 1), (0.4982053122399028, 2), (0.49826989615929085, 2), (0.4982935151882997, 2), (0.4983089064149226, 1), (0.4983606557295366, 1), (0.49843260187306676, 1), (0.4984615383081671, 1), (0.4984615384231967, 2), (0.49851632045998945, 1), (0.49852681201533783, 1), (0.4985279685868784, 1), (0.4985337241939755, 1), (0.49856733521498475, 1), (0.4986737399869126, 2), (0.4987146528921954, 1), (0.4987405540305487, 1), (0.49874055413105123, 2), (0.4988085781970741, 1), (0.498830135701922, 1), (0.49906890121060254, 1), (0.4991568296515362, 1), (0.49924357033285094, 1), (0.4992526157699138, 2), (0.49932885902689034, 1), (0.49937578026842, 2), (0.4994535519098371, 1), (0.49947970862644214, 1), (0.49999999943180207, 1), (0.49999999953699753, 3), (0.4999999997340425, 1), (0.4999999999074074, 1), (0.4999999999218728, 1), (0.4999999999218839, 1), (0.4999999999297743, 2), (0.4999999999305437, 2), (0.49999999995371425, 1), (0.49999999995833333, 5), (0.49999999996428574, 1), (0.49999999996527383, 1), (0.49999999996666666, 3), (0.49999999996753247, 1), (0.49999999998437505, 2), (0.4999999999849364, 1), (0.49999999998902767, 2), (0.4999999999916667, 1), (0.4999999999956426, 1), (0.500281056745345, 1), (0.5003790750530673, 3), (0.5004468275156306, 2), (0.5004906771246225, 2), (0.5005005004503998, 1), (0.5005086469938941, 2), (0.500539374271786, 3), (0.500635323951634, 1), (0.5007153075106276, 1), (0.5008025681379121, 1), (0.5008025682022189, 1), (0.5008255365712267, 1), (0.500834724499096, 2), (0.5008635577718683, 1), (0.5009107468032613, 1), (0.5009208102669507, 1), (0.5009451795746516, 1), (0.5010101009898572, 4), (0.5010438413151955, 2), (0.5010482180188475, 1), (0.5010893245969027, 1), (0.5010989010768738, 1), (0.5011152415984312, 1), (0.5011286681489335, 1), (0.5011286681489348, 2), (0.5011494252643139, 1), (0.5012087026187607, 1), (0.5012787723656922, 1), (0.5013054830025446, 1), (0.5013623977928447, 1), (0.501440922188138, 1), (0.5015432098688036, 1), (0.5015673980876764, 2), (0.5016722407942869, 1), (0.5016949152202302, 1), (0.501724987653935, 2), (0.5017543859631518, 1), (0.5018359852998339, 1), (0.5018450184316677, 1), (0.5018726591697598, 2), (0.5020408163162831, 1), (0.5020576130998589, 1), (0.502057613148064, 2), (0.5020746887862598, 1), (0.5020920501881975, 6), (0.5021276595637826, 2), (0.5021770681419202, 2), (0.5022026430980551, 1), (0.5022421524513511, 1), (0.5022624434360744, 2), (0.5023342670307709, 2), (0.5023696681670834, 1), (0.5023696682226316, 1), (0.5024630541376918, 2), (0.5024630541706896, 4), (0.5025125628014436, 1), (0.5025125628098613, 1), (0.5025238362028895, 1), (0.5025817555851542, 2), (0.5026041666633929, 2), (0.5026288117717939, 1), (0.5026929981144205, 1), (0.5027144407978981, 1), (0.5027237354066035, 1), (0.5027322404096904, 1), (0.5027624308929304, 1), (0.5027932959957528, 1), (0.5028089886934222, 1), (0.5029288702718437, 1), (0.5029585798518966, 5), (0.5030425963284754, 1), (0.503067484600853, 1), (0.5030674846471459, 1), (0.5031982942216091, 3), (0.5032258064434935, 1), (0.5032679738233184, 2), (0.5033365109580248, 3), (0.503393665155524, 1), (0.5034013604586057, 1), (0.5034722221785198, 1), (0.5035095928848669, 2), (0.5035714285414559, 1), (0.5035823950766913, 1), (0.5036319612468849, 1), (0.5037037036622456, 2), (0.5037037036788317, 1), (0.5037593984773074, 2), (0.5037656903554899, 3), (0.5038236617161322, 1), (0.5038659793489778, 3), (0.5039110745141894, 1), (0.5039370077946609, 2), (0.5039370078343344, 1), (0.5041186161283707, 1), (0.5041551246397704, 2), (0.5042016805663448, 9), (0.5042881646482253, 1), (0.5042881646568713, 1), (0.5043103448058509, 1), (0.5043415339904375, 1), (0.5043988268315548, 2), (0.5044247787387357, 1), (0.5044722719051038, 1), (0.5045045044540052, 2), (0.5045372050633603, 1), (0.5045871559170114, 1), (0.5046025104391362, 1), (0.5046040515189154, 1), (0.5046296296218432, 1), (0.5047080979094315, 3), (0.5047779651205863, 1), (0.5048543688340127, 3), (0.5048543689075365, 1), (0.5049833886707588, 1), (0.5049999999747454, 1), (0.5049999999747511, 1), (0.5051546391231782, 2), (0.5052264807482136, 2), (0.5052316890730826, 2), (0.5052316890806413, 2), (0.5052356020810168, 1), (0.5054945053834122, 4), (0.5054945054667198, 1), (0.505529225881753, 1), (0.5055292259057105, 1), (0.505535055303917, 1), (0.5055762081408506, 2), (0.5055837562938515, 1), (0.5056179774570779, 2), (0.5057471264201719, 1), (0.5058087578104401, 1), (0.5058548008182957, 4), (0.505862646561924, 1), (0.505902192214395, 5), (0.5059171597383658, 1), (0.5059999999747002, 1), (0.5061224489382794, 1), (0.506134969286337, 2), (0.5061436672848283, 1), (0.5061728394436855, 1), (0.5062761506064286, 1), (0.5062761506064334, 1), (0.5063291138961834, 1), (0.5063853414488408, 1), (0.5064102563940158, 2), (0.5064377681968811, 2), (0.5064516128950587, 2), (0.5064599481895466, 1), (0.5064935064606187, 1), (0.50655021826688, 1), (0.5065502182963764, 1), (0.5065913370521093, 1), (0.5065963060418698, 1), (0.5066666665991051, 3), (0.5066666666216336, 4), (0.5066666666328979, 1), (0.5066666666441472, 2), (0.5067466266106829, 1), (0.5067873302708805, 2), (0.5067873303014534, 2), (0.5068119890732029, 1), (0.5068181817893888, 3), (0.5068664169724508, 1), (0.5068842427281327, 1), (0.5069444444092376, 2), (0.5070046697460278, 1), (0.5070422533426042, 1), (0.5070529927544528, 1), (0.5071129706900797, 1), (0.5071770332501547, 1), (0.5072358899961188, 1), (0.5072765072554164, 1), (0.50730688935017, 1), (0.5073121533005193, 1), (0.5073529411391711, 1), (0.507614213146434, 2), (0.5076142131464354, 1), (0.5076142131722026, 1), (0.5076452597836137, 1), (0.5076452599077858, 2), (0.5076708507529227, 1), (0.507676560890324, 1), (0.507718696380523, 1), (0.5078043704368848, 1), (0.5079505300308482, 1), (0.5080385851926658, 1), (0.5080946450682942, 2), (0.5081433224479847, 1), (0.5081506464020157, 1), (0.5081632652957536, 1), (0.5081967212281628, 4), (0.5082508250489491, 1), (0.5082706766152966, 1), (0.5083932852497849, 1), (0.5084112149342701, 1), (0.5084269662207258, 5), (0.5084745762367135, 1), (0.5084745762496404, 1), (0.5085158150727889, 1), (0.5086419752835216, 1), (0.5086805555114012, 1), (0.5087108013050996, 2), (0.508734554729069, 1), (0.5087719297353201, 1), (0.5087719298022476, 1), (0.5088495575108657, 3), (0.5088495575164952, 1), (0.5088757396148614, 4), (0.5090311986696543, 1), (0.5090311986780119, 1), (0.5090497737441386, 1), (0.5090909090446302, 1), (0.5090909090703407, 1), (0.5092127303139943, 1), (0.509234828482605, 1), (0.5092838196218934, 1), (0.5093167701547047, 1), (0.5093167701784218, 1), (0.509345794368727, 1), (0.5094339622534696, 1), (0.5094594594250337, 1), (0.5094664371685139, 1), (0.5095693779782388, 1), (0.5095986038216517, 1), (0.5096731153762715, 1), (0.5096870342620043, 1), (0.5097173144831298, 1), (0.5098039215586313, 3), (0.5098619329137157, 1), (0.5099009900737653, 1), (0.51012891339686, 1), (0.5102040816037303, 2), (0.5102040816222407, 2), (0.5102272726982829, 2), (0.5102389078411246, 1), (0.5102880658016212, 2), (0.5103042198133406, 1), (0.5103148751080168, 1), (0.5103338632730092, 1), (0.5103448275510092, 1), (0.5104602510246693, 2), (0.5104602510317856, 1), (0.5105028643850716, 1), (0.510538641566609, 1), (0.5105820105685026, 1), (0.5106382977171345, 1), (0.5106382978361274, 1), (0.5106382978614759, 4), (0.5106815869734447, 1), (0.5108005081943048, 1), (0.510869565189626, 1), (0.5109243697393138, 1), (0.5109489050348963, 1), (0.510971786753764, 1), (0.5109717868258458, 1), (0.5110073381913913, 1), (0.5110521662155424, 1), (0.5110619468970021, 2), (0.5111111110543235, 1), (0.511111111088395, 3), (0.5111111111016444, 1), (0.5111492281128247, 3), (0.5111583421620005, 1), (0.5112262520705971, 1), (0.5112781954118383, 2), (0.5113464447651652, 2), (0.5113636362909992, 2), (0.5113636363345809, 1), (0.5113636363345843, 1), (0.511428571424921, 1), (0.5114595898056157, 1), (0.5114754097522172, 1), (0.5114942528245672, 1), (0.5116279069427441, 1), (0.511675126851609, 1), (0.5117967331937617, 1), (0.5118110236086144, 1), (0.5118483411513683, 1), (0.5118483411837219, 2), (0.5118483412079665, 3), (0.5118483412295309, 1), (0.5118601747751305, 1), (0.5118733509099798, 3), (0.5119305856277702, 1), (0.5119378122980619, 1), (0.5119453923167434, 3), (0.5119453924827322, 2), (0.5119705340228398, 1), (0.5119718309841115, 1), (0.5121638923800045, 21), (0.512195121888749, 1), (0.5122448979487279, 1), (0.5122699386110231, 1), (0.5123152708854918, 2), (0.5123152709191368, 1), (0.5124153498293008, 1), (0.512443438911131, 1), (0.5124999999199171, 1), (0.5125260960307273, 1), (0.512562814033555, 1), (0.5125677673478272, 1), (0.5126050419737336, 1), (0.5126903553039258, 1), (0.5127118643850502, 1), (0.5128205127109362, 1), (0.5128205128040755, 2), (0.5128205128099934, 1), (0.5129310344606488, 1), (0.5129533678623617, 1), (0.5129829005667319, 1), (0.5130035696021132, 1), (0.5130434782385663, 1), (0.5131313130276526, 2), (0.5131313131105778, 3), (0.513207547160127, 1), (0.5132743362786436, 2), (0.5133020344207643, 1), (0.513307984771358, 1), (0.5133079847811167, 1), (0.513312034067873, 1), (0.5133418042549779, 1), (0.5134099616366425, 1), (0.5135135134996348, 2), (0.5135802468501787, 1), (0.5135802468713108, 1), (0.5137318254420479, 1), (0.5137614678584764, 2), (0.5137614678584904, 1), (0.5137717818710626, 2), (0.5138075313592543, 1), (0.5138121546488195, 2), (0.5138461538066278, 1), (0.5138539042562322, 1), (0.5138888888532014, 1), (0.5139318885289784, 1), (0.513954713004141, 1), (0.5140032948759843, 1), (0.5140186915407438, 1), (0.5140186915407464, 2), (0.5140449437480296, 1), (0.5140478667947143, 1), (0.5140562247963758, 1), (0.5141065830398711, 1), (0.5141388174146351, 1), (0.5141388174675032, 1), (0.5141612200211677, 1), (0.5141776937496649, 1), (0.51420029894597, 1), (0.5142045454472389, 1), (0.5142495250125746, 1), (0.5142857142083758, 1), (0.514285714243728, 3), (0.5142857142744134, 1), (0.514285714275215, 1), (0.5143721633732404, 1), (0.5144596651289383, 1), (0.5144694533431206, 3), (0.5144927536045486, 1), (0.5145631065463567, 2), (0.5145631067461539, 2), (0.5145631067711397, 1), (0.5146198829807596, 1), (0.5146443514429005, 3), (0.514666666652941, 1), (0.514672686207012, 1), (0.5147058823500301, 2), (0.5147247118419022, 1), (0.5147313691463159, 1), (0.5147540983578419, 1), (0.5148063780148466, 1), (0.5148936170103176, 1), (0.5148960089648745, 1), (0.5149700598185681, 1), (0.515007898886016, 1), (0.5152224823149357, 1), (0.5152263374061532, 1), (0.5152354570494383, 1), (0.5152471083016278, 1), (0.5152542372444682, 1), (0.515318146071067, 1), (0.5153846153449695, 1), (0.5154343143922919, 2), (0.5154384520357528, 1), (0.5154639174726332, 6), (0.5155161494584172, 1), (0.5155172413704218, 1), (0.5155279502945453, 5), (0.515555555532643, 8), (0.5156249999838868, 1), (0.5157480314859074, 2), (0.5157593121731204, 1), (0.5157894736299145, 1), (0.5157894736570493, 1), (0.5158150851456029, 1), (0.5158371040257197, 2), (0.5158371040694848, 1), (0.5158831003156438, 1), (0.5158878504190747, 1), (0.5159128978181273, 1), (0.5159999998967968, 2), (0.5160075329372528, 3), (0.5160610847787461, 2), (0.5161290322497399, 3), (0.516261836144439, 1), (0.51627906974343, 2), (0.5162846802754824, 1), (0.5162846803253024, 1), (0.5163043477980276, 1), (0.5163161711010654, 1), (0.5163329820809655, 1), (0.5163398692472961, 1), (0.5163442294518786, 1), (0.5163934425806203, 2), (0.5164051355133161, 2), (0.516417910440052, 1), (0.5165794066137308, 1), (0.5166666666236149, 1), (0.5167464112360116, 3), (0.5167464114750078, 1), (0.5167827739042627, 1), (0.5167853509611742, 2), (0.5168067226673589, 2), (0.5168539325116774, 2), (0.5168539325778101, 1), (0.5168831168159904, 1), (0.5168986083293473, 2), (0.5169270833299681, 1), (0.5169340463365975, 1), (0.5169491524985651, 1), (0.5169628432121207, 1), (0.5169683257889345, 3), (0.5170454545356616, 1), (0.5171102661498623, 1), (0.5171142706660488, 2), (0.5171717171508196, 2), (0.5172413793022361, 2), (0.5173333333195402, 1), (0.5173362685461029, 2), (0.5173745173345696, 1), (0.5174721189552631, 1), (0.5174825174463338, 1), (0.5174953959007842, 1), (0.5175038051592842, 1), (0.5175479644337014, 1), (0.517605633757252, 1), (0.5176470587626271, 2), (0.5176991150327958, 1), (0.5177195684872469, 1), (0.5177453026923725, 1), (0.5178571428505357, 1), (0.5179487179221518, 1), (0.5179487179221561, 1), (0.5179487179221577, 1), (0.5180412370466405, 1), (0.5180467091075108, 1), (0.5180824221991758, 1), (0.518099547508384, 1), (0.5181119648623891, 1), (0.5181159420102112, 1), (0.5181550539643146, 2), (0.5181598062828561, 1), (0.5181674565287943, 1), (0.5181674565533514, 1), (0.5181818181347149, 1), (0.5181918411777068, 1), (0.518268690246304, 1), (0.5183246073027045, 1), (0.5183246073162762, 1), (0.518394648820763, 1), (0.5184369840110936, 2), (0.5184381778179539, 1), (0.5185185184225114, 1), (0.5185185184705169, 1), (0.5185185184758427, 1), (0.5186567164082299, 1), (0.5186666666597523, 1), (0.5186721991593632, 1), (0.5187713308809702, 2), (0.5187835420300746, 1), (0.5188834154180978, 1), (0.5189718482125122, 2), (0.5191489361591594, 1), (0.5192307692107988, 1), (0.5192307692141206, 1), (0.51926298157019, 1), (0.5192878337508468, 1), (0.5192982455229376, 2), (0.5193370165650185, 2), (0.5193508114791613, 1), (0.5193548387054862, 1), (0.5193661971373771, 1), (0.5194174757029439, 1), (0.519447929671342, 1), (0.5195530725966838, 1), (0.5196078430863202, 1), (0.5196629212753253, 5), (0.5196652719447826, 1), (0.5196850393564381, 1), (0.5197238658520876, 1), (0.5197740112798548, 1), (0.5199999999653303, 1), (0.5199999999653379, 1), (0.5199999999913303, 1), (0.5200617283870371, 1), (0.5200868620781707, 1), (0.520193861057833, 1), (0.5202185792292862, 1), (0.520218579232129, 1), (0.5202312137976587, 1), (0.5203468978972421, 1), (0.5203761754670239, 2), (0.5204081632358053, 1), (0.520408163247604, 1), (0.5204545454249782, 1), (0.5204991087251224, 2), (0.5205479451579403, 1), (0.5205479451896302, 1), (0.520593080707729, 1), (0.5206896550826418, 1), (0.5207667731546178, 1), (0.5208012325853912, 1), (0.5208333327907944, 1), (0.5208333331976992, 1), (0.520833333288123, 2), (0.5208568207323397, 1), (0.5209003215266602, 1), (0.5209125475186165, 1), (0.5210084029235209, 1), (0.5210084032518922, 2), (0.5210084033394522, 2), (0.5211267605266829, 2), (0.521178637152749, 1), (0.5212121211910612, 1), (0.5213389121120798, 1), (0.5213628988614315, 1), (0.5214285713913233, 1), (0.5214932126667379, 2), (0.5215827337191354, 1), (0.521588946369326, 1), (0.5216095379874341, 1), (0.5216413715277303, 1), (0.521662245790952, 1), (0.5216811207123621, 1), (0.521739130359169, 1), (0.521739130406429, 1), (0.5217391304120983, 3), (0.5217391304173343, 1), (0.5217391304185846, 1), (0.5217391304234404, 1), (0.52183173587813, 1), (0.5219298245385106, 1), (0.5219941347442841, 2), (0.52201257860541, 1), (0.5220804710398027, 1), (0.5221112696073872, 1), (0.5221143473007411, 1), (0.5221238937937558, 1), (0.5221354166632657, 1), (0.5221476509716659, 1), (0.5221674876675801, 2), (0.5222274216166464, 1), (0.5222929935640405, 1), (0.522292993608393, 1), (0.5223097112723802, 1), (0.5223214285597672, 1), (0.5223613595519738, 1), (0.5223613595613132, 1), (0.5223880596820013, 1), (0.5223880596917474, 1), (0.5224111282682451, 1), (0.5224274406056758, 1), (0.522448979549186, 3), (0.5225225224283745, 1), (0.5225694443990817, 1), (0.5225806450769998, 1), (0.5226244343773137, 1), (0.5226337448344599, 2), (0.5226666665969799, 1), (0.5226824457335959, 1), (0.5226860253893804, 1), (0.5227272726975647, 1), (0.5227606460319002, 1), (0.5227655986215421, 3), (0.5228070175255147, 1), (0.5228426395673664, 1), (0.5228758169592888, 1), (0.5228758169706811, 3), (0.5228758169820714, 1), (0.5229357797685432, 2), (0.5229885057396142, 1), (0.5230061349292171, 1), (0.5230202577787287, 1), (0.5230769230568056, 1), (0.5231286795582617, 1), (0.5231607629142714, 3), (0.5232300884897869, 3), (0.5232358003352297, 2), (0.5232394366178772, 1), (0.5233644859323907, 1), (0.5234567900803736, 1), (0.523489932850773, 1), (0.5235109717047786, 1), (0.5235109717786302, 1), (0.5235294116877157, 2), (0.5235404896224698, 1), (0.5235602094058098, 1), (0.5236051501696604, 1), (0.523636363598276, 1), (0.5237020315790656, 1), (0.5238493723630185, 1), (0.5238515901013788, 1), (0.5239852398330657, 2), (0.5240431795775468, 2), (0.5242165241866583, 1), (0.5242718446347483, 1), (0.5243128963837447, 2), (0.5243243243101559, 1), (0.524344569281841, 3), (0.5243962542866236, 1), (0.5244215937629257, 1), (0.5244444443278916, 2), (0.5245901639258265, 1), (0.5246020260302234, 2), (0.5247252747108571, 1), (0.524739583329916, 1), (0.5247524752215483, 1), (0.5247813409548765, 1), (0.5248618784047085, 1), (0.5248868777805485, 5), (0.5249343831883224, 1), (0.5249457700081377, 1), (0.524999999967186, 1), (0.5249999999687526, 1), (0.52499999997375, 1), (0.5250412768010441, 1), (0.5250431778022322, 1), (0.5250965250762525, 1), (0.5251028806152254, 1), (0.5251282051174314, 2), (0.5251533741686961, 1), (0.5251989389223852, 1), (0.5252100839232746, 4), (0.525252525231303, 1), (0.525280898802629, 1), (0.5253955037250043, 1), (0.5254515599170625, 2), (0.5254845656478508, 2), (0.5255230125303111, 1), (0.5255397577644793, 2), (0.5255474451787372, 1), (0.5255474452426864, 1), (0.5255731922213189, 1), (0.5255972694451873, 3), (0.5256410256241804, 1), (0.5256830601064161, 1), (0.5257731958220881, 2), (0.5257797580823811, 1), (0.5258215962194482, 1), (0.525862068942853, 1), (0.5258620689579611, 1), (0.5259938836311966, 3), (0.5259938837598856, 2), (0.5260635110813306, 1), (0.5260796410248976, 1), (0.5261044176601128, 1), (0.52613240408952, 1), (0.5261382799029716, 1), (0.5261419922660348, 4), (0.5261845385877603, 1), (0.5262321144653148, 1), (0.5263157894182825, 1), (0.5263157894310666, 1), (0.5263157894459833, 2), (0.5263157894531633, 2), (0.526315789455217, 1), (0.5263742365060327, 1), (0.5264084506578875, 1), (0.5264750378055547, 1), (0.5265151514154275, 1), (0.5265306121374447, 1), (0.5265306122341562, 2), (0.5265486725547259, 1), (0.5265929436517818, 1), (0.5266055045388441, 1), (0.5266272187791138, 1), (0.5266272189037492, 1), (0.5266457679425289, 1), (0.5266457680168227, 1), (0.5266558965989219, 1), (0.526666666631554, 1), (0.5266666666596445, 1), (0.5268176400351183, 1), (0.5268292682412855, 1), (0.5268414481831808, 2), (0.5269461076266596, 1), (0.526999999973651, 1), (0.527131782904871, 2), (0.5271493212639909, 1), (0.5271739130148306, 3), (0.527196652675545, 1), (0.5271966526976035, 1), (0.5271966527049595, 1), (0.5272625069967803, 1), (0.5272727272407741, 1), (0.527306967965074, 3), (0.5273311896767015, 1), (0.5273311896936574, 1), (0.527385159005942, 1), (0.527439024382203, 1), (0.5274725273566089, 2), (0.5275590550884393, 1), (0.5275590551042647, 1), (0.5275779375233579, 1), (0.5275862068055892, 2), (0.5276073619308227, 1), (0.5276073619470121, 1), (0.5276381909415158, 2), (0.5276461295390844, 1), (0.5276595744568525, 1), (0.5276752767040894, 1), (0.5277310924192374, 1), (0.5277777777289159, 1), (0.5278514588159378, 1), (0.5279503105508074, 1), (0.5279685966530328, 1), (0.5280898875662768, 1), (0.5281173592840775, 1), (0.528144544786091, 1), (0.5281803541822616, 1), (0.5282051281915852, 1), (0.5282215122414445, 1), (0.5282685512320818, 1), (0.5282805429834406, 1), (0.5283018867157742, 2), (0.5283522347879692, 1), (0.5283867340905891, 5), (0.5283950616849102, 1), (0.5284090908790661, 2), (0.5284377249801004, 1), (0.5286549706984001, 1), (0.5286624202979825, 1), (0.528735632166545, 2), (0.5287356321763146, 3), (0.5288326300240719, 1), (0.528985507227211, 1), (0.5290322580559863, 1), (0.5291519434582236, 2), (0.5291902071064795, 1), (0.52920962198949, 1), (0.5292740045598892, 6), (0.529292929239466, 1), (0.5292929292715446, 1), (0.5293005670076966, 1), (0.5293005671044159, 1), (0.5293383270845207, 1), (0.529411764594663, 1), (0.5294117646142888, 1), (0.5294117646280218, 6), (0.5294117646435986, 1), (0.5294619982830157, 1), (0.5295007564136298, 1), (0.529510961184401, 1), (0.5295138888429269, 2), (0.5295169946237986, 1), (0.529595015535079, 1), (0.5296167247340575, 1), (0.5296296296198201, 1), (0.5296584781274439, 2), (0.5296864576030892, 1), (0.5297057190155646, 1), (0.5297157622670573, 1), (0.5297805642550153, 1), (0.5298013244682243, 1), (0.5298869143694682, 1), (0.529914529823948, 1), (0.5299455535197818, 1), (0.5300353356843635, 1), (0.5300411522197527, 1), (0.5301204818478803, 1), (0.5301204819064231, 1), (0.5301724137702495, 1), (0.5304136252976821, 1), (0.5304777594553426, 1), (0.5305039787094827, 1), (0.5305651672372481, 1), (0.5306122447432586, 1), (0.5306122448546439, 3), (0.5306122448678803, 1), (0.5306781485182631, 1), (0.5306930693016799, 1), (0.5307017543626893, 1), (0.5307050796017381, 3), (0.5307125306473308, 1), (0.5307692307488148, 1), (0.5307855626101574, 1), (0.5308056871534718, 1), (0.530805687178631, 1), (0.530805687200997, 1), (0.5308804204923671, 2), (0.5308924484882892, 1), (0.5309139784589426, 1), (0.5309200603158104, 1), (0.5309523809207806, 1), (0.530952380946059, 1), (0.5309734512334582, 2), (0.530973451315686, 1), (0.5310344826670654, 1), (0.5310344827494642, 2), (0.5310810810451977, 1), (0.5311203319391861, 1), (0.5311308766796535, 1), (0.5311942958907137, 2), (0.5312499999169882, 1), (0.531249999981552, 1), (0.5312977099155485, 2), (0.5313653136335288, 1), (0.5313807531158442, 2), (0.5314814814716401, 1), (0.5316742081417893, 2), (0.5316872427545951, 1), (0.5317460317158875, 1), (0.5317919074939552, 1), (0.5318181817940103, 1), (0.5318352059858719, 4), (0.531906134209419, 1), (0.5319865319507133, 1), (0.5320197043810807, 2), (0.5320197044160273, 3), (0.532038834848149, 1), (0.5320512820342255, 1), (0.5321100915803909, 1), (0.5321100916943092, 1), (0.5321375186766544, 1), (0.5321507760296148, 1), (0.5321683875669435, 1), (0.5321888411255812, 1), (0.5321888411560403, 1), (0.5322580644732078, 1), (0.5323076922667511, 2), (0.5323193916248617, 1), (0.5323741006428313, 1), (0.532374100693886, 1), (0.532423208009414, 1), (0.5324232081820421, 1), (0.5324675323983826, 2), (0.5325153373579771, 1), (0.5325443785406714, 2), (0.532552083329864, 1), (0.5325779035318462, 1), (0.5326086956232321, 1), (0.5326370756901988, 1), (0.532663316578456, 1), (0.5327102803240478, 1), (0.5327313769511167, 2), (0.5327754532626822, 2), (0.5327868852371674, 1), (0.5328719722814558, 1), (0.5328798185638948, 1), (0.532915360493213, 3), (0.5329670329377377, 1), (0.5329744279228804, 1), (0.5329861110648446, 2), (0.5330012453167399, 1), (0.5330396474596873, 1), (0.5330620549284543, 1), (0.5330812853434624, 1), (0.5330932012558955, 1), (0.5330948121550454, 1), (0.5331179320625031, 1), (0.5332488917002314, 1), (0.5333333332622222, 1), (0.5333333332859259, 1), (0.5333333332977778, 3), (0.533333333301589, 1), (0.533333333323456, 1), (0.5334029227529565, 1), (0.5335235377955294, 1), (0.5335305719658039, 1), (0.5335628227102656, 1), (0.5336891260484528, 1), (0.5337423312555976, 2), (0.533847000520976, 1), (0.5338541666631906, 1), (0.5339506172757096, 1), (0.5339652448629049, 1), (0.5339805822650684, 1), (0.5340699815346178, 2), (0.534090909060561, 2), (0.5341246290642686, 1), (0.5341365461740096, 1), (0.5341476956949396, 1), (0.5342281878836073, 1), (0.5343320848872116, 1), (0.5343396226334453, 1), (0.5343762865354704, 1), (0.5344467640806989, 1), (0.5344827585285417, 1), (0.5344827586130083, 4), (0.5345211580101228, 1), (0.534523809520629, 2), (0.5346153845948216, 1), (0.5346534653200647, 2), (0.5346938775401047, 2), (0.5347043700424956, 1), (0.5347043701112236, 2), (0.5347222221758083, 1), (0.5347593582315753, 2), (0.5347593582792387, 2), (0.5347826086724037, 1), (0.5347826086840245, 2), (0.534839924620072, 1), (0.5348837206192467, 1), (0.5350318470656052, 3), (0.5350877192747736, 1), (0.5351270552984305, 1), (0.535132096653448, 1), (0.5351351351062077, 2), (0.5351473922599126, 1), (0.5351629502389321, 1), (0.5351758793835363, 1), (0.5351851851752739, 2), (0.5352798053397755, 1), (0.5352941175683362, 2), (0.535303776665506, 5), (0.5353126405733906, 1), (0.5353846153681449, 1), (0.535433070781816, 2), (0.5354330708239785, 1), (0.5354330708492777, 1), (0.5354330708520884, 1), (0.5354906054251776, 1), (0.535493827152231, 1), (0.5355450236712984, 1), (0.5355648535340753, 2), (0.5355704697627106, 1), (0.5356200527563153, 1), (0.535669586977027, 1), (0.535714285711097, 1), (0.5358194308040067, 1), (0.5358851672077117, 4), (0.5358851674384771, 1), (0.535947712383274, 1), (0.5359477124082894, 1), (0.5360501567314074, 1), (0.5360716166375148, 2), (0.5360824741715432, 2), (0.5360824742046977, 1), (0.5361216729936074, 1), (0.5362123256835971, 1), (0.5362190812673481, 1), (0.5362563237472598, 1), (0.5363636363148739, 1), (0.5363636363331635, 1), (0.5364583331936308, 1), (0.5364583333298409, 2), (0.5364864864502368, 1), (0.5364891518473122, 1), (0.5365025466801928, 1), (0.5365344467612928, 1), (0.5365853657882192, 6), (0.5366403607545328, 1), (0.5366666666577192, 1), (0.536734693866601, 1), (0.5367647058428807, 1), (0.5367847411371033, 1), (0.5367875647112141, 1), (0.5368421052348935, 3), (0.5368492224439672, 1), (0.5368852458796326, 1), (0.5369047618728019, 3), (0.5369705670827741, 4), (0.5370370365397595, 1), (0.5370741482427785, 2), (0.5371621620714263, 1), (0.5371702637632069, 1), (0.5372460496007645, 1), (0.5373563218313618, 4), (0.5373737373520234, 1), (0.5374045801444643, 3), (0.537414965968114, 1), (0.5377821393417508, 1), (0.5378151259374353, 1), (0.5378151260403808, 1), (0.537878787868603, 1), (0.5379310343900129, 2), (0.5379876795609886, 2), (0.5379975873898725, 1), (0.5380116958854451, 1), (0.5380281690121939, 1), (0.5380434782316275, 2), (0.5381165919202068, 2), (0.5382059800306775, 1), (0.53821656042385, 1), (0.538226299661267, 1), (0.5382498623809451, 1), (0.5382653061155804, 1), (0.5383244206677638, 1), (0.538461538387576, 1), (0.5384615384201183, 1), (0.5384615384408284, 1), (0.5384615384477318, 1), (0.5384615384584972, 1), (0.5385047779348774, 2), (0.5385105028301378, 2), (0.538555691541285, 1), (0.538562091468068, 1), (0.5385878489238349, 1), (0.5386416860565159, 1), (0.5386666665948472, 2), (0.5387523629387763, 2), (0.5388026607508923, 1), (0.5388679245201687, 1), (0.5389221556240815, 1), (0.5389830508017818, 1), (0.5390070921603548, 2), (0.5390428211315376, 2), (0.5390734674752496, 1), (0.5390738060586425, 1), (0.5390946501835805, 2), (0.5391304347357317, 2), (0.5391849529696052, 1), (0.5392156862216461, 1), (0.5392491465736408, 1), (0.5392670156785702, 1), (0.5392781316119171, 1), (0.5393442622862418, 1), (0.5393505778459358, 8), (0.5395894426570135, 1), (0.5395935528703847, 1), (0.5396341463332394, 1), (0.5396825396254334, 1), (0.5397973950600629, 1), (0.539823008837616, 1), (0.5399239543623615, 2), (0.5399999999459977, 1), (0.5399999999640015, 1), (0.539999999990994, 1), (0.540041067706363, 1), (0.5400457665656755, 1), (0.5401234567734534, 2), (0.54020618554473, 1), (0.5402542372766898, 1), (0.5402726146086667, 1), (0.5402843601383683, 2), (0.5402843601867301, 1), (0.5403726707906737, 1), (0.5404475042936253, 1), (0.5404896421336645, 1), (0.5405209840614873, 1), (0.5405857740359575, 1), (0.5406824146839727, 1), (0.5407239818973963, 1), (0.5407407406739825, 1), (0.5407407407006825, 1), (0.5407407407307279, 1), (0.5408348457154004, 1), (0.5409090908783621, 1), (0.5409395972791315, 1), (0.5409836065352079, 1), (0.5410447760992156, 1), (0.5411030176786457, 1), (0.5411061285338947, 1), (0.5412087911939245, 1), (0.5412541253946744, 1), (0.5412844036200647, 1), (0.5413533833772388, 4), (0.5413814560957443, 1), (0.5414364640385421, 1), (0.541436464058481, 1), (0.5414710485048262, 1), (0.5414847161099171, 1), (0.5414847161335592, 1), (0.5415676959362731, 1), (0.5416036308459441, 1), (0.5416104363448405, 1), (0.5416316232082229, 1), (0.5416417016144901, 1), (0.5416666661024367, 2), (0.5416666666215277, 1), (0.5416944629391798, 1), (0.5417607223231702, 1), (0.5417607223231716, 2), (0.5418227215912311, 1), (0.5418719211644707, 2), (0.5418894830562968, 1), (0.5419664268325168, 1), (0.5420168066088297, 2), (0.5420430854383578, 1), (0.5420560747460914, 3), (0.5420827389366328, 1), (0.5422594142032547, 1), (0.5422612513602104, 1), (0.5423197491312982, 1), (0.5423197492077977, 1), (0.5423197492077996, 3), (0.5423728811261138, 2), (0.5423728813428025, 1), (0.542372881344442, 2), (0.5424610051946087, 1), (0.5424739195069329, 1), (0.5424836600952592, 3), (0.5426122037289847, 1), (0.5427135678002399, 2), (0.5427135678346517, 1), (0.5428109853727309, 1), (0.5428571427795853, 3), (0.5428881650085298, 1), (0.5429638854161132, 1), (0.5429638854161147, 1), (0.5429687499964652, 1), (0.5429975429308297, 1), (0.5430463575799349, 1), (0.5432098764984982, 3), (0.543209876509676, 2), (0.543209876520856, 2), (0.5432835820814449, 2), (0.5432862190764725, 1), (0.5433255268048425, 2), (0.5433255269193621, 1), (0.543396226394588, 2), (0.5434027777306074, 1), (0.543404735049757, 1), (0.5434782608459358, 1), (0.5435041716005066, 2), (0.5435114503733801, 1), (0.5435356200384271, 1), (0.543661971754414, 1), (0.5436702649549829, 2), (0.5437262357311071, 3), (0.5437499999660114, 2), (0.5437665781772153, 1), (0.5439045183244356, 1), (0.5439189188270404, 1), (0.5439252335940257, 1), (0.5439330543705473, 4), (0.5440806045065998, 3), (0.5443298968847624, 1), (0.5443425076119577, 2), (0.5443425076286112, 2), (0.5443609021737805, 1), (0.544378698198012, 1), (0.5444785275656052, 1), (0.5444971037359405, 2), (0.544502617782039, 1), (0.5446293494540211, 1), (0.5446293494677523, 1), (0.5446888160947827, 1), (0.5447010064804759, 1), (0.5447470816696686, 1), (0.5447761193928189, 1), (0.5448504983026627, 1), (0.5448717948543302, 3), (0.5448979591725495, 1), (0.5449010654324256, 1), (0.54494382014818, 3), (0.5450236966566333, 1), (0.5450530035287541, 1), (0.5450549450309856, 1), (0.5450733752506269, 1), (0.5451092117707028, 1), (0.545150501654011, 2), (0.5452352230946692, 2), (0.5452380952348466, 1), (0.545265348583867, 1), (0.5452961672426333, 1), (0.5454545448347167, 6), (0.5454545451935686, 1), (0.545454545320531, 1), (0.5454545453553719, 2), (0.5454545453704936, 1), (0.5454545454214876, 1), (0.5454545454235513, 1), (0.5454545454325069, 2), (0.5454545454448219, 2), (0.5454545454459974, 1), (0.5455850681589687, 1), (0.5456329734927248, 1), (0.5457142857103852, 2), (0.5457746478854022, 1), (0.5458089668509594, 1), (0.5458515283604437, 1), (0.5458612974170329, 2), (0.5458680818760735, 1), (0.5459183673399713, 1), (0.5459459459164365, 1), (0.5459548706358862, 1), (0.5459751829288574, 1), (0.5459770114864091, 1), (0.5459940652008913, 1), (0.5459940652656995, 1), (0.5460750851378577, 7), (0.5460750853149142, 1), (0.5460992907414137, 1), (0.5461088618958775, 1), (0.5461254612344594, 1), (0.5461393596781124, 1), (0.546153846111836, 1), (0.5461847388461543, 1), (0.5462902166704365, 1), (0.5462962962878676, 1), (0.5463150777515472, 1), (0.5463631315632214, 1), (0.5463743675915481, 3), (0.5463800904946494, 1), (0.5463917525209865, 3), (0.5464150943313755, 2), (0.546419098133573, 1), (0.5464285713960494, 1), (0.546448087428708, 3), (0.5464788731624676, 1), (0.5464949927687411, 1), (0.5466237941770656, 1), (0.5466666666575586, 1), (0.5466666666593778, 1), (0.5466893038956381, 1), (0.5467224546569932, 1), (0.5467889907755243, 1), (0.5468164793939222, 1), (0.5468749999829102, 1), (0.5469387754655597, 1), (0.5469613259164866, 1), (0.546972860102418, 1), (0.547008546915047, 1), (0.5470085469617927, 1), (0.5470313541996633, 6), (0.5470383274308263, 1), (0.5470852017773646, 2), (0.5471562274978603, 1), (0.5471698113113674, 1), (0.5472727272229736, 1), (0.5473372780795202, 1), (0.547368420970318, 2), (0.5473684210238036, 2), (0.547445255461134, 2), (0.5474683544217155, 1), (0.547511312214099, 1), (0.5476550680620997, 1), (0.5476566613978531, 1), (0.5476635513506874, 3), (0.5477815699565218, 1), (0.547788873030704, 1), (0.5478260869088807, 2), (0.5478260869535405, 1), (0.5478991596454472, 1), (0.5479452054627715, 1), (0.5479999999926921, 1), (0.5480268056569342, 1), (0.5481049561084218, 1), (0.5481049561084383, 1), (0.5481171547887784, 2), (0.548117154788788, 1), (0.5481481481075429, 1), (0.5481481481379977, 2), (0.5483528161413737, 1), (0.5483870965973152, 1), (0.5484351713696478, 1), (0.5484460693695712, 1), (0.5484693877481056, 1), (0.548507462676328, 1), (0.5485865724333173, 2), (0.5485893416841918, 1), (0.5486111110730124, 1), (0.5486338797784208, 1), (0.5486425339335486, 1), (0.5486725662745747, 1), (0.5486950986283435, 1), (0.5487804877881478, 1), (0.5488079172265012, 1), (0.5488095237768579, 4), (0.5488372092767961, 1), (0.548850574704756, 1), (0.5488850771681347, 2), (0.5489006823309412, 1), (0.5489130434484305, 1), (0.5489130434752777, 1), (0.5489260143132589, 2), (0.5490196078072517, 1), (0.5490196078277716, 1), (0.549118387881662, 2), (0.5491990846430567, 3), (0.5492610836762001, 1), (0.5492730209128764, 1), (0.5492957746221021, 1), (0.5494505493297931, 1), (0.5494699646594572, 1), (0.5494949494727486, 3), (0.5495327102598323, 1), (0.5496183206060264, 2), (0.5497076023070392, 1), (0.5497630331232433, 1), (0.5497630331724583, 1), (0.5497737556436739, 2), (0.5497942386378774, 3), (0.5498069497644945, 1), (0.5498783454854035, 1), (0.5499999999541686, 1), (0.5499999999687529, 2), (0.5499999999788444, 1), (0.5499999999905169, 6), (0.549999999995563, 1), (0.5500205846004541, 1), (0.5500603135645291, 1), (0.5501285346336633, 3), (0.5501432664441195, 1), (0.5501858736018574, 1), (0.5502318392411129, 1), (0.5502564102423021, 1), (0.5502702702405248, 1), (0.5502958578253611, 2), (0.5502958579556019, 2), (0.550353356885597, 3), (0.5504087193160563, 2), (0.5504169825583733, 1), (0.5504201679515944, 1), (0.5504915102671929, 1), (0.5505226479877123, 1), (0.5505226480788279, 1), (0.5505617976754836, 1), (0.5506072874048045, 1), (0.5506134968902913, 3), (0.5506607928302519, 1), (0.5506653018883648, 1), (0.5507246376013432, 2), (0.5507692306844946, 1), (0.5508298755158151, 1), (0.5508474573937137, 2), (0.5508474576154483, 1), (0.5508712759667863, 1), (0.5508982035268397, 1), (0.5509049773724529, 1), (0.5509727626437719, 1), (0.550983899811255, 1), (0.5509893454931175, 2), (0.5510204081257829, 1), (0.5510360706020648, 1), (0.5511265164596983, 1), (0.5511363636050509, 1), (0.5511482254467075, 2), (0.551155115493356, 1), (0.5511811023477385, 1), (0.5512367490516802, 1), (0.5512367491117388, 1), (0.5512412475778963, 1), (0.5513307984686069, 2), (0.5513404147670651, 1), (0.5514403291954162, 1), (0.551458447960846, 2), (0.5515088449416965, 1), (0.5515151514817208, 1), (0.5515239477463598, 1), (0.5515981734656047, 1), (0.5516178735667737, 1), (0.551649540289066, 1), (0.5516506922140251, 1), (0.5516652433723065, 1), (0.5516728624125167, 1), (0.5517241375505472, 1), (0.5517241377724784, 2), (0.5517241378483193, 1), (0.5517241379129161, 1), (0.5517241379223824, 1), (0.5517241379237153, 1), (0.5517720638949427, 1), (0.5517873510439613, 1), (0.5519287833664083, 1), (0.551933282785809, 2), (0.551948051912212, 1), (0.5519955030605951, 1), (0.5519999998895981, 10), (0.5519999999447982, 1), (0.5520036019761206, 1), (0.5520361990919025, 5), (0.5521201413378786, 1), (0.5521292216516682, 1), (0.5521472392214606, 1), (0.5522388059536646, 1), (0.552248258387888, 1), (0.5523012552070191, 3), (0.552301255214719, 3), (0.5523156089004364, 1), (0.5523560209279496, 1), (0.5524590163843867, 1), (0.5524691357939431, 1), (0.552472858799466, 2), (0.5524728588527767, 1), (0.5524861877944311, 1), (0.5524861878147791, 1), (0.5524861878351297, 1), (0.5524999999309395, 2), (0.5526315789231309, 2), (0.5526838965983012, 2), (0.5526932083014692, 3), (0.5527123848402731, 1), (0.5527638190557989, 1), (0.5528756957225837, 2), (0.5529010238813522, 1), (0.5529100528954288, 1), (0.5529157667267246, 1), (0.552926525515488, 1), (0.5529622979258574, 1), (0.5529661016890565, 1), (0.5530260965822853, 2), (0.5530303029884082, 1), (0.5530612244785071, 1), (0.5530973451205062, 1), (0.5531914891935581, 1), (0.5531914893028581, 1), (0.5531914893499321, 1), (0.5532150776022556, 1), (0.5533141210351881, 1), (0.5533333332964414, 3), (0.5533707865013108, 1), (0.553398058198703, 2), (0.553440702773738, 1), (0.5534495830132411, 1), (0.5534591194852538, 1), (0.5534950071247751, 1), (0.5535055350349267, 2), (0.5535353535129857, 1), (0.5535924616544631, 1), (0.5536332179547642, 2), (0.553633217973921, 1), (0.5536723163633295, 1), (0.5537190082492054, 1), (0.553780617666587, 1), (0.5538160469558929, 1), (0.5538461538248511, 1), (0.5539757767216735, 1), (0.5539906103026286, 1), (0.553997194947027, 1), (0.5540166204832697, 1), (0.5540334855234703, 1), (0.5541871920499767, 1), (0.5542060278877446, 1), (0.5542676501522239, 1), (0.5543071160010634, 4), (0.5543071160979416, 1), (0.5543278084204109, 1), (0.5543478260568321, 2), (0.5544768068441769, 2), (0.5545517720253972, 1), (0.5545617173424936, 1), (0.5545977011414563, 6), (0.5546218486928919, 1), (0.5546666666592699, 1), (0.5546995376649181, 1), (0.5547169810274103, 1), (0.554732510242408, 1), (0.554744525520453, 1), (0.5548589341605821, 2), (0.5548961423509062, 1), (0.5549295773866275, 1), (0.5549295774628361, 1), (0.554945054914557, 1), (0.5549658832406733, 1), (0.5549999999722511, 1), (0.5550082101715127, 1), (0.5550239231794118, 1), (0.5550660791728899, 3), (0.5550906554935818, 2), (0.5551020407710083, 1), (0.5551020408049943, 1), (0.5551724137835303, 5), (0.5551839464697275, 1), (0.5552268244302144, 1), (0.5552470849219744, 2), (0.555323590791016, 1), (0.5553505534543023, 1), (0.5555555550411142, 1), (0.5555555554526772, 1), (0.5555555555041117, 1), (0.5555555555041176, 1), (0.5555555555192443, 2), (0.5555555555240625, 1), (0.5555555555452675, 1), (0.5556537102424418, 1), (0.5556818181502495, 2), (0.5557377049089238, 1), (0.5557491289150146, 1), (0.5557729941182794, 1), (0.5558362809443571, 1), (0.5558583105964146, 2), (0.5559633027012877, 1), (0.5559701492329852, 3), (0.5559729526588136, 1), (0.5559999999925842, 1), (0.556005398095651, 1), (0.5560165974988411, 2), (0.5561312606984186, 1), (0.556149732610405, 2), (0.5561797752027794, 1), (0.5562130177185667, 3), (0.556263269615446, 1), (0.5562841530024257, 1), (0.5563575790918173, 1), (0.5563909774268755, 2), (0.556438791730697, 1), (0.5564738291857724, 1), (0.5565154787596944, 1), (0.5565371024685816, 1), (0.5565529621981101, 1), (0.5566343041470705, 1), (0.5566666666573828, 2), (0.5567010308704415, 1), (0.5567928729272165, 1), (0.5568022440353639, 1), (0.5568039949992928, 1), (0.556818181786543, 1), (0.5568627450762033, 1), (0.55686274508712, 1), (0.5568965517145356, 4), (0.556900726347303, 1), (0.5569334836402052, 1), (0.5569620253076434, 1), (0.5570093457423343, 1), (0.5570416994054239, 1), (0.5571428571388776, 1), (0.5571847505697427, 2), (0.5571955719351603, 1), (0.5572033898187025, 1), (0.5572979492693259, 2), (0.5573770490497959, 1), (0.5573770491701727, 1), (0.5573770491711906, 2), (0.5574074073970834, 1), (0.557409224719187, 1), (0.5574204946947234, 1), (0.5574712643598098, 2), (0.5574771108793767, 3), (0.5574912891014795, 3), (0.5575221238876391, 2), (0.5575221238888715, 1), (0.5575757575419541, 1), (0.5575757575532274, 1), (0.5576086956491355, 2), (0.5576559546208385, 1), (0.557692307670858, 1), (0.5579078455651783, 4), (0.5579268292597871, 2), (0.5579937303987745, 1), (0.5579937303987765, 4), (0.5580029367756167, 1), (0.5580404685717155, 1), (0.5581395348466333, 1), (0.558139534870058, 1), (0.5581885202708887, 2), (0.5582417582172197, 1), (0.5582417582172221, 2), (0.558292282411879, 2), (0.5583524027204431, 1), (0.5583756344894228, 1), (0.558450704223387, 2), (0.5584642233661972, 1), (0.558479532136525, 1), (0.5584905659323659, 2), (0.5584905660293058, 1), (0.558558558457926, 1), (0.5585813806171069, 1), (0.5586206896455407, 1), (0.5586419752914011, 3), (0.5588235293726326, 1), (0.5588235293882825, 1), (0.5588235294086051, 2), (0.5588796944265493, 1), (0.5589519650166827, 1), (0.5589743589456982, 1), (0.5589958158761937, 1), (0.5590062111627631, 2), (0.5590433482726538, 1), (0.5590778097959698, 1), (0.5591098748105918, 1), (0.5591208790963036, 1), (0.5591634562157871, 1), (0.5592334494724803, 2), (0.5592417061316881, 1), (0.5592417061346303, 1), (0.559371933256931, 1), (0.5594405593623177, 1), (0.5594855305286364, 1), (0.5594989561353055, 1), (0.5595854921699943, 2), (0.5596107055824925, 1), (0.5596707818699764, 1), (0.5597269622663015, 3), (0.5597484276612217, 1), (0.559789750321157, 2), (0.5598526702983554, 1), (0.5599999998599952, 2), (0.5599999999138441, 1), (0.5599999999253394, 2), (0.5599999999440023, 1), (0.5599999999626651, 1), (0.5599999999626727, 1), (0.5599999999679974, 1), (0.5599999999751071, 1), (0.5599999999764191, 1), (0.5599999999834102, 1), (0.5599999999885166, 2), (0.5601436264703528, 1), (0.5602027883254672, 1), (0.5602409638385435, 1), (0.5603448275379029, 1), (0.5603985055900262, 2), (0.5605038236591967, 1), (0.5605095540508758, 2), (0.5605095541163234, 1), (0.5605338417487092, 1), (0.5606557376957277, 1), (0.5606694560434862, 4), (0.5607142857109471, 1), (0.560735390668934, 1), (0.5607476634989991, 4), (0.5607476635251993, 1), (0.5607476635409206, 1), (0.5607814761012733, 1), (0.5607843137144949, 1), (0.560810810716078, 1), (0.5608308604509105, 1), (0.5608465607872198, 2), (0.5609397943375994, 1), (0.5609540635992846, 1), (0.560954816704512, 1), (0.5609756096583656, 1), (0.5609756097529867, 1), (0.5609893198110746, 1), (0.5609990393313159, 1), (0.5610310841504088, 1), (0.5610389609660967, 1), (0.5610593427875921, 1), (0.5610859727999052, 1), (0.5610859728252966, 1), (0.5610859728475095, 4), (0.5611285266369691, 1), (0.5611325611253378, 2), (0.5612244897386531, 1), (0.5612472159106302, 1), (0.5612903225715951, 1), (0.5613168723817872, 1), (0.561403508673447, 2), (0.5614406779542069, 7), (0.5614430665036897, 1), (0.5615062761271324, 1), (0.5615141955481672, 1), (0.5615384615168648, 1), (0.5615479621220212, 1), (0.5615763546705779, 1), (0.5616161615934692, 3), (0.5617647057997386, 2), (0.5617977527300831, 3), (0.5618221257525147, 1), (0.5619047618869215, 2), (0.5619469026424363, 1), (0.5620437955794083, 1), (0.562043795606762, 1), (0.562047857509067, 1), (0.5620608897981093, 2), (0.5620915032312369, 2), (0.5620915032574761, 1), (0.5621181262500135, 1), (0.5621301774815315, 2), (0.5621621621469675, 1), (0.5622171945669591, 1), (0.5622775800311629, 1), (0.5623342174320529, 1), (0.5624012638201039, 1), (0.5624060149530226, 2), (0.5624629958222347, 1), (0.5624999994140791, 1), (0.5624999999923576, 1), (0.5626072040973373, 1), (0.5626373626126293, 1), (0.5626975763369096, 1), (0.5627009646121314, 1), (0.5627208480515662, 3), (0.5627376425748521, 2), (0.5628742514295998, 1), (0.5628834355396546, 1), (0.5628908964167549, 2), (0.5629629628795543, 1), (0.5629629629212637, 2), (0.5630026808142062, 2), (0.5630354957022525, 1), (0.5630420279811175, 1), (0.5630498532073219, 1), (0.5631067958431911, 2), (0.5631067960618292, 1), (0.5631163707809141, 2), (0.5631399317310053, 1), (0.5631929046313443, 1), (0.5632183907965036, 2), (0.5632377739986921, 2), (0.5632458233755755, 1), (0.5632653061109519, 1), (0.5633074935371406, 1), (0.5633270320296211, 1), (0.5633802816813235, 3), (0.5634218289002422, 2), (0.5634328357998725, 1), (0.5634328358103813, 1), (0.5634517766211461, 2), (0.5636042402777061, 1), (0.5636363635851281, 1), (0.5637065636847934, 1), (0.5637181408450195, 1), (0.5637305698897683, 1), (0.5639958376573557, 1), (0.5640243902353053, 1), (0.5641025640704198, 1), (0.5641025640747502, 1), (0.5641025640855493, 2), (0.564231738006843, 1), (0.5642633227955682, 2), (0.5642633228751667, 2), (0.5643044619274467, 1), (0.5643153526853834, 1), (0.5643410852625627, 1), (0.564362001092504, 1), (0.5643939393832498, 1), (0.5644171778708283, 1), (0.5644444443190042, 1), (0.5644876325038478, 3), (0.564516129023153, 1), (0.5645355849741225, 1), (0.5645933011652687, 1), (0.5646036916088697, 2), (0.5646731571470169, 1), (0.5647058823339579, 1), (0.564705882339654, 2), (0.5647558386172056, 1), (0.5647727272406403, 2), (0.5647840531186186, 2), (0.5648148147625262, 1), (0.5648148148043554, 1), (0.5648148148060975, 1), (0.5648503453525359, 1), (0.5648604269108418, 4), (0.5648604269108437, 3), (0.5649072753129109, 4), (0.5649122806026529, 2), (0.5649717513805086, 1), (0.5649717513911509, 1), (0.564986737325598, 3), (0.5650224215077674, 1), (0.5652173912736289, 2), (0.5652173912797731, 1), (0.5652173912838693, 1), (0.5652173912920605, 1), (0.5652173912936652, 1), (0.5652173912994328, 1), (0.565260058870161, 1), (0.5652642933586575, 1), (0.5652951699362176, 1), (0.5653021442274716, 1), (0.565306122437439, 2), (0.5653798256397108, 2), (0.5653846153628715, 3), (0.5654101995534065, 1), (0.56541353374956, 2), (0.5654135338175802, 2), (0.5654205607212384, 1), (0.565432098695624, 1), (0.5654862281863128, 1), (0.5655976674736014, 1), (0.565615462863019, 1), (0.565624999982325, 1), (0.5656903765453684, 1), (0.5658324264890269, 1), (0.5658914728243469, 1), (0.5659090908769383, 4), (0.565916398677437, 1), (0.5659472421790884, 1), (0.5660377357422558, 2), (0.566091954014857, 1), (0.5661157024676444, 1), (0.5661202185761435, 1), (0.5661375661225921, 1), (0.5661688086121354, 1), (0.566176470546607, 1), (0.5661948376117328, 1), (0.5661971830587192, 1), (0.5661971830966017, 1), (0.5662544169561294, 1), (0.5663716814033963, 1), (0.5663716814096647, 1), (0.5664488017182377, 1), (0.5664488017305773, 1), (0.5664845172938684, 1), (0.5665101721351058, 1), (0.5665236050691643, 1), (0.5665236051015987, 3), (0.5665399239436064, 3), (0.5665427508872467, 1), (0.5665529008305282, 4), (0.5666666666561712, 1), (0.5666666666572222, 1), (0.566666666659111, 1), (0.5666666666632926, 1), (0.566706972992474, 1), (0.5667420814447626, 2), (0.5667655785509232, 2), (0.5667752442627529, 1), (0.5669014084487081, 1), (0.5669856459194519, 1), (0.5670103092052778, 1), (0.5670103092198965, 6), (0.5670103092418177, 1), (0.5670225384855215, 2), (0.5670962850601443, 1), (0.5671077503653869, 1), (0.5671077504591895, 1), (0.5671077504618685, 2), (0.5671378091822693, 2), (0.5671641790480473, 1), (0.5671641790802885, 1), (0.5671641790938904, 1), (0.5672413793005644, 2), (0.5672727272314677, 1), (0.5672727272624141, 1), (0.5673758864845824, 2), (0.5674157302573868, 3), (0.5674740484232722, 1), (0.5675265553840789, 1), (0.567639257219143, 1), (0.5677419354472468, 1), (0.5677603423599497, 2), (0.5678601165458834, 1), (0.5678733031642121, 3), (0.5679012345211583, 1), (0.5679012345211663, 1), (0.5679012345328488, 1), (0.5679012345445273, 1), (0.5679442507721326, 1), (0.5679611650209759, 3), (0.567993989473061, 1), (0.568027210865035, 1), (0.5680379746745574, 1), (0.5680628271879592, 1), (0.5681444991603224, 1), (0.5681818175361416, 5), (0.5681818181495363, 1), (0.568181818149538, 1), (0.5681818181700792, 1), (0.5681818181710577, 2), (0.5682074407989138, 1), (0.5682656826044038, 1), (0.568298969035548, 2), (0.568345323734193, 2), (0.5684210525717428, 1), (0.5684210526016477, 2), (0.5684210526016596, 1), (0.568464730278664, 2), (0.5684754521816925, 1), (0.5685279187721044, 1), (0.5685618728906862, 1), (0.5685618729001918, 1), (0.56860321377397, 1), (0.5686900958345346, 1), (0.5687203791199652, 1), (0.5687544996379821, 1), (0.5688073392755916, 4), (0.5688311687572928, 1), (0.5688775510131502, 1), (0.5689149558449011, 1), (0.5689354275543118, 1), (0.568965517143284, 3), (0.5689655172315696, 4), (0.5690140844269005, 1), (0.5690698954007128, 1), (0.5690721649249848, 1), (0.5690789473590581, 1), (0.5692031156346959, 1), (0.5692307692088739, 1), (0.5692307692088784, 1), (0.569254185675214, 1), (0.5692695213819052, 1), (0.5692883894917877, 1), (0.5694444443653432, 2), (0.5694682675619406, 1), (0.5696202531285046, 1), (0.5696202531465326, 1), (0.5696202531555437, 1), (0.5696400625888952, 2), (0.5696969693516954, 2), (0.5697503670235307, 1), (0.5697818032088543, 1), (0.569800569768104, 2), (0.5699152542252134, 1), (0.5699999999714989, 1), (0.569999999990497, 1), (0.5700245698845101, 3), (0.5700934578906406, 1), (0.5701357465633388, 1), (0.5701357465891359, 1), (0.5701357466031113, 1), (0.5701492537228309, 2), (0.5702005730577364, 1), (0.5702811244865403, 2), (0.5703422053087359, 1), (0.5703422053123519, 4), (0.5703611456894083, 1), (0.5703703703281241, 1), (0.570370370359803, 1), (0.5703839121443549, 1), (0.5704099821645213, 1), (0.5704225351710979, 1), (0.5704225352092591, 1), (0.5704545454221369, 1), (0.5704918032599832, 2), (0.5705128204945252, 1), (0.5705329153426184, 1), (0.5705329153515609, 2), (0.5705660377315457, 1), (0.570613409406982, 3), (0.5706713780868324, 1), (0.5706806282423718, 1), (0.5706896551625747, 6), (0.570806100205424, 1), (0.5709515859575603, 2), (0.5709534368039302, 1), (0.5711481844833932, 1), (0.5712025316365298, 2), (0.5712669683225609, 2), (0.5714285712947493, 2), (0.5714285713029899, 2), (0.5714285713290187, 1), (0.5714285713469388, 2), (0.5714285713543631, 1), (0.571428571393083, 1), (0.5714285714062037, 1), (0.5714285714098047, 2), (0.5714285714169096, 1), (0.5715909090584349, 1), (0.5716145833296097, 1), (0.5716440421891663, 1), (0.5718270571667557, 1), (0.5718390804515574, 2), (0.5718749999821311, 1), (0.5719063544959241, 1), (0.5719298244610644, 2), (0.5719329214424292, 1), (0.5719557195044317, 3), (0.5719557195360909, 1), (0.5719626168010464, 2), (0.5719626168117373, 1), (0.5719921104254445, 1), (0.5720081135863984, 1), (0.5720164608818121, 2), (0.572025052168174, 2), (0.5720338982929656, 1), (0.5720823798365173, 2), (0.5720858895266793, 1), (0.5721703011392923, 1), (0.5722070844374829, 1), (0.5722379601778309, 2), (0.5722713863969173, 1), (0.5723270440131573, 1), (0.5723472668442274, 1), (0.5723720417956881, 2), (0.5723981900420156, 1), (0.5724508049884636, 1), (0.5725047080763654, 2), (0.5725264168518208, 1), (0.572677595625287, 1), (0.5727136430925467, 1), (0.5727272726752128, 1), (0.572727272694733, 1), (0.5727773406315649, 1), (0.5728274173666418, 1), (0.5728395061256936, 1), (0.5729166666169372, 2), (0.5729442970062405, 1), (0.5729729729420027, 2), (0.5730337078490761, 1), (0.5730994151823262, 2), (0.5731462925277369, 1), (0.5731707316985791, 1), (0.5731958762650172, 1), (0.573289902242786, 1), (0.5733113673616727, 1), (0.5733333332059224, 1), (0.5733333332568828, 4), (0.5733333333078509, 1), (0.5733788395806584, 1), (0.5734693877433967, 1), (0.5734727572606788, 1), (0.573566084716515, 1), (0.5735849056517195, 1), (0.5736677115088281, 1), (0.5736677115897514, 1), (0.5736677115897535, 3), (0.5736981465086161, 1), (0.5737051792066783, 2), (0.5737373737141896, 4), (0.573770491791519, 1), (0.5737704917928266, 1), (0.5737704917938726, 1), (0.5738539898035022, 1), (0.573863636331031, 1), (0.5739130434732703, 1), (0.5739644970074612, 4), (0.5739795918294128, 1), (0.5739910313729687, 1), (0.574025973951426, 1), (0.574040219273482, 2), (0.5740740740588889, 1), (0.5741150442414379, 1), (0.5741379310245831, 1), (0.5741626791511255, 2), (0.5742167437053214, 1), (0.5742971887319638, 1), (0.5743043220500672, 1), (0.5743073047569675, 2), (0.5743329097110097, 1), (0.5743589743471926, 1), (0.5743801652773882, 2), (0.5744680850656413, 2), (0.5744855966605327, 1), (0.5745614034835725, 1), (0.5745762711377449, 1), (0.5745856353485315, 2), (0.5746031745849339, 1), (0.5746164574456155, 2), (0.574626865660917, 1), (0.5746478872430032, 1), (0.5746549560132229, 1), (0.5747126436592872, 1), (0.5747126436699043, 4), (0.5748299319532406, 2), (0.5749128918858998, 2), (0.5749486652741316, 2), (0.5749999998562457, 1), (0.5749999999673291, 3), (0.5750798721922249, 1), (0.5751072960879786, 2), (0.5752212389253264, 1), (0.5752508361011587, 1), (0.5752508361107838, 1), (0.5752608047518546, 1), (0.5753424657008835, 2), (0.5753424657390913, 1), (0.5753424657390986, 1), (0.5754716980860667, 1), (0.575604272030601, 1), (0.5756207674293907, 1), (0.5756676557692739, 1), (0.5756741881906633, 1), (0.5756756756601157, 1), (0.5757575757401286, 1), (0.5758620689555882, 8), (0.5759539236819582, 1), (0.5759562841498562, 1), (0.5759717314436753, 2), (0.5759999999846376, 1), (0.5761124120430626, 3), (0.5761124121644927, 1), (0.5761904761630342, 1), (0.5763195435010531, 2), (0.5763293310265399, 1), (0.5763888888388549, 1), (0.576419213967504, 1), (0.5764705881674713, 1), (0.5764854614339251, 2), (0.5765907305124438, 1), (0.5766283524351873, 1), (0.5766590388752105, 4), (0.5766871165290358, 1), (0.5766981556429291, 1), (0.5767634854652156, 2), (0.5767790261092156, 3), (0.5767790262100229, 1), (0.5767894370690216, 1), (0.5768229166629102, 1), (0.5768566492958761, 1), (0.5769230768913765, 1), (0.5769230769008876, 1), (0.5769980506710125, 1), (0.5770308122926, 1), (0.5770308123087798, 2), (0.5770491803184098, 1), (0.5771604938093488, 1), (0.5771643663014879, 1), (0.5772495755419813, 1), (0.5773195875693398, 1), (0.5773195875693515, 2), (0.577319587599102, 1), (0.577319587605059, 1), (0.5773420479177038, 1), (0.5774058576922659, 2), (0.5774058577244783, 1), (0.5774278215071547, 2), (0.5774647886646199, 1), (0.5775316455604818, 1), (0.5775401069415794, 1), (0.57758620687166, 1), (0.5775862068865933, 3), (0.5775978407531357, 1), (0.5776397515348706, 2), (0.5776487662441714, 7), (0.5776566757178412, 1), (0.5777777775943582, 1), (0.577777777713579, 1), (0.5777777777264197, 1), (0.5777777777302223, 1), (0.5777777777349761, 1), (0.5777777777544314, 2), (0.577822990838478, 1), (0.5778331257639336, 1), (0.5778401121979092, 2), (0.5778756191206448, 2), (0.5779376498731634, 3), (0.5780730896625815, 1), (0.578096947831586, 1), (0.578186596575844, 1), (0.5781990521052948, 1), (0.5781990521053018, 1), (0.578249336793338, 2), (0.5783132530020966, 1), (0.5783582089336431, 1), (0.5783783783471156, 1), (0.5783972125385138, 1), (0.5784090908762296, 2), (0.5784615384496689, 1), (0.5785440612472625, 1), (0.5785674624886982, 1), (0.5785714285369911, 1), (0.5786219081220967, 1), (0.5786407765866746, 2), (0.5786516853119862, 2), (0.5786666666512368, 1), (0.5786802029869393, 1), (0.5786885245806765, 1), (0.578710644590901, 1), (0.5787187838990941, 1), (0.5787234042430021, 1), (0.5787451983894027, 1), (0.5787694388060957, 1), (0.5787781350110106, 1), (0.578796561596294, 1), (0.5788561525079833, 1), (0.578947368319496, 3), (0.578947368395657, 1), (0.5789473684108957, 1), (0.5789769533120305, 1), (0.5791139240414679, 2), (0.5791505791282161, 1), (0.5791666666546045, 2), (0.5791726105480854, 1), (0.5791855203095733, 1), (0.5791855203587183, 3), (0.5792163542947861, 1), (0.57925223801696, 2), (0.5792682926740973, 1), (0.5792759051113626, 1), (0.5793103448009523, 2), (0.5793103448175986, 3), (0.5793972109735509, 1), (0.5794238682650728, 1), (0.5794912559595373, 1), (0.5795454545125277, 1), (0.5795774647866929, 1), (0.5796226415006863, 1), (0.579677956658541, 1), (0.5797101448435221, 1), (0.5797101449065317, 1), (0.5797101449225943, 1), (0.5797619047584517, 1), (0.5798319326512993, 4), (0.5798525797101102, 1), (0.5798816567761387, 1), (0.5798969071417645, 1), (0.579925650514505, 1), (0.5799373040661456, 1), (0.579957356064398, 1), (0.5799999999709955, 1), (0.5799999999922666, 1), (0.5801011804058392, 1), (0.5801169590507564, 1), (0.5801217038500339, 1), (0.5801952580033412, 1), (0.5802047779589721, 2), (0.5802047781470964, 1), (0.5802469135086105, 1), (0.5802469135563724, 1), (0.5803161652159082, 1), (0.580327868842947, 1), (0.5803497085520251, 1), (0.5803886925743783, 2), (0.5805128205009163, 1), (0.5806451611200513, 4), (0.5806451612154007, 4), (0.5806451612278845, 1), (0.5806451612862524, 1), (0.5807127882477843, 2), (0.5807429871070441, 1), (0.5807622504326412, 1), (0.580788450828384, 1), (0.580796252791376, 1), (0.5808080806614138, 1), (0.5808219177551779, 1), (0.5808257522336732, 1), (0.5809018566868831, 1), (0.5809768636785425, 1), (0.5809999999709488, 1), (0.5810344827486017, 3), (0.5810699587999119, 1), (0.5810699587999152, 1), (0.5810810810653763, 1), (0.5811320754673123, 1), (0.5811518324303045, 2), (0.581162324591066, 1), (0.5811965811634603, 1), (0.5812499999818367, 1), (0.5812807881200699, 2), (0.5812807881582519, 1), (0.5812883435137041, 1), (0.5813084111606286, 1), (0.5813148788726233, 1), (0.5813630041562922, 1), (0.5813715455356965, 1), (0.5814072932687135, 1), (0.5814266486431443, 1), (0.5814360770068839, 1), (0.5814479637976174, 3), (0.5814696485499153, 2), (0.5814739688939722, 2), (0.5814977972714361, 1), (0.5815217390988335, 3), (0.5815602836467001, 1), (0.5815831986136415, 1), (0.581709145340074, 1), (0.5817134629208708, 1), (0.5817174515074331, 1), (0.5817361893893672, 1), (0.5817490494185973, 1), (0.5817727840127138, 2), (0.581790123447813, 1), (0.5817918026629755, 1), (0.5818181817829283, 1), (0.581818181794673, 12), (0.5818815329996669, 2), (0.5818815330909054, 1), (0.5819465456349854, 1), (0.5819521178101335, 1), (0.5819521178530016, 1), (0.5819672131052137, 1), (0.5819761128891454, 1), (0.5820149874861781, 1), (0.5820256775951242, 3), (0.5820399113049773, 1), (0.5820476858304209, 1), (0.5820895522279437, 1), (0.5820962663041727, 1), (0.582132564839104, 1), (0.5822021115699721, 1), (0.5822021115963127, 1), (0.5822222221963467, 3), (0.5822306238075187, 1), (0.5823170731618529, 1), (0.5823293171521507, 1), (0.5823927764974085, 2), (0.5824742267290588, 2), (0.5825242717881038, 1), (0.5826193390310255, 1), (0.5826271186317242, 2), (0.5826415094251662, 1), (0.5826446280871367, 3), (0.5826771653084494, 1), (0.5826771653390391, 1), (0.5827586206796068, 3), (0.5827814568764489, 1), (0.5829383885979622, 4), (0.5829596412468907, 1), (0.5829959513698005, 1), (0.5829959514143812, 1), (0.5830553702079352, 1), (0.5830721003043382, 1), (0.5831622176351925, 2), (0.5831842575819955, 1), (0.5831903945011464, 1), (0.5833333332847223, 1), (0.5833333333236111, 1), (0.5833333333249515, 2), (0.5833791964456045, 1), (0.5834797890695081, 1), (0.5834829443394656, 1), (0.5835543765804281, 1), (0.5835995740024821, 1), (0.5836065573674803, 1), (0.5836431226548854, 1), (0.5836802664203287, 1), (0.583690987074378, 1), (0.5837104072365218, 1), (0.583738707395154, 1), (0.5838509316407544, 1), (0.5838607594844336, 1), (0.5838956365245878, 2), (0.5840407470189474, 1), (0.584070796356803, 1), (0.5840707964527914, 1), (0.5841121494872186, 1), (0.584119933337916, 1), (0.5841446453245015, 2), (0.5841584158126635, 1), (0.5842572062051847, 1), (0.5843071785822787, 2), (0.5843137254615539, 1), (0.584313725478738, 1), (0.5844318895148005, 1), (0.5844346548334105, 1), (0.5844594593607344, 1), (0.584482758610612, 1), (0.5845070422123536, 1), (0.5845697328509529, 2), (0.5845980887810774, 1), (0.5846153845929012, 1), (0.5846354166628582, 1), (0.5846560846406159, 1), (0.5846702317186375, 2), (0.5846817690847128, 2), (0.5847076460892469, 1), (0.5847107437895714, 1), (0.5847953212954434, 2), (0.5847953215519303, 12), (0.5847953216089278, 2), (0.5847953216146258, 1), (0.5848142163837143, 3), (0.5848416289559714, 3), (0.5848787446421565, 1), (0.584905660267002, 1), (0.5849321478681103, 1), (0.5849372384692508, 2), (0.5849722642431413, 1), (0.5850091406608738, 1), (0.5850467289172852, 1), (0.5851063826674949, 2), (0.5851648351487584, 1), (0.5851851850768142, 1), (0.5851851851743468, 1), (0.5852187028216272, 1), (0.5852187028481078, 1), (0.5852568875629757, 1), (0.5852631578700884, 1), (0.585284280926668, 2), (0.5853051058384718, 2), (0.5853211008637312, 1), (0.5853658535871458, 1), (0.5853658536177443, 1), (0.5853658536325782, 1), (0.5854189335598017, 1), (0.5854800935397027, 1), (0.5855513307762192, 1), (0.5855513307836333, 1), (0.5855513307873514, 2), (0.5855670102851237, 1), (0.585695006745003, 1), (0.5857142856306154, 2), (0.5857238158694374, 3), (0.5857294994550439, 1), (0.5857605177803973, 1), (0.585774058552897, 1), (0.5857988163947402, 1), (0.5857988165333842, 3), (0.5858585857106389, 1), (0.5859085289757847, 1), (0.5859154928752248, 2), (0.5859491778599084, 1), (0.5859491778686668, 1), (0.5859728506754209, 1), (0.5859999999413956, 2), (0.5860709592564225, 1), (0.58620689621481, 1), (0.5862068964739806, 1), (0.5862068965264579, 1), (0.5862068965416172, 4), (0.5862068965425358, 1), (0.5862068965425378, 1), (0.5862484920885126, 1), (0.5863013698094722, 1), (0.5863453815143247, 1), (0.5863678804745799, 1), (0.5863874345166011, 1), (0.5864661653253438, 1), (0.586466165384134, 1), (0.586617781840758, 1), (0.5866666665884414, 2), (0.5866666666275525, 3), (0.5866666666546306, 2), (0.5866666666588444, 2), (0.5867507886065104, 1), (0.5867620751131744, 1), (0.5868081880167797, 1), (0.5868465429686981, 1), (0.586926286492711, 1), (0.586956521707235, 1), (0.5869853916883174, 2), (0.586989409981909, 1), (0.587025316446406, 1), (0.5870307165232056, 2), (0.5870445343891888, 1), (0.5870580386846286, 1), (0.5870786516029378, 4), (0.5870967741556726, 1), (0.5870967741840806, 2), (0.5871559632847971, 2), (0.5871698113118932, 1), (0.5872193435946049, 2), (0.5872395833295085, 1), (0.5872727272620488, 1), (0.5874363327574265, 1), (0.5874999999632798, 1), (0.58751529986322, 1), (0.5875299760121393, 1), (0.5875952121232191, 1), (0.5876288659188065, 1), (0.5876543209392863, 2), (0.5876577840071009, 1), (0.5876777250906297, 1), (0.5877192982198356, 3), (0.5877318116891889, 1), (0.5877551020288251, 2), (0.5878284923846777, 1), (0.5878410722805758, 1), (0.5878489326572129, 4), (0.5878787878431616, 1), (0.5879265091709206, 2), (0.5879310344726223, 6), (0.5879396984776913, 1), (0.5879518070872392, 1), (0.5879732738111376, 1), (0.5879999999411996, 1), (0.5879999999921588, 1), (0.5881355931704962, 1), (0.5881377021738647, 1), (0.5882352934256095, 5), (0.5882352940644124, 3), (0.5882352940999028, 1), (0.5882352941071626, 1), (0.588235294110862, 1), (0.5882352941143201, 2), (0.5882352941154563, 1), (0.5883922614998227, 2), (0.5884955752082166, 1), (0.588505747099377, 2), (0.5885139135234716, 1), (0.5885714285377933, 1), (0.5886075948435738, 1), (0.5886075949273922, 1), (0.5886075949273958, 2), (0.5886792452741331, 7), (0.5886917960056046, 1), (0.5887323942832762, 2), (0.5887445887190974, 1), (0.5887541344444601, 1), (0.588785046701455, 1), (0.5888125613230853, 1), (0.5888157894639935, 1), (0.5888324872498587, 1), (0.5888538380590032, 1), (0.5888827737705612, 2), (0.588888888823458, 1), (0.5889570551695594, 1), (0.5889830508349784, 1), (0.5889967637349858, 1), (0.5890308038979871, 1), (0.5891050583634652, 1), (0.5891276864653708, 1), (0.5892116182450384, 1), (0.5892937471858333, 1), (0.5892981236560612, 1), (0.5893004114741287, 1), (0.5893186003574716, 1), (0.5893223818696832, 1), (0.5893333333254731, 1), (0.5893416926975931, 1), (0.5893416927714965, 1), (0.5893665158337749, 1), (0.5894039734709002, 1), (0.5894366197162331, 1), (0.5894736841794919, 2), (0.5895061728213127, 1), (0.5895196506292792, 1), (0.5896017699049819, 2), (0.5896103895338182, 2), (0.5896551724036255, 1), (0.5896805895357102, 1), (0.5897079276609266, 1), (0.5897435897246898, 2), (0.5897435897284682, 1), (0.5897714906866426, 1), (0.589800443432826, 2), (0.5898123322815502, 1), (0.5898407884716474, 2), (0.589983489235555, 2), (0.5899999999409977, 1), (0.5899999999704977, 1), (0.5900216919099758, 2), (0.5901408450683459, 2), (0.5901639344154804, 1), (0.5901639344165547, 1), (0.5901639344230046, 1), (0.5901886792363731, 1), (0.5901898734083819, 2), (0.5901934322960398, 1), (0.5902469917632015, 1), (0.5903614457653471, 2), (0.5903890159912849, 2), (0.5904059040045736, 1), (0.5904690990298201, 1), (0.5905420991858045, 1), (0.5905797101235276, 1), (0.5905848787362277, 2), (0.5906249999815458, 1), (0.5907553550630498, 2), (0.5907692306783393, 1), (0.5907752698608294, 1), (0.5908319184959134, 1), (0.5908814589306441, 1), (0.5909090902376313, 1), (0.5909090908949526, 1), (0.5909465020089791, 2), (0.5909849749253777, 1), (0.5910165484493857, 1), (0.59113300486787, 2), (0.5911330049066954, 2), (0.5911602209400427, 1), (0.5911740216240137, 1), (0.5912067352112992, 2), (0.5913370997894062, 2), (0.5914396886699276, 1), (0.5914634146251267, 1), (0.5914893616895467, 1), (0.5915492956913276, 1), (0.591549295732978, 1), (0.591623036610502, 1), (0.5916230366182375, 1), (0.5916398713445916, 1), (0.591666666617363, 2), (0.5916795069155113, 1), (0.5916981131986165, 1), (0.5917159761562978, 1), (0.591715976296349, 2), (0.5917480998592962, 1), (0.5918367346334842, 1), (0.591893392526826, 1), (0.5919395465249505, 1), (0.5919540229799988, 1), (0.5920778317865137, 2), (0.5921219821356926, 1), (0.592156862733488, 1), (0.5921787709166464, 1), (0.5921908893067016, 2), (0.592207792130881, 1), (0.5922330096799919, 1), (0.592274678060758, 1), (0.592297476680967, 2), (0.5923076922849103, 3), (0.5923261390816272, 1), (0.5923753663952014, 1), (0.5923913043156304, 1), (0.5924369746654523, 2), (0.592441266592518, 1), (0.5924596049205666, 3), (0.5924764889353478, 1), (0.5924764890189229, 1), (0.592481202918423, 2), (0.5925925924828641, 1), (0.5925925925298836, 2), (0.5925925925298875, 1), (0.5925925925377338, 1), (0.5925925925438216, 1), (0.5925925925588333, 1), (0.592592592575708, 1), (0.5925925925816187, 1), (0.5927601809921236, 3), (0.592783505078251, 1), (0.592797783917101, 1), (0.5928489042607522, 1), (0.5929203539691866, 1), (0.5929203539757404, 1), (0.5930232554691623, 1), (0.593059936871098, 1), (0.5930807248568997, 1), (0.59310344823496, 1), (0.5931232091605586, 1), (0.5931558935135658, 1), (0.5931558935248455, 1), (0.593175853002805, 4), (0.5931784478467967, 1), (0.5932075471608566, 1), (0.5932203389327774, 1), (0.5932203389729963, 1), (0.5932415519325005, 1), (0.5932452275193417, 2), (0.5932721712175388, 2), (0.5932856356305303, 2), (0.5933014353499283, 1), (0.5933014353783105, 1), (0.5933117582962998, 1), (0.5933333333254222, 1), (0.593354430370358, 1), (0.5933609958383096, 1), (0.5933682373265845, 1), (0.5934065932761741, 2), (0.5934379457832599, 2), (0.593467685851739, 1), (0.5934718100537991, 1), (0.5934819896880441, 1), (0.5935483870201902, 4), (0.5936540429765896, 1), (0.593671940025242, 1), (0.5936739659222986, 1), (0.5936842105013147, 1), (0.5937234944818169, 1), (0.5937499999814454, 1), (0.5937499999961328, 1), (0.5938566550874255, 2), (0.5938864628302333, 1), (0.5939393938673985, 1), (0.5939393939153936, 1), (0.5940594059111856, 1), (0.5941278064604274, 1), (0.5941422593976523, 2), (0.5942028984646086, 1), (0.5942395149005145, 1), (0.5942408376574487, 1), (0.5942571785120031, 1), (0.5943204868093879, 1), (0.5943600867034275, 1), (0.5943678849574946, 1), (0.5943775100282214, 1), (0.5944170771561778, 2), (0.5944272445636353, 1), (0.5944444444334346, 2), (0.5944997074277696, 1), (0.5945045794923173, 1), (0.594507269693942, 1), (0.5945945944485033, 4), (0.5945945944941531, 1), (0.5945945945745073, 1), (0.5945945945785245, 2), (0.594644505974393, 2), (0.5947242206163684, 1), (0.5947611710140268, 2), (0.5947867298437227, 1), (0.5948275861983522, 1), (0.5948434621920022, 1), (0.5948717948412839, 1), (0.594871794841288, 1), (0.5949367088513441, 1), (0.5949506037190996, 1), (0.5949656750299781, 1), (0.5949966193333669, 1), (0.5949999999702432, 1), (0.5949999999702489, 1), (0.5950226244209307, 1), (0.5950413221501238, 1), (0.5950920245216234, 1), (0.5952380952178495, 1), (0.5952380952223489, 1), (0.595267745937854, 1), (0.5952712099973517, 1), (0.5953608246655454, 2), (0.5953678474033315, 1), (0.5954692555991935, 3), (0.5955555555290905, 1), (0.5956112851730981, 1), (0.5956112852571204, 2), (0.5956112852571226, 3), (0.595690747766902, 1), (0.5957049486350031, 1), (0.5957446808088098, 1), (0.595744680825713, 1), (0.5957446808383885, 1), (0.5957972805196778, 1), (0.5958005249187471, 1), (0.5958188153258186, 1), (0.5958403597191776, 2), (0.5958847736135064, 1), (0.5959183673347735, 1), (0.5959367945554909, 1), (0.595988538511172, 1), (0.5959885386648751, 2), (0.5960539979107758, 1), (0.5961538461309172, 1), (0.5961945031460384, 1), (0.5962264150853399, 1), (0.5962962962852505, 1), (0.5962962962852546, 2), (0.5963302751746483, 1), (0.5963791267178629, 1), (0.5963975983909756, 2), (0.5964912280492459, 1), (0.5965189873323339, 1), (0.5965292841001596, 1), (0.5965732086762812, 1), (0.5966101694814142, 1), (0.5966386554371129, 1), (0.5966587112029424, 1), (0.5966850828070017, 1), (0.5966850828399589, 1), (0.5968194573810269, 1), (0.596825396778033, 1), (0.5968586387122053, 1), (0.5968819597779776, 1), (0.5968992247599261, 1), (0.5969387755025859, 3), (0.5969581748935967, 3), (0.5969645868129864, 1), (0.5970149253642236, 1), (0.5971107543182834, 1), (0.5971563980759592, 1), (0.5972495088173989, 1), (0.5972850678192516, 1), (0.5972850678699271, 1), (0.5972972972811518, 1), (0.5973333333253713, 1), (0.5973451327301467, 3), (0.5973451327367552, 5), (0.5973516429329409, 1), (0.5973534971531664, 1), (0.5973645680732415, 1), (0.5973909131776984, 1), (0.5974025973638052, 1), (0.5974025973915095, 2), (0.5975103734315902, 1), (0.5975197294115551, 1), (0.5975308641680243, 1), (0.597590361301789, 2), (0.597609561713306, 1), (0.5976267529020871, 2), (0.5976372480474188, 1), (0.5977011494056582, 1), (0.5977382875509253, 1), (0.597758405970142, 2), (0.5978260869240319, 1), (0.5978428351125492, 1), (0.5978456014309018, 1), (0.597907324346848, 1), (0.5979381442682498, 3), (0.5979557069337375, 1), (0.5980066444785374, 1), (0.598070739511382, 2), (0.5980707395306053, 1), (0.5981308410097012, 2), (0.5981308410656075, 2), (0.5981481481370705, 1), (0.5982404690327806, 1), (0.598272138226788, 1), (0.5982758620586492, 5), (0.5982905981883241, 1), (0.598290598239463, 1), (0.5982905982735527, 1), (0.5983146066575372, 1), (0.5983263598076001, 2), (0.5983379501219287, 2), (0.5983450031445976, 1), (0.5983606557278958, 1), (0.5983870967693664, 1), (0.5984162895893766, 2), (0.5984251968346864, 1), (0.5984654731406767, 1), (0.5985714285671544, 1), (0.5986290936330031, 1), (0.5987261146242586, 1), (0.598746081495315, 1), (0.5988880063066778, 1), (0.5989010988681832, 1), (0.598907103821866, 1), (0.598930481251395, 1), (0.5989583332813394, 3), (0.5989583333294334, 1), (0.5990252547364175, 2), (0.5990534144651877, 1), (0.5991769546831928, 2), (0.5991902833765572, 1), (0.5992217898366389, 1), (0.5992452830098234, 1), (0.599250936322104, 3), (0.5993265991248065, 2), (0.599348534162911, 1), (0.5993883791682295, 3), (0.5994397758683867, 1), (0.5994500458185253, 1), (0.5994962216322728, 4), (0.599500416294774, 1), (0.5995316157846428, 2), (0.5995475113088263, 1), (0.5995893223203769, 1), (0.5996343691773929, 1), (0.5996705106886445, 2), (0.5996835442943098, 1), (0.5996940336501837, 1), (0.599735799199476, 1), (0.5997458703176974, 1), (0.5997552019437038, 2), (0.5997645673749334, 1), (0.5997693194855848, 1), (0.5997745208432999, 1), (0.5997842502049869, 2), (0.5998421467940044, 1), (0.5999999994545713, 1), (0.5999999999090884, 1), (0.599999999914276, 1), (0.59999999992, 4), (0.5999999999333308, 1), (0.5999999999368469, 1), (0.59999999994, 2), (0.5999999999454566, 2), (0.5999999999538514, 1), (0.5999999999586239, 1), (0.59999999996, 1), (0.5999999999675627, 1), (0.5999999999684019, 1), (0.5999999999692331, 1), (0.59999999997, 1), (0.5999999999739135, 1), (0.599999999976924, 1), (0.5999999999888906, 1), (0.5999999999894705, 1), (0.5999999999900001, 1), (0.5999999999901625, 1), (0.5999999999903197, 1), (0.599999999990327, 1), (0.599999999991042, 3), (0.5999999999914285, 1), (0.5999999999919999, 1), (0.5999999999957143, 1), (0.5999999999973468, 1), (0.6000899685083202, 1), (0.6002490659875369, 1), (0.6003159557567074, 2), (0.6003430531526474, 1), (0.6003490401186635, 1), (0.6005509641707814, 1), (0.600678733028281, 1), (0.6006825936516426, 3), (0.6007067137101595, 1), (0.6007194243523838, 1), (0.6007237634981061, 1), (0.6007434943791262, 1), (0.6007462686343011, 1), (0.6007462686455062, 1), (0.6008344923337705, 1), (0.6008403360082291, 1), (0.6008583690471377, 1), (0.6008968609685795, 2), (0.6009389671079363, 1), (0.60098522161567, 3), (0.6009852216551388, 1), (0.6009852216650061, 1), (0.6010186757113586, 1), (0.6010362693677579, 2), (0.6010928961715788, 1), (0.601134215489581, 1), (0.6012024047493774, 2), (0.6012396694090685, 1), (0.601265822775296, 5), (0.6013071895031851, 1), (0.6013363027613913, 2), (0.6013513512497719, 2), (0.6014492753405275, 1), (0.601503759368346, 1), (0.601503759380406, 1), (0.6015424162978048, 2), (0.6016393442524329, 1), (0.6016427104105133, 1), (0.6016949152287431, 1), (0.6016949152414909, 1), (0.6017241379206596, 8), (0.6017699114977684, 4), (0.6017699114990993, 1), (0.6018518518425644, 1), (0.60186915885601, 2), (0.6018808776486076, 1), (0.6018808777335126, 2), (0.6018808777335147, 2), (0.6018893387151982, 9), (0.6018957345686267, 2), (0.6019247593524133, 1), (0.6019417472806146, 2), (0.6019417475143783, 1), (0.6019983346960023, 1), (0.6020066889531442, 1), (0.602020201995877, 1), (0.6020408163188484, 3), (0.6020558002052729, 1), (0.6020761245644997, 1), (0.602150537569663, 1), (0.6021505375696715, 1), (0.6022304832564497, 1), (0.6022641509343067, 2), (0.6023244062597024, 1), (0.6023391812571963, 1), (0.6023778071254624, 2), (0.6024096384816365, 1), (0.6024096385360712, 1), (0.6024223275090904, 1), (0.602430555503262, 1), (0.6024590163687541, 1), (0.6024691357528823, 1), (0.6024691357727198, 3), (0.6025515210872915, 1), (0.6025641024353472, 1), (0.6026365347831768, 1), (0.6027607361500964, 2), (0.6027874563409733, 1), (0.602789023838944, 1), (0.6028368793898687, 1), (0.6028481012562822, 1), (0.6028708133827082, 1), (0.6028833551690302, 1), (0.6029411764671802, 2), (0.6029654036045207, 1), (0.6030150753335936, 2), (0.6030150753617323, 1), (0.6030368762903434, 1), (0.6030855539126126, 1), (0.6031249999811545, 2), (0.603194103186692, 1), (0.6031966643083259, 2), (0.6032138441775995, 1), (0.6032608695324334, 3), (0.6032786885146997, 2), (0.6032953105119969, 1), (0.6033057851073483, 1), (0.6033057851115032, 1), (0.6033333333232748, 1), (0.6033898304880269, 2), (0.6034482758360585, 1), (0.6034482758516647, 7), (0.6034482758533994, 1), (0.6035087719086504, 1), (0.6035242289419581, 2), (0.6035805626547027, 1), (0.6036161335019862, 1), (0.6036536933595162, 1), (0.6036745406665708, 3), (0.6036809815210222, 2), (0.6036960985006498, 1), (0.6037099493758452, 1), (0.6037735848965468, 4), (0.6038461538229307, 1), (0.6038543897086895, 1), (0.6038619075447444, 1), (0.603878116326769, 1), (0.6038863975993377, 1), (0.6039325842611803, 1), (0.6039823008782729, 1), (0.6039999999395964, 2), (0.6040515653664118, 1), (0.6040816326407312, 1), (0.6041055716703515, 2), (0.6041896360965605, 2), (0.6042154565329695, 10), (0.6042296072325003, 1), (0.6042692939046211, 1), (0.6042692939145461, 1), (0.6042726347853087, 1), (0.604288498995891, 1), (0.6042927902804467, 2), (0.6043165466756454, 1), (0.6043165467336009, 1), (0.6043478260606795, 1), (0.6043956043790005, 1), (0.6044303797372684, 1), (0.6044444444175813, 3), (0.6044880785371346, 1), (0.6044905007591562, 1), (0.6045112781045858, 1), (0.6045142296250333, 1), (0.6045627376310965, 1), (0.6045865183735532, 1), (0.604651162743823, 1), (0.604651162750515, 1), (0.6047197640028806, 1), (0.604834176469654, 1), (0.6048387096725416, 1), (0.60489882852812, 1), (0.6049046321196261, 2), (0.6049149338145592, 1), (0.6049822063626367, 1), (0.6049926577672555, 1), (0.6050156739717073, 4), (0.6050420167863851, 1), (0.6050420167954264, 1), (0.6051724137826698, 2), (0.6052281789718532, 1), (0.6052303860372272, 1), (0.6052303860372289, 1), (0.6052830188587868, 3), (0.6052998604455624, 1), (0.6053511705584363, 1), (0.6053935057454374, 1), (0.605405405241782, 2), (0.6054054053726817, 2), (0.605442176850154, 1), (0.6054421768501578, 1), (0.6054628224123345, 1), (0.6054880791695657, 1), (0.6054888507199413, 2), (0.6055045871004116, 1), (0.6055045871189202, 1), (0.6055312953994892, 1), (0.6055488539679728, 1), (0.6055776891626061, 2), (0.6056166055426574, 1), (0.6056338027884735, 1), (0.6056527590032763, 1), (0.6057371580973225, 1), (0.6057906457448176, 2), (0.6058865756923305, 1), (0.6059523809163158, 1), (0.6060606058565398, 1), (0.6060606059381675, 2), (0.6060606060238751, 1), (0.6060606060361188, 2), (0.6060606060464792, 1), (0.6060606060491281, 1), (0.6060606060498038, 1), (0.6061224489672183, 3), (0.6061615320313836, 1), (0.6061776061541996, 1), (0.6061827956581856, 1), (0.6061946902520768, 1), (0.6061946902587807, 2), (0.6062567421136741, 1), (0.60627177696124, 1), (0.6063218390717464, 2), (0.6063348415740908, 3), (0.6063348416152345, 1), (0.6063348416255341, 3), (0.6064257027990619, 1), (0.6064516128249798, 2), (0.6065070595085017, 1), (0.6065162906964167, 1), (0.6065318817568796, 1), (0.6065573770458659, 1), (0.6065773446868098, 1), (0.6066350709942132, 1), (0.6066350710612941, 1), (0.6066666666262237, 1), (0.606701940013874, 1), (0.6067146282900856, 1), (0.6067796609141115, 1), (0.6067924528210302, 2), (0.6067961164312154, 1), (0.6068052929941988, 1), (0.6068222620095471, 1), (0.606837606785743, 1), (0.6068759342120494, 3), (0.6068965516404249, 1), (0.6068965517136731, 2), (0.6069651738273784, 2), (0.6070287539806819, 1), (0.6070826306572746, 1), (0.6071065989231386, 2), (0.6071428570994898, 1), (0.6071428571351111, 2), (0.6071661237389466, 1), (0.6072874493681248, 1), (0.6074074073961583, 1), (0.6074498567161122, 2), (0.6074660633449837, 2), (0.6075085322158693, 2), (0.607518796974208, 1), (0.6075533661541036, 2), (0.6075949366127221, 1), (0.6075949367066006, 1), (0.6076388888361434, 1), (0.6077032810184345, 1), (0.6077348065626766, 1), (0.6077812828537588, 1), (0.6078028747183658, 2), (0.6078431372429836, 1), (0.6079027355253559, 1), (0.6079295153292299, 1), (0.6079545454199999, 2), (0.6079545454200044, 2), (0.6080508474511829, 1), (0.6080892607919635, 2), (0.6082068577510834, 1), (0.6082474226177048, 3), (0.6082690959629805, 1), (0.6083018867832702, 1), (0.6083333332826351, 2), (0.6083333332971242, 2), (0.6083445490432884, 1), (0.6083499005722299, 1), (0.6083650189998421, 4), (0.6083650190036956, 1), (0.6084056037277078, 1), (0.6084070796392869, 1), (0.6084745762196208, 3), (0.6085106382719764, 1), (0.6085106382849235, 1), (0.6085972850644332, 3), (0.6086206896446782, 8), (0.6086387434156706, 1), (0.6086572438108782, 1), (0.608695652120983, 3), (0.608695652140835, 5), (0.6086956521460576, 1), (0.6088280060697461, 2), (0.6088888888618291, 3), (0.6088992972812828, 1), (0.6089238844611609, 1), (0.6089238844984552, 2), (0.609037328070372, 1), (0.6091127098248322, 1), (0.6091370557757207, 1), (0.6091670773479966, 1), (0.6091772151802342, 1), (0.609215017054452, 1), (0.6092307690433192, 2), (0.6092307692182685, 1), (0.6092804303557944, 1), (0.609294320127208, 1), (0.6093189963939317, 1), (0.6093457943697423, 1), (0.6093514328624648, 1), (0.6093749999523974, 1), (0.6094182825315967, 1), (0.6094420600335372, 2), (0.6095238094875285, 1), (0.6095406360370179, 1), (0.6095679012251614, 1), (0.6096033402668174, 1), (0.6096866096692387, 1), (0.6096938775432394, 1), (0.6097285067838828, 1), (0.6097398265428989, 3), (0.6097398265469636, 1), (0.6097560974547453, 2), (0.6098113207455136, 3), (0.6098191212894553, 1), (0.6098191214312678, 1), (0.6098514464377646, 1), (0.609865470833781, 2), (0.6098654708429038, 1), (0.6099110545603682, 1), (0.6099999999389909, 2), (0.6099999999390022, 1), (0.6099999999695023, 1), (0.6100068539677852, 1), (0.6100386099915016, 1), (0.610045662044746, 1), (0.6101010100763604, 2), (0.610201216656011, 1), (0.610206297469588, 1), (0.6102564102251197, 2), (0.6103038309034278, 1), (0.6103183314904477, 1), (0.6103448275756833, 1), (0.6103603603534852, 1), (0.6104417670560148, 1), (0.6104553119387041, 1), (0.6105150214559529, 1), (0.610526315725203, 2), (0.610526315757336, 1), (0.610526315757342, 1), (0.6105563480654733, 1), (0.6105717367194614, 3), (0.6106194690197964, 2), (0.610625420268286, 1), (0.6106623585443153, 2), (0.6106995884271071, 2), (0.6107142856779327, 1), (0.6107899807204041, 1), (0.610797743705817, 2), (0.6108108107777976, 1), (0.6108273748099281, 1), (0.6108374383634702, 2), (0.610837438403586, 3), (0.6108861898308091, 2), (0.6108897741552632, 4), (0.6108970830703971, 2), (0.6109090908979818, 1), (0.6109289617452965, 1), (0.6109738012822025, 2), (0.6109890109621533, 1), (0.610997963315234, 1), (0.6110363390833082, 1), (0.6110484780020085, 1), (0.6110828673075183, 1), (0.611111110997947, 1), (0.6111111110686785, 1), (0.6111111110922522, 2), (0.6111524163114368, 1), (0.611197511616548, 1), (0.6112115732147881, 1), (0.6112600534554206, 1), (0.6112852664480972, 1), (0.6112956810225003, 1), (0.6113074204892995, 1), (0.6113537117636969, 1), (0.6113744075539616, 1), (0.6114285713936353, 2), (0.6114864863831955, 1), (0.6114864864658285, 2), (0.6114942528454465, 2), (0.6115357886996856, 1), (0.6115702479212517, 1), (0.6115795390325128, 1), (0.6118980168238157, 1), (0.6119010004943706, 2), (0.6119402984618, 2), (0.6119624320286129, 1), (0.6119631901371168, 4), (0.6119900083009155, 1), (0.6119951040241876, 2), (0.6120481927219248, 1), (0.6120481927563385, 1), (0.6120556414124878, 1), (0.6120689655066885, 4), (0.6120689655084467, 2), (0.6121147715066497, 1), (0.6122448978967125, 2), (0.6122448979092044, 1), (0.6122448979383595, 1), (0.6122448979513737, 1), (0.6123348016272341, 1), (0.6123417721422101, 2), (0.612342720188064, 1), (0.6123456789619464, 2), (0.6123893804225917, 1), (0.6124031007672762, 1), (0.6124082721732842, 8), (0.6124523506210341, 1), (0.6124999999617159, 1), (0.612521150581853, 1), (0.6125244618275424, 1), (0.6125461254160444, 3), (0.612546125438653, 1), (0.6126760562948832, 1), (0.6126855600512243, 2), (0.6127037661263216, 2), (0.6127946125882826, 1), (0.612804878039437, 1), (0.6128133704701236, 1), (0.6128226477679932, 1), (0.6128318584003009, 1), (0.6128550074555192, 1), (0.6129032257782054, 1), (0.612903225781726, 1), (0.6129032257965661, 1), (0.6129256427649109, 1), (0.6130952380915887, 1), (0.6130985140003785, 2), (0.6131805157505305, 2), (0.6132723111847456, 2), (0.6133333333231141, 1), (0.6134094151125056, 2), (0.6134185303383723, 1), (0.6135338344942025, 2), (0.6135693214977282, 1), (0.6135831380295962, 1), (0.613636363287733, 1), (0.6136363635666309, 1), (0.6136363636014945, 2), (0.6137105548842522, 1), (0.6137424949557199, 1), (0.6137424949884753, 2), (0.6137931034059437, 2), (0.6137931034376937, 2), (0.6138279932201335, 1), (0.6138752627460483, 1), (0.613882863273979, 2), (0.6138996138759109, 2), (0.6139438085200017, 2), (0.6139817628806108, 3), (0.613991769496792, 1), (0.614035087611574, 1), (0.6140350876923666, 1), (0.6140894993081928, 2), (0.6141304347492365, 3), (0.6141414141165976, 1), (0.6141732282497308, 1), (0.6141732282980935, 1), (0.6141975308452406, 1), (0.6142533936616863, 1), (0.6142857141394672, 1), (0.6142857142820568, 1), (0.6143079315229951, 1), (0.6143344707800961, 1), (0.6143572620522256, 2), (0.6143572620829926, 1), (0.61437908495393, 1), (0.6143931256053281, 1), (0.6144200625996178, 2), (0.6145161290273008, 1), (0.6145833333293322, 1), (0.6146095717574538, 1), (0.6146788990261817, 1), (0.6146926535810017, 1), (0.6147540983354615, 1), (0.6147859921700616, 1), (0.6147959183595021, 1), (0.6148148147692696, 1), (0.614814814803426, 1), (0.6148308135327053, 1), (0.6148590947802762, 1), (0.6148867313716869, 1), (0.614916286130445, 2), (0.6149425287268002, 1), (0.6150656530328225, 1), (0.6150767178036695, 1), (0.6151142354792568, 1), (0.6151685393172048, 1), (0.615193026136602, 1), (0.6153205661692193, 1), (0.6153846149901717, 1), (0.6153846151952662, 2), (0.615384615269152, 1), (0.6153846152794229, 1), (0.6153846153000869, 1), (0.6153846153289197, 3), (0.6153846153530554, 2), (0.6153846153530572, 1), (0.6153846153609468, 1), (0.6153846153677122, 2), (0.6153846153719922, 3), (0.615384615381109, 1), (0.6154929577031342, 1), (0.615548455790939, 1), (0.6155555554871628, 1), (0.6155580608654929, 1), (0.6156378600316312, 1), (0.6157243816200025, 3), (0.615789473668008, 1), (0.6157894736761044, 2), (0.61583577694551, 1), (0.6158490565944771, 1), (0.6158631415049489, 1), (0.6158663882961201, 1), (0.6158730156775043, 2), (0.6158798283228769, 1), (0.6159169549959934, 1), (0.6159376872341773, 1), (0.6159695817373418, 1), (0.6160849772288887, 1), (0.6161290322481314, 1), (0.6161504424710609, 2), (0.6161532056362969, 1), (0.6162018591479128, 1), (0.6162018591888312, 1), (0.6162162161995606, 1), (0.61625708883523, 1), (0.6162843004920546, 1), (0.6163215590592853, 1), (0.6163328197036562, 8), (0.6163793103182628, 1), (0.6163934426195836, 3), (0.6164006603953538, 3), (0.6164109406188606, 1), (0.6164574616285488, 1), (0.61647058822079, 3), (0.6165577341913632, 1), (0.6165884193956721, 1), (0.6166666666152759, 1), (0.6167076166318507, 2), (0.6167146973470984, 1), (0.6167296786243691, 1), (0.6167979002462789, 1), (0.6168224298488906, 2), (0.6168224298488979, 1), (0.6168608635629304, 1), (0.616867469730875, 1), (0.6168831168430604, 1), (0.6170212762675416, 2), (0.6170212765519866, 1), (0.6170212765826166, 1), (0.6170598910846813, 1), (0.6171107994346631, 1), (0.6171243940844702, 2), (0.6171839856022612, 1), (0.6172106824742714, 2), (0.617241379299702, 10), (0.6172566371613148, 2), (0.617283950566477, 1), (0.6172839505982325, 1), (0.6172839506077583, 2), (0.6173254835944657, 1), (0.6173570019419431, 1), (0.6173633440117461, 2), (0.6173725771272538, 1), (0.6173913043209824, 2), (0.6174055829025489, 1), (0.617420066084077, 2), (0.6174920968790789, 2), (0.6174957118141515, 2), (0.6175243393430457, 1), (0.6176115801426294, 1), (0.61768368616145, 2), (0.6177024481876616, 2), (0.6177451634340548, 1), (0.6177514792168372, 2), (0.61777777775032, 3), (0.617801047088071, 1), (0.6178010471042469, 1), (0.6178184845704475, 1), (0.6178287731140479, 1), (0.6178623718796776, 1), (0.6178861787613142, 1), (0.6179245282727371, 1), (0.6179604261607909, 1), (0.6180048661499756, 1), (0.6180257510199171, 1), (0.6180555555126345, 2), (0.6180981594618028, 1), (0.6181818181256157, 1), (0.6181818181368595, 1), (0.6182136601910505, 1), (0.6182201158471899, 1), (0.6182237600851402, 1), (0.6182266009776072, 1), (0.6182298546813992, 1), (0.6182380215427763, 1), (0.6182572613979647, 1), (0.6182669787779228, 1), (0.6184210526153048, 1), (0.618444846270586, 1), (0.618485059025818, 4), (0.6184895833293061, 1), (0.618510157985623, 2), (0.6185286102699578, 1), (0.6185567009033911, 1), (0.6185567009671599, 7), (0.6186242395853127, 1), (0.6186440677441831, 1), (0.6186440677703919, 1), (0.6186440677835037, 1), (0.6186511240375252, 1), (0.6187050359638027, 1), (0.6187782805394898, 1), (0.6188340806619841, 1), (0.6188579016442451, 5), (0.6188679244115386, 2), (0.6188679245189604, 1), (0.6189300411013209, 1), (0.6189300411013288, 3), (0.6189655172307071, 8), (0.6190140845048665, 1), (0.6190476190208228, 1), (0.619047619026565, 1), (0.6191536746950587, 1), (0.6191780821748146, 1), (0.6192170818064666, 1), (0.6192259675251126, 1), (0.6192307692069535, 1), (0.6193656092972167, 1), (0.6193853427163785, 1), (0.6194225721622211, 1), (0.6194690264390313, 1), (0.6194690264390346, 1), (0.6194690265395363, 1), (0.6194690265418201, 2), (0.6194690265431905, 1), (0.6195286193200158, 2), (0.6195488721618189, 1), (0.6195652173576318, 2), (0.6195652173778355, 1), (0.6197718631060873, 1), (0.6197802197529777, 1), (0.6197916666128651, 1), (0.6198704103649393, 1), (0.6198979591757647, 1), (0.6199095022589394, 1), (0.6199261992162394, 2), (0.6199261992391162, 1), (0.6199575371286649, 1), (0.6199649736760143, 1), (0.6199999999380046, 1), (0.6199999999689931, 1), (0.6199999999896637, 1), (0.6200274347571937, 1), (0.6200378071599224, 1), (0.620076238803039, 1), (0.6201550386635375, 2), (0.6201667930203182, 1), (0.6202090591253985, 1), (0.6202531645471482, 1), (0.6202924235436285, 1), (0.6203208556039201, 2), (0.6203703703129355, 1), (0.6203703703512243, 1), (0.6203773584812005, 2), (0.6204081631386956, 2), (0.620413609064437, 2), (0.6205128204810005, 3), (0.6205405405069973, 1), (0.6205733557829923, 1), (0.6205752212320724, 3), (0.6205761316361633, 1), (0.6205761316361712, 1), (0.6205923835513979, 1), (0.6206896550654011, 1), (0.6206896550868014, 1), (0.620689655111259, 1), (0.6206896551129572, 1), (0.6206896551472356, 1), (0.620689655149882, 1), (0.6206896551626819, 1), (0.6206896551626842, 2), (0.6206896551634941, 3), (0.6207627118512543, 1), (0.6207792206986026, 1), (0.6207951070146523, 2), (0.6208530805392911, 3), (0.6208718626073857, 1), (0.6208897485373113, 1), (0.6209262435464532, 1), (0.6209677419304761, 1), (0.6210392902250681, 1), (0.6210392902329391, 2), (0.621052631546246, 1), (0.621064060769758, 1), (0.6211031174985494, 2), (0.6211116777091179, 1), (0.6211180124030701, 1), (0.6211180124030744, 1), (0.6211453743125226, 1), (0.6211604094856435, 1), (0.6211656441241415, 2), (0.6211901305339348, 2), (0.6213017749641194, 1), (0.6213114753996521, 1), (0.6213592232406419, 2), (0.6213796734796538, 1), (0.6213991769291644, 1), (0.62151394414057, 2), (0.6215235791994291, 1), (0.6215384614428434, 1), (0.6215722119521766, 2), (0.6216216215452545, 1), (0.6216216215880189, 1), (0.6216216216048212, 1), (0.6216696269614174, 1), (0.6216814159223272, 1), (0.6216830932477503, 1), (0.6216867468381431, 1), (0.6217008795830808, 2), (0.621749408909957, 1), (0.62175438596273, 1), (0.621771217654817, 1), (0.6218302094132481, 1), (0.6218749999805693, 1), (0.6218767351126107, 1), (0.6219042377203136, 2), (0.621923937346259, 2), (0.6219686162536091, 1), (0.6220183485667871, 1), (0.622061482798481, 1), (0.6220735785849126, 1), (0.6220839813181317, 1), (0.622119815639534, 2), (0.6222222220246894, 1), (0.6222222221300479, 3), (0.6222222221710136, 1), (0.62222222217613, 1), (0.6222222221945679, 2), (0.6223358908727851, 1), (0.6224137930927174, 4), (0.622425629262132, 1), (0.6224299064838881, 1), (0.6224489795283151, 1), (0.6224489795706639, 2), (0.6224489795791337, 1), (0.6224489795838931, 1), (0.6225563908838235, 1), (0.6225563909587182, 1), (0.6225596528608948, 1), (0.6226734348456391, 1), (0.6227164415708702, 1), (0.6227208976113431, 1), (0.6227347611100069, 1), (0.6227544909433864, 1), (0.622792937379689, 1), (0.6230088494472613, 1), (0.6230366491820389, 1), (0.6230394807970618, 1), (0.6230529594045073, 1), (0.6230529594530331, 1), (0.6230769230289959, 1), (0.6230820546948224, 2), (0.6230876216794708, 1), (0.623127621326404, 1), (0.6233421749836408, 3), (0.623361823358272, 1), (0.6233962264056838, 2), (0.6234177214203456, 1), (0.6234567901138374, 1), (0.6235011990332906, 1), (0.6235167205368357, 1), (0.6235632183818475, 1), (0.6235741444748416, 1), (0.623589743576954, 1), (0.623608017678485, 5), (0.6236162361393499, 3), (0.6236933797855047, 1), (0.6237082066490146, 1), (0.6237623762067459, 1), (0.623814541557022, 1), (0.6238185255080553, 1), (0.6238185255080567, 1), (0.6238244514008816, 1), (0.6238532109519408, 1), (0.6238532109710201, 2), (0.6238938053028333, 4), (0.6239316239138472, 1), (0.6239737274015118, 2), (0.6240352810778352, 2), (0.6240437158435835, 1), (0.624044475286725, 2), (0.6241758241483899, 2), (0.6242197253355249, 1), (0.6242221158419139, 1), (0.6242331287864845, 1), (0.6243243243074483, 1), (0.6243654822018069, 1), (0.6244162775100165, 1), (0.6244343890837589, 1), (0.6244343891214367, 1), (0.6244477172220195, 1), (0.6244541484647972, 2), (0.6244725738220985, 1), (0.6245239908130592, 1), (0.6245583038814086, 1), (0.6245614034978132, 1), (0.6245847175664708, 1), (0.6247122026045719, 1), (0.624715693702618, 1), (0.6248431617785666, 1), (0.6249056603679273, 2), (0.6249999993489769, 1), (0.6249999999289785, 1), (0.6249999999479167, 1), (0.6249999999644898, 1), (0.6249999999782984, 1), (0.6249999999804688, 1), (0.6249999999881635, 1), (0.6249999999901104, 2), (0.6250702641582305, 1), (0.6251046024843081, 2), (0.625158830924378, 1), (0.6252983293406793, 1), (0.6252983293481482, 1), (0.6253298152951758, 1), (0.6254826254745739, 2), (0.6255506606551606, 2), (0.6255639097556208, 1), (0.6255656108561924, 1), (0.6256065695921751, 1), (0.6256410256089439, 1), (0.6257505003252076, 1), (0.6257668710888653, 1), (0.6258064516078556, 1), (0.6259351620167203, 1), (0.625978090757026, 1), (0.6259999999373991, 1), (0.6260657734317664, 2), (0.6261061946833378, 5), (0.6261089987246378, 2), (0.6261510128336897, 1), (0.626180836704335, 1), (0.6261944912520393, 1), (0.6262042389089353, 2), (0.626223091952008, 1), (0.6262295081933014, 1), (0.6262626262373228, 1), (0.6262886597131073, 1), (0.6262924667558835, 1), (0.6263048016439944, 1), (0.6263070995802795, 1), (0.6263096623835548, 1), (0.6263157894626971, 2), (0.6263187117919855, 1), (0.6263736263564175, 1), (0.6264367815491885, 1), (0.6264953477790641, 1), (0.6265060239454249, 5), (0.6265060240460653, 2), (0.6265560165888472, 1), (0.6265822784710965, 2), (0.6265938069102631, 1), (0.6266094420063164, 2), (0.6266094420466366, 1), (0.6266666665622255, 1), (0.6266666666248949, 1), (0.6266666666388159, 3), (0.6266666666499556, 1), (0.6266829865207658, 1), (0.6266866565777104, 1), (0.62671660422905, 1), (0.6267225883725173, 2), (0.626728110550944, 1), (0.6267605633361321, 1), (0.6267716535235619, 1), (0.6267806267627695, 4), (0.6268174474858345, 1), (0.6268260291332272, 1), (0.6268343815382229, 1), (0.6268656715950094, 2), (0.6268656716324348, 2), (0.6269230768989671, 2), (0.6269592476390741, 1), (0.6269592476390764, 1), (0.6269633507443125, 1), (0.6270270269786089, 1), (0.627027026993135, 2), (0.6270270270100816, 1), (0.6270847231403988, 7), (0.6271693596573662, 1), (0.6271777002391656, 1), (0.6272123893735935, 3), (0.6273062730164344, 1), (0.6273062730395835, 1), (0.6273644388200698, 1), (0.6274078150452733, 1), (0.6274509803732283, 1), (0.6274509803784897, 1), (0.6274509803879154, 1), (0.6275395033576727, 2), (0.6275510204001558, 1), (0.6275659822206601, 1), (0.6275862068532715, 1), (0.627586206885731, 1), (0.6276150627089868, 1), (0.6276505513093493, 1), (0.6277128547369687, 2), (0.6277482941574859, 2), (0.627777777766154, 1), (0.6277873070110526, 2), (0.6278026905266525, 1), (0.6279683377143008, 1), (0.6279683377225853, 1), (0.6279863479085398, 2), (0.6280193233681416, 1), (0.6280295046756527, 1), (0.6280373831540904, 1), (0.6280667320779576, 3), (0.628112449748746, 1), (0.6282306162772049, 2), (0.6282676118463325, 1), (0.6282722512869718, 1), (0.6282973620801725, 1), (0.6283084003880011, 1), (0.6283185840151945, 1), (0.6283185840638474, 6), (0.628366247643023, 2), (0.6284153005430142, 1), (0.6284518828188931, 1), (0.6284779049707852, 1), (0.6285714283718743, 1), (0.6285714284769071, 1), (0.6285714284816294, 2), (0.6285714285201204, 1), (0.6285714285414987, 1), (0.628571428562449, 1), (0.6286472147707383, 1), (0.6287978863853512, 2), (0.6288032454318536, 1), (0.6288065843103927, 2), (0.6288209606918247, 1), (0.6288659793166148, 2), (0.6288798920349568, 2), (0.6289062499959045, 1), (0.6289198606216992, 1), (0.6289752650121117, 1), (0.6290018831799437, 1), (0.6290322580137852, 2), (0.6290322580500216, 1), (0.6291537438799655, 1), (0.6291980808341856, 1), (0.6292134831303586, 1), (0.6293103448185478, 1), (0.629446195401807, 1), (0.6294706722990715, 1), (0.629470672371116, 1), (0.6295081967109932, 1), (0.6295631358392624, 2), (0.6295754026262145, 1), (0.629629629513051, 1), (0.6296296295829904, 1), (0.6296296296037153, 2), (0.6296851573268832, 2), (0.6297117516350461, 2), (0.6297297297127088, 2), (0.629753168770784, 2), (0.6297577854453446, 1), (0.6298342541320445, 2), (0.6298507462592532, 1), (0.6298669294908905, 1), (0.6298850574423063, 1), (0.6299065419972065, 1), (0.6299212597929201, 1), (0.6299212598259869, 3), (0.6299387868319462, 1), (0.6299694189217108, 1), (0.6299999999369954, 3), (0.6299999999895031, 2), (0.6300366299597057, 1), (0.6300484651647706, 2), (0.6300940438772666, 3), (0.6301369862841059, 1), (0.6301369862935292, 1), (0.6302250803453198, 1), (0.6302521007079315, 1), (0.6302702702362014, 1), (0.6302816901297523, 1), (0.6303030302775599, 2), (0.6303030302775644, 4), (0.6303501945034753, 1), (0.6303901436724463, 1), (0.6304347825744349, 2), (0.6304579339588817, 1), (0.6305170239397694, 1), (0.6305309734443518, 1), (0.6305309734443527, 1), (0.6305418718590591, 2), (0.6306042884682937, 1), (0.6306068601499888, 1), (0.6306306305170039, 1), (0.6306306305738165, 1), (0.6306306306116937, 1), (0.6306504960715934, 1), (0.63068181814598, 1), (0.6307490144505206, 1), (0.6307692307449695, 1), (0.6307692307530578, 2), (0.630792227185922, 2), (0.6308900523147326, 1), (0.6309090908517353, 2), (0.6309148264785192, 1), (0.6309433962168907, 1), (0.6309523805768235, 2), (0.6310013716555567, 1), (0.6310160427132564, 1), (0.6310160427695033, 1), (0.6310344827477412, 3), (0.6310679611037792, 2), (0.6310873915859782, 4), (0.6311111110830637, 4), (0.6311426879436847, 1), (0.6311475409577442, 3), (0.6311475409732599, 2), (0.6311787072123327, 1), (0.6312217194534456, 1), (0.631229235838456, 1), (0.631249999980275, 1), (0.6312684365409291, 1), (0.6312820512658648, 1), (0.631284916165861, 1), (0.6313253010526929, 2), (0.6313364055008572, 2), (0.631372549007229, 2), (0.6314152410084433, 1), (0.6314398943113436, 1), (0.6314496314418754, 1), (0.6314814814697858, 1), (0.6315104166625548, 1), (0.631578947257623, 2), (0.6315789472734445, 2), (0.6315789473019391, 1), (0.63157894733518, 1), (0.6315789473367645, 1), (0.6315789473455006, 3), (0.6315789473494262, 1), (0.6315789473513758, 1), (0.6315789473573408, 1), (0.6315789473655785, 2), (0.6316939890675884, 1), (0.6317103620395558, 1), (0.6317567567496416, 2), (0.6318106769052393, 2), (0.6318181818133927, 1), (0.6319018404423399, 2), (0.6319115323521897, 1), (0.6319115323821382, 1), (0.6319921491534458, 1), (0.6319999999157345, 1), (0.6319999999915745, 1), (0.6320541760437002, 2), (0.6321381141258767, 4), (0.632164718940891, 1), (0.6321709786134468, 1), (0.6321839076826626, 1), (0.6322033897769296, 1), (0.6322067594182007, 3), (0.6322339763141094, 1), (0.6323185010228762, 2), (0.6324216144011693, 1), (0.6324237559989611, 2), (0.6324324324153422, 1), (0.6325088339166749, 1), (0.6325167036453123, 1), (0.6325459317419292, 2), (0.6326034063106437, 1), (0.6326034063183378, 1), (0.6326276463184025, 1), (0.6326530611599409, 1), (0.6326626111341473, 2), (0.6326781326703603, 1), (0.6327160493729523, 1), (0.6327433628248614, 3), (0.6327586206787444, 1), (0.6327868852355266, 1), (0.6328828828757541, 1), (0.6329317268567929, 6), (0.6330076003999471, 1), (0.633027522877704, 1), (0.6330376940097934, 1), (0.6330985915470704, 1), (0.6331288342781464, 1), (0.6331360944872346, 1), (0.6331592689212379, 1), (0.6331811263125345, 2), (0.6332288401154685, 1), (0.6332453825690441, 3), (0.6333072713007555, 1), (0.6333333332911111, 1), (0.6333333333170953, 1), (0.6333333333227779, 1), (0.6333687566284084, 4), (0.633377135344065, 1), (0.6334519572502967, 1), (0.6334610472379754, 2), (0.633474576257765, 1), (0.6334841628385981, 3), (0.6335078533699718, 1), (0.6335109531892498, 1), (0.6335403726511343, 2), (0.6335493160524357, 1), (0.6335963922622779, 1), (0.633686690149159, 1), (0.6336956521704612, 1), (0.6337135614621828, 2), (0.6337308347313855, 1), (0.6337558372163604, 2), (0.6338028168121385, 1), (0.6339066338988454, 1), (0.6339125224647467, 1), (0.6339548576911876, 1), (0.6339622641413741, 4), (0.6339794754773798, 2), (0.6340206185240179, 2), (0.6340601060620645, 1), (0.6341463413529328, 1), (0.6341463414537473, 2), (0.6342072409408956, 2), (0.6342342342228033, 2), (0.634328358185286, 1), (0.6343612333870235, 1), (0.6344827585659943, 1), (0.6344827585769354, 3), (0.6344827585915159, 1), (0.6345070422512895, 1), (0.6345256609148904, 1), (0.6345381524830308, 1), (0.6345864660699863, 1), (0.634586466146329, 1), (0.6346153845909763, 1), (0.6346153845950347, 1), (0.6346153846117994, 1), (0.634628044762113, 1), (0.6346483704756558, 2), (0.6346863468166295, 5), (0.634686346840051, 1), (0.634696755904838, 1), (0.6347305388461508, 2), (0.6347607052576969, 2), (0.634822804216514, 1), (0.634920634887042, 2), (0.6349206349038389, 1), (0.63494423787101, 1), (0.6349557522053659, 6), (0.6349726775921577, 1), (0.634974533096181, 1), (0.6350710900172934, 2), (0.6350710900172951, 1), (0.6350877192871046, 1), (0.6350900600315545, 5), (0.6351128233002145, 2), (0.6351351351273332, 1), (0.6351706036578714, 3), (0.6351776878064088, 2), (0.6351851851734217, 2), (0.6351931329926963, 1), (0.6352641629130948, 1), (0.6353240151670486, 1), (0.6353276353095332, 2), (0.6353297952946535, 1), (0.6353711790323635, 2), (0.6353909464497626, 1), (0.6354430379666376, 1), (0.6354515050060966, 2), (0.6354593329395252, 1), (0.6354810237744484, 1), (0.6354838709626148, 2), (0.6354916067070078, 3), (0.6355140180976608, 1), (0.6355140186618883, 1), (0.6355421686651418, 1), (0.6355555555273117, 1), (0.6355685129342373, 1), (0.6355932202851186, 1), (0.6355932203255172, 1), (0.635746606331249, 1), (0.6357615893197597, 1), (0.635761589361873, 1), (0.635794743421325, 1), (0.6358024691259954, 2), (0.6358511837511653, 1), (0.6358839050048016, 1), (0.6359143327632373, 1), (0.6359223300662196, 1), (0.6359447004315215, 1), (0.6359649122528083, 1), (0.6360655737496365, 1), (0.6360773729166154, 1), (0.6360856268724153, 1), (0.636144578159961, 3), (0.6361829025591966, 1), (0.6361829025760627, 1), (0.636197440468706, 1), (0.6362252663428875, 1), (0.6362484157080293, 2), (0.6363091671621565, 2), (0.6363636356404813, 1), (0.6363636357851169, 1), (0.6363636362479339, 1), (0.6363636363223157, 1), (0.6363636363250689, 1), (0.6363636363347107, 2), (0.6363636363536588, 2), (0.6363636363536611, 1), (0.6363636363601096, 1), (0.6364242828467457, 3), (0.63646170435421, 1), (0.6365007541286135, 1), (0.6365079364574233, 1), (0.6365348399007, 1), (0.636550307942867, 2), (0.6366047745020371, 1), (0.6366344005933102, 1), (0.6367041198263396, 1), (0.6367098247801409, 1), (0.6367713004198723, 1), (0.6367713004389167, 1), (0.6368221941791666, 1), (0.6368260426615623, 1), (0.6368460955220857, 1), (0.6368477103165769, 1), (0.6369047618668553, 1), (0.6369257950473779, 1), (0.6369710466287387, 2), (0.6369770580268239, 1), (0.6369958275205304, 1), (0.6370023417711896, 2), (0.6370135027293857, 2), (0.6370370369426545, 1), (0.637037036984605, 1), (0.6370370370252334, 1), (0.6370967741678433, 1), (0.6371191135557561, 1), (0.6371428571246518, 1), (0.6371681415365372, 2), (0.6371681415858703, 4), (0.637177461818656, 1), (0.63724137922245, 2), (0.6372462488404919, 1), (0.6373239436058694, 1), (0.6373429084323393, 1), (0.6373873873802088, 1), (0.6374429223162124, 1), (0.637450199118534, 1), (0.6374999998007899, 1), (0.6375176303755276, 2), (0.6375321335941521, 1), (0.637592137584306, 1), (0.6376306619098189, 1), (0.6376306620153516, 1), (0.6376582278380106, 1), (0.6377440346379883, 1), (0.6377585056661945, 1), (0.6377708978229427, 1), (0.6377952755738105, 1), (0.6378132118160437, 2), (0.6378737541104338, 5), (0.6378896882188033, 1), (0.6379310343727738, 1), (0.6379310344552649, 1), (0.6379542394834523, 1), (0.638059701480631, 1), (0.6380789021204045, 1), (0.6380952380648569, 1), (0.6381059751253537, 1), (0.6381322956701867, 3), (0.6381828015108802, 1), (0.6382306476084932, 1), (0.6382474836803869, 1), (0.6382691007394274, 1), (0.6382978720009008, 2), (0.6382978722951551, 2), (0.6382978723268448, 3), (0.6383731211204535, 1), (0.6383838383580432, 1), (0.6383981153547246, 2), (0.6384120171639592, 1), (0.6384615384369832, 1), (0.6385542167392488, 1), (0.638554216790543, 1), (0.6385542168520831, 1), (0.6385542168546489, 1), (0.6385809312355367, 2), (0.6385830540898108, 1), (0.6386175807567455, 1), (0.6386554620507081, 3), (0.6387323943639469, 1), (0.6387434554750864, 1), (0.6387665196830872, 1), (0.6387665197768884, 3), (0.6387755101910492, 2), (0.6387832699498325, 1), (0.6388140160864131, 2), (0.638820638812791, 1), (0.6388415672368954, 1), (0.6388702084304726, 1), (0.6388888888297369, 2), (0.6388888888770576, 2), (0.6390374331379965, 1), (0.6390532542488091, 1), (0.6390804597407309, 1), (0.639092728477131, 6), (0.6391382405171325, 1), (0.6391752576660699, 2), (0.6391912907745588, 1), (0.639209225679106, 1), (0.6392318244082409, 1), (0.6392405063190004, 1), (0.6392523364247059, 1), (0.6392961874958102, 1), (0.6393162393125955, 1), (0.6393442622741199, 1), (0.639344262284601, 2), (0.6393442622915884, 1), (0.639365918089309, 1), (0.6393805309663799, 2), (0.6394557822911778, 1), (0.6394707827299388, 1), (0.6394904458435776, 1), (0.6394984325918585, 3), (0.6395112016032801, 1), (0.6395939085645022, 3), (0.6396181384171875, 1), (0.639655172402765, 2), (0.6396761133574457, 1), (0.6397515527751594, 4), (0.6398104265099609, 2), (0.6398429833044198, 1), (0.6398537475978331, 1), (0.6399594320421907, 1), (0.6399999999359978, 1), (0.6399999999715545, 7), (0.6399999999868681, 1), (0.639999999990341, 1), (0.6400476757663862, 1), (0.6401408450681724, 1), (0.6401673639899499, 1), (0.6402048654750055, 2), (0.6402116401777685, 1), (0.6402116401947054, 1), (0.6402151983429565, 2), (0.6402349485109722, 1), (0.6402877697764957, 1), (0.6402997501815024, 1), (0.6403013182071288, 1), (0.6403013182433043, 1), (0.6403508771648976, 1), (0.6403607666146498, 1), (0.64039408864892, 1), (0.6403940886594344, 1), (0.6404199474897528, 1), (0.6404269512923221, 2), (0.640449438112295, 1), (0.6404782237294544, 1), (0.6404833835890518, 1), (0.6405063291058152, 2), (0.6405228757751258, 1), (0.64054054052323, 1), (0.6407407407288735, 1), (0.640776698904705, 1), (0.6407766989669164, 1), (0.6407766989980256, 1), (0.640776699016684, 1), (0.640804597691942, 1), (0.6408094434715658, 1), (0.6408163265175363, 1), (0.6408227847999866, 1), (0.6408450703773968, 1), (0.6409090908799545, 2), (0.6409495548771197, 1), (0.6409638552672428, 1), (0.6409836065468677, 1), (0.6410256409927679, 1), (0.6410256410050944, 2), (0.6410684473909498, 1), (0.6411323896485778, 2), (0.6411609497834911, 1), (0.6411889596330712, 1), (0.6412698410662624, 14), (0.6412698412494813, 1), (0.6412795125177976, 1), (0.6413043477912379, 1), (0.6413301662403182, 1), (0.6413333333247809, 1), (0.6413427561780809, 2), (0.641350210952423, 1), (0.6413793103005914, 1), (0.6413949962043856, 1), (0.6414141413817506, 1), (0.6414253896121523, 2), (0.6414277988066979, 2), (0.6414473684105007, 1), (0.641509433952581, 5), (0.6415595923508368, 1), (0.6415601882554405, 1), (0.6415929203468843, 2), (0.6416382250369835, 1), (0.6416382252450227, 1), (0.6416791603235834, 2), (0.6416861825195029, 3), (0.6416938110400818, 1), (0.6417112299350864, 2), (0.6417791897822241, 2), (0.6417910447521747, 1), (0.6417910447641401, 2), (0.6419336705653776, 1), (0.6419354838657901, 2), (0.6419400855828548, 1), (0.6419753085891384, 1), (0.6419753085891416, 1), (0.6419753086102729, 1), (0.6419753086155604, 2), (0.6420079260152955, 2), (0.6420454545089713, 1), (0.6420545746182331, 11), (0.6420664206049742, 1), (0.6420664206168161, 2), (0.642181413431152, 1), (0.6422018348034674, 1), (0.6422018348427453, 2), (0.6422535210363006, 1), (0.6422535211244979, 1), (0.6422976501221636, 1), (0.642301710681006, 1), (0.6423712342048461, 1), (0.6423728813014918, 1), (0.6424242423853159, 1), (0.6424433912247256, 1), (0.6425339365934373, 1), (0.6425339366322003, 2), (0.6425531914756866, 1), (0.6425902864098956, 1), (0.6425992779628755, 2), (0.6426155580463895, 1), (0.642633228830051, 3), (0.6426332288300532, 2), (0.6427015250404627, 1), (0.6427061310510493, 2), (0.642722117190119, 1), (0.6427622841111835, 1), (0.6427656849369032, 1), (0.6427818755908512, 1), (0.6428178315551557, 2), (0.6428571424745224, 1), (0.6428571427220905, 2), (0.6428571427653061, 3), (0.6428571427806091, 1), (0.6428571428037506, 1), (0.6428571428049638, 1), (0.6428571428218094, 1), (0.6428571428284435, 1), (0.6428571428394849, 1), (0.6428571428479591, 1), (0.6428571428489436, 1), (0.6429906541455152, 1), (0.6430155210357845, 1), (0.643044619405695, 1), (0.6430517710295527, 4), (0.6430868166789007, 1), (0.6431095406303605, 1), (0.6431226765560251, 1), (0.6431535269576104, 1), (0.6431593793169028, 1), (0.6431718060257378, 1), (0.6432748534249845, 2), (0.6434108526632991, 1), (0.6435237028501856, 1), (0.6435331229877916, 1), (0.6435643564037843, 1), (0.6435911303372437, 1), (0.6435986159095335, 1), (0.6436090224596073, 2), (0.6436090225370337, 1), (0.6436213991239841, 3), (0.6436363635778498, 1), (0.6437613019658665, 2), (0.6437869821723358, 1), (0.6437994722105813, 1), (0.6438053097273921, 4), (0.6438053097273939, 1), (0.6438356164273369, 1), (0.6438529784374198, 1), (0.6438529784455743, 1), (0.6438569206642641, 1), (0.6438809260591098, 1), (0.6439790575579046, 3), (0.6439873417619625, 2), (0.6439929328565024, 1), (0.6440129449629767, 1), (0.6440677965555888, 1), (0.6440677965965254, 1), (0.6440912231759435, 2), (0.6441025640893536, 1), (0.6441558440721908, 1), (0.6441717790917033, 1), (0.6441821247529952, 1), (0.6442501680804161, 1), (0.6442953020047745, 1), (0.6443914080991778, 1), (0.6444296197379016, 7), (0.6444444443728408, 1), (0.6444444443932987, 1), (0.6444444444158025, 5), (0.644518272382419, 2), (0.6445497630297791, 1), (0.6445880452238372, 1), (0.6447368420769819, 3), (0.6447488583886083, 1), (0.6448275861957785, 2), (0.6448362720078213, 2), (0.6449038810067149, 1), (0.6449136276143981, 1), (0.6449399656725567, 1), (0.6449511400231351, 1), (0.6449999999677488, 1), (0.6450192624851402, 2), (0.6450304259591247, 1), (0.645070422444352, 1), (0.6450704224443545, 1), (0.6451041204853737, 1), (0.6451612901333894, 3), (0.6451612902928501, 1), (0.6451612902965613, 1), (0.6451612903077155, 2), (0.6451612903116262, 1), (0.6452648474913213, 3), (0.6452674896588233, 4), (0.6452879580729544, 1), (0.6453201970363847, 1), (0.6453283125289405, 1), (0.6453407510251649, 1), (0.6455026454855719, 1), (0.6455505278839953, 1), (0.6455696202429523, 2), (0.6456692913131667, 2), (0.6457023060661263, 1), (0.6457286431998561, 1), (0.6457311089176497, 2), (0.6457627118096809, 1), (0.6457680250682435, 1), (0.6457831323745108, 2), (0.645833333329127, 1), (0.645849200303006, 1), (0.6458797325955661, 4), (0.6459016393230866, 1), (0.6459016393336753, 1), (0.645914396836898, 1), (0.6459459459284904, 1), (0.6459627328991985, 4), (0.6459739091288977, 1), (0.6460176990578699, 2), (0.6460176991007472, 1), (0.6460176991078984, 2), (0.6460587326020748, 1), (0.6460992907755589, 1), (0.6461538461207054, 1), (0.6461538461207113, 1), (0.6461538461289923, 1), (0.6461538461289967, 1), (0.6461538461372793, 1), (0.6461538461405918, 1), (0.6461538461501649, 1), (0.6461864406642759, 1), (0.6462140992082738, 1), (0.6462882095787683, 1), (0.6463195691125518, 1), (0.6463414633358073, 3), (0.6463414633988698, 2), (0.6463414634047836, 2), (0.6463700232678297, 2), (0.6463878326750434, 1), (0.6463878326873322, 1), (0.6463952917780098, 1), (0.6464646463993472, 1), (0.6465028355265267, 1), (0.6465863453685364, 1), (0.6465968585964278, 1), (0.6465989053695627, 1), (0.6466165412561448, 1), (0.6466380543448711, 1), (0.646656134804389, 1), (0.6466666666235585, 1), (0.6466916354395363, 1), (0.646739130425993, 1), (0.6467958271044197, 1), (0.6468085105989778, 1), (0.6468085106107712, 1), (0.6468401486748426, 1), (0.6468749999797867, 2), (0.6468797564589511, 1), (0.6468842729778419, 1), (0.6469673405708533, 1), (0.6469945355155883, 2), (0.6470588235228517, 1), (0.6471238937981514, 2), (0.6471251409098739, 1), (0.6471518987239385, 1), (0.6471990464453405, 1), (0.6472148540999612, 1), (0.6472303205110183, 1), (0.6472945891134942, 2), (0.6473149491077929, 3), (0.6473779384937696, 1), (0.6473988439119271, 1), (0.6474358974151395, 2), (0.6474501108360323, 1), (0.6474501108503898, 1), (0.647457627063773, 1), (0.6474820142953274, 1), (0.647482014380725, 1), (0.6475164572034999, 1), (0.6475471698015478, 1), (0.6475716064595859, 1), (0.6475770923683757, 1), (0.6476190474134473, 2), (0.6476190475882043, 2), (0.6476938174553938, 1), (0.6477093206609951, 1), (0.6477272727180698, 1), (0.6477541370392674, 1), (0.6477732793259999, 2), (0.6477732793347438, 2), (0.6477935053851874, 1), (0.6478149098591761, 2), (0.6478873238980345, 1), (0.6478873239175904, 1), (0.6478873239413807, 1), (0.6479481641328712, 1), (0.6479591836652003, 1), (0.6479949076608515, 1), (0.6479999999351961, 1), (0.6479999999827188, 1), (0.6480263157841465, 1), (0.648044692616749, 2), (0.6480874316904497, 1), (0.6481223921933743, 2), (0.6482300884884028, 2), (0.6482300884884037, 1), (0.6482558139440717, 1), (0.6482758619571974, 1), (0.6482758619795544, 2), (0.6482758620391608, 1), (0.6482939632375794, 1), (0.6483570377572488, 2), (0.6483679525174418, 1), (0.6484330484293521, 1), (0.6484641636012103, 1), (0.6484641638114607, 1), (0.6484751203644169, 3), (0.6485148514530453, 1), (0.648543689194463, 1), (0.6485507246141816, 1), (0.6485568760501054, 2), (0.6486232054448429, 1), (0.64864864853908, 1), (0.6486486486311177, 1), (0.6486486486420325, 1), (0.6486729644595195, 1), (0.6486790331282365, 1), (0.6487133452944508, 1), (0.6487341772049247, 2), (0.6487695749295571, 1), (0.6487730060852156, 2), (0.6487804877890547, 2), (0.648786717735666, 1), (0.648801128258278, 2), (0.6488095237709024, 2), (0.6488413547121445, 1), (0.6488456865048757, 2), (0.6488636363267724, 2), (0.6488888888600504, 7), (0.6488888888792717, 1), (0.6489028213064432, 1), (0.6489361698675881, 2), (0.6489361701782501, 1), (0.6489361701782521, 1), (0.6490066224735817, 1), (0.6490566037637878, 3), (0.6490872210909456, 1), (0.6491359879692101, 1), (0.6491499226199133, 1), (0.6491525423178699, 1), (0.649188514340845, 1), (0.649188514348946, 1), (0.6492374727527427, 1), (0.6492537312221593, 1), (0.6492537312948363, 2), (0.6492564381338695, 1), (0.6493212669646544, 1), (0.6493799323416187, 1), (0.6494464944170111, 2), (0.6494587843193405, 2), (0.6494845360155131, 4), (0.6494845360489917, 2), (0.6495304003922406, 1), (0.6495726494616206, 1), (0.649572649569726, 1), (0.6495828366716597, 1), (0.6496272630319578, 1), (0.6496350364489306, 1), (0.6496478872667552, 1), (0.6496815286348309, 1), (0.6497064579002048, 1), (0.6497326203034884, 1), (0.6497601096196213, 1), (0.6497665109986691, 1), (0.6498740553828836, 1), (0.6498993963651917, 2), (0.6499102332764989, 1), (0.6499102333853988, 1), (0.6499999996750057, 1), (0.6499999999261408, 1), (0.649999999935, 1), (0.6499999999458296, 1), (0.6499999999675, 1), (0.6499999999858715, 1), (0.6499999999891667, 1), (0.6499999999961299, 1), (0.6500622664844281, 2), (0.6500777604471172, 1), (0.6501128667878049, 1), (0.6501377410289182, 1), (0.6501901140560777, 1), (0.6502463053546592, 1), (0.6503067483864616, 1), (0.6503452605127105, 1), (0.6504424778689124, 1), (0.6504854368300537, 4), (0.6504961410528681, 2), (0.6505050504612435, 1), (0.650549450520853, 1), (0.6505576207936601, 2), (0.6506024094817789, 2), (0.6507177033181547, 1), (0.6507304116433784, 1), (0.6508226690804064, 1), (0.6508313538883251, 2), (0.650847457571962, 1), (0.6508474575829872, 1), (0.6508771929710376, 2), (0.6508875737719243, 1), (0.65090403336159, 2), (0.6509090907907461, 2), (0.6509090908499144, 2), (0.6509740259211853, 1), (0.6510067113657083, 1), (0.6510263927709603, 3), (0.651053864016143, 1), (0.651072124730943, 1), (0.6510851418814319, 1), (0.6511007338138632, 3), (0.6511071214763496, 1), (0.6511627903948043, 1), (0.6511627906544043, 5), (0.651190476186598, 1), (0.6512226512142684, 1), (0.6512820512486487, 1), (0.6512820512486546, 3), (0.6512820512737039, 1), (0.6513569937097504, 1), (0.6513761467292349, 1), (0.651387213431683, 1), (0.6514360313230892, 2), (0.6514473993727596, 1), (0.6514657980102357, 1), (0.6515486725591654, 2), (0.6515837103482764, 2), (0.6515837103924913, 1), (0.651619234530882, 1), (0.6516220027289676, 3), (0.6516290726490415, 1), (0.6516329704003385, 1), (0.6516853932375051, 1), (0.6516853932421593, 1), (0.651724137919801, 1), (0.6517311608695829, 5), (0.6517383618072894, 1), (0.6517571884845197, 1), (0.65180102913716, 2), (0.6518324606903286, 1), (0.6518518517552778, 1), (0.6518518518035632, 2), (0.6519337016454547, 1), (0.6519421172869956, 2), (0.6519434628917666, 1), (0.6519823788450516, 2), (0.651991614242099, 1), (0.6519999999347982, 1), (0.652058432891629, 1), (0.6520754716882712, 1), (0.6521739129489571, 1), (0.6521739130080348, 1), (0.6521739130198483, 1), (0.6521739130232236, 1), (0.6521739130346159, 1), (0.6522717049003498, 2), (0.6523076922675447, 1), (0.652353426909127, 2), (0.6523809523498888, 1), (0.6524064170774123, 1), (0.6524064171006696, 1), (0.6524349566290544, 1), (0.652482269457273, 1), (0.6525096524844588, 1), (0.6525529265174005, 1), (0.6525759577192534, 1), (0.6526315788786752, 1), (0.6526315789359196, 1), (0.6526548672494169, 1), (0.6527012127174521, 1), (0.6527196652173425, 4), (0.6527607361162313, 1), (0.6527777777596451, 1), (0.6528169014061508, 1), (0.652818991059179, 1), (0.652818991078555, 1), (0.6528301886669261, 1), (0.6528835690258017, 8), (0.6529562981669478, 2), (0.6529850746025003, 1), (0.6529877609767705, 1), (0.6529914529877318, 1), (0.6530612243565266, 1), (0.6530612244231693, 1), (0.6530612244364848, 2), (0.6531130875917243, 1), (0.6531440162006839, 1), (0.6531881803840383, 1), (0.653225806446345, 1), (0.6532663316113964, 2), (0.6532951289211126, 1), (0.6533333332462192, 1), (0.6533333332897747, 1), (0.6533333333159111, 1), (0.6533575317367213, 4), (0.6533898304807894, 1), (0.6534482758057362, 1), (0.6534482758508022, 9), (0.6534653464848836, 1), (0.6534653465023064, 1), (0.6534979423330449, 2), (0.6535211266685141, 3), (0.6535253980238532, 1), (0.6535433070608812, 1), (0.6535433070694608, 1), (0.6535433070737462, 2), (0.6535519125647368, 1), (0.6535714285675394, 1), (0.6536731633202921, 1), (0.6536856745297993, 1), (0.6536964980036093, 1), (0.6537785588522436, 1), (0.6537815125500998, 1), (0.653799758666613, 4), (0.6538461538102192, 1), (0.6538461538210059, 1), (0.6538461538251992, 4), (0.6539130434213998, 1), (0.653927813135713, 2), (0.6539682537606504, 5), (0.6539682539163527, 1), (0.6539682539267329, 1), (0.653992395387532, 1), (0.6540284359879579, 2), (0.6540880503007532, 1), (0.654182272143468, 1), (0.654205607415492, 1), (0.6542056074154955, 2), (0.6542056074154989, 1), (0.6542056074521793, 1), (0.654237288080151, 1), (0.6542715933006763, 1), (0.6543209876273961, 1), (0.6543778801541733, 1), (0.6545454539504414, 1), (0.6545454545190055, 2), (0.6545454545322333, 1), (0.6545454545335537, 1), (0.6546184738824332, 1), (0.6546830652667079, 2), (0.6546977857491966, 1), (0.6547020817907608, 1), (0.6547619043721875, 2), (0.6547884185624061, 2), (0.6548672565792126, 4), (0.6548956661106007, 1), (0.6549118387579401, 2), (0.6549295774071355, 1), (0.6549450549162652, 1), (0.6549479166624016, 1), (0.6549707601573328, 2), (0.654996353003101, 1), (0.6550218340325324, 1), (0.6550435865341202, 1), (0.6550458714995355, 1), (0.6550632910355898, 1), (0.6550802138862283, 1), (0.6550943396127547, 1), (0.6551034022594396, 2), (0.6551071878734195, 1), (0.6551440328678874, 1), (0.6551440328678906, 1), (0.6551724137479191, 1), (0.6551724137648656, 1), (0.6551724137828305, 2), (0.6552179656452399, 1), (0.6552217452567619, 1), (0.6552315608694617, 1), (0.6552706552669215, 1), (0.6552962297436898, 1), (0.6553480475270713, 1), (0.6554054053611238, 2), (0.6554216865890606, 5), (0.6554243956910955, 2), (0.6554307115859378, 1), (0.6554621847362496, 1), (0.6554878048680575, 2), (0.6555183946378651, 1), (0.6555446516063679, 1), (0.6556603773275695, 1), (0.6557377048642844, 1), (0.6557377048750336, 1), (0.6557377048965332, 2), (0.6557377048984887, 1), (0.6557377049144496, 3), (0.6557852738246014, 2), (0.6558044806250187, 2), (0.6559523809484754, 1), (0.6559546313675635, 1), (0.656084656067299, 1), (0.656167978985403, 3), (0.6561844863594076, 1), (0.6562054208180292, 2), (0.6562499999906759, 1), (0.6563380280765735, 1), (0.6563380281227919, 1), (0.6563706563453144, 1), (0.656410256376592, 2), (0.656441717741071, 1), (0.6564516128979289, 2), (0.6564673156980088, 2), (0.6565096952605477, 1), (0.656527249674818, 1), (0.6565349543673816, 1), (0.6566037735353498, 2), (0.6566037735725204, 1), (0.6566037735749947, 2), (0.6566455696098628, 1), (0.6566791510447767, 2), (0.6567164178981933, 1), (0.6567481402623411, 1), (0.6567796610030338, 1), (0.656790123402733, 1), (0.6568047336889486, 3), (0.6568144498963282, 1), (0.6568265682050882, 1), (0.6568265682172061, 1), (0.656830601089306, 2), (0.6568914954085395, 3), (0.6568965517128126, 2), (0.6568974229342402, 1), (0.6569965870195063, 1), (0.6570841888847218, 2), (0.6570881225424205, 1), (0.6570915618209943, 1), (0.6570915618799723, 1), (0.657095787228593, 1), (0.657142856955089, 2), (0.6571428571389435, 1), (0.6572008113545812, 1), (0.6572237960153718, 1), (0.6572361261526426, 1), (0.6572438161770005, 2), (0.6572438162486114, 1), (0.6573770491695498, 2), (0.6573913042906618, 1), (0.6574074073952333, 1), (0.6574654955260407, 1), (0.657467532414168, 1), (0.6574803149347472, 1), (0.6574885273230805, 1), (0.6575073601441119, 1), (0.657534246555323, 2), (0.6575342465671584, 1), (0.6575476306758282, 1), (0.6575498575461114, 1), (0.6576086956164363, 1), (0.657652785285788, 1), (0.6576576576280331, 1), (0.6576698155615933, 1), (0.6576728498787129, 1), (0.6576923076670127, 1), (0.6578073089263895, 4), (0.6578560938828346, 3), (0.6578599735712324, 1), (0.6579634464408394, 1), (0.6579999999341984, 1), (0.6581059389836889, 3), (0.6581132075372346, 4), (0.6581196581009086, 2), (0.6581272084747513, 1), (0.6581352832434896, 2), (0.6581352833397386, 1), (0.658146964814174, 1), (0.6581956797130633, 1), (0.658227848090849, 1), (0.6582411795647273, 1), (0.6582809224180667, 1), (0.6583072100210279, 1), (0.6583333332784703, 1), (0.6583333332941499, 3), (0.6583961009898806, 1), (0.6584362139375755, 1), (0.6584507042230336, 1), (0.6585365852511251, 1), (0.6585365853480064, 1), (0.658536585355813, 1), (0.658566221134159, 1), (0.6585858585592472, 1), (0.6586119696358917, 1), (0.6586345380997077, 2), (0.6586620926017632, 1), (0.6586894586857049, 1), (0.6586985390891474, 1), (0.6587537091010739, 1), (0.6587537091792592, 2), (0.6587926509013453, 1), (0.6588235293342587, 1), (0.6588735387745198, 1), (0.658914728631093, 1), (0.6589724497369353, 1), (0.658978583174333, 1), (0.6589861751000217, 1), (0.6590038313545012, 1), (0.6590163934390237, 1), (0.6590257879467312, 3), (0.6590584878650616, 1), (0.6590621039123171, 1), (0.6590909083419708, 2), (0.6591375769343791, 1), (0.6591625393907351, 1), (0.6591760299378541, 1), (0.659176029946091, 2), (0.6592065106145273, 1), (0.6592427616632871, 2), (0.6592489568662244, 1), (0.6592592592470491, 1), (0.6592920353836474, 1), (0.6593220338424274, 2), (0.6593220338871317, 1), (0.6593406593044302, 2), (0.659340659322546, 1), (0.6594525779338337, 1), (0.6594594594505503, 1), (0.6594853381129916, 2), (0.6595744679447698, 2), (0.6595744680383238, 3), (0.659622641499478, 1), (0.6596417281279311, 1), (0.6596583442751651, 1), (0.659663865407644, 1), (0.6596958174779531, 1), (0.6597077243983483, 1), (0.6597510373307137, 1), (0.6597633135769335, 1), (0.6597938143649681, 2), (0.6598360655467249, 1), (0.6598639455557866, 1), (0.6598939929270329, 1), (0.6598984770457086, 2), (0.6598984770903679, 1), (0.6599999998349966, 1), (0.6599999999670023, 2), (0.6600397614051674, 1), (0.6600823044724272, 1), (0.6600985221024593, 1), (0.6601226993055054, 1), (0.6601941746290944, 1), (0.6601941746931799, 3), (0.6602316602061701, 1), (0.6602434077012143, 1), (0.6602510459974785, 1), (0.6602564102352443, 1), (0.6603174601078354, 2), (0.6603475513393324, 1), (0.6603773584594183, 2), (0.6603900470302392, 1), (0.6604026845548915, 1), (0.6604127578498238, 1), (0.6604215455127831, 3), (0.6604402935202072, 4), (0.6604477611693876, 1), (0.6604774534933084, 2), (0.6604938271503007, 1), (0.660550458654994, 3), (0.6605504586953924, 1), (0.6605783865856759, 1), (0.6606334841031053, 1), (0.6606334841479448, 1), (0.6606772632577281, 1), (0.6606822261525424, 1), (0.6606875934032644, 2), (0.660714285710353, 1), (0.6607929513963022, 2), (0.6607929514933336, 3), (0.6608695651599239, 2), (0.6608695651886598, 1), (0.660886319833126, 1), (0.6609195401665765, 1), (0.6609442059518554, 1), (0.6609625667742297, 1), (0.6609686609648948, 2), (0.6609989372866938, 1), (0.6610751048392643, 1), (0.6610878660534641, 2), (0.6611570246112617, 2), (0.6611842105154361, 1), (0.6612244897824259, 1), (0.661268555987551, 1), (0.6612702366044694, 1), (0.6612903225753122, 1), (0.6613162118567771, 1), (0.6613756613406687, 1), (0.6613756613581655, 1), (0.6614173228086044, 1), (0.6614173228172875, 3), (0.6614420062592227, 1), (0.6615146831427942, 1), (0.6615214993757974, 5), (0.6615384615130195, 1), (0.6615515771469598, 1), (0.6615886832794774, 1), (0.6615969581665165, 1), (0.6616257088721799, 1), (0.6616379310273576, 1), (0.6616541352388493, 1), (0.6616607773793145, 2), (0.6617283950072697, 3), (0.6617283950290493, 1), (0.6617429837322995, 1), (0.661800486456978, 1), (0.6618181816978488, 1), (0.661818181758014, 1), (0.6618705035018935, 1), (0.6618705035653786, 1), (0.6619047619008209, 2), (0.6619115549121004, 1), (0.6619718309725928, 2), (0.6619937694188477, 2), (0.6620689654259231, 1), (0.662068965471583, 1), (0.6620689655081093, 1), (0.6620926242999897, 1), (0.6622222221927891, 1), (0.6622950819563573, 1), (0.6623093681772891, 1), (0.6623207301000719, 1), (0.6623794211792721, 1), (0.6623826000955897, 1), (0.6624338623637624, 1), (0.6624999998964852, 1), (0.662515566608651, 1), (0.6625194401038088, 1), (0.6625386996698943, 1), (0.6625766870352704, 1), (0.662626262599489, 5), (0.6626415094239615, 4), (0.6626626625963299, 1), (0.6627565980461188, 2), (0.6627810157925573, 1), (0.6629213482214978, 1), (0.6629834253533163, 1), (0.6630434782248379, 3), (0.6630760023858413, 1), (0.6630952380557669, 1), (0.6631853785814197, 1), (0.6632566069849698, 1), (0.6632653060998894, 1), (0.6632653061139882, 1), (0.663293985347763, 1), (0.6633712308420002, 1), (0.6633954857573419, 1), (0.6634499396063396, 1), (0.6635071088999183, 3), (0.6635514018071405, 1), (0.6635802469033403, 4), (0.6635944699951141, 2), (0.6635944700155019, 1), (0.6635944700307921, 1), (0.6636225266261225, 1), (0.6636363635358155, 2), (0.6636500753947622, 1), (0.6636568848458873, 1), (0.663659793771673, 2), (0.6636670416048662, 1), (0.663677130024996, 1), (0.6636971045292461, 2), (0.6636971046031481, 1), (0.6637168141446074, 1), (0.66372462483109, 1), (0.6637265710403846, 1), (0.6637314253899979, 2), (0.6637630661963086, 1), (0.6637744033987235, 1), (0.6637931033910582, 1), (0.6638054362426586, 1), (0.663853727126191, 1), (0.6639511201358858, 1), (0.6639610389071462, 1), (0.6640211640035958, 1), (0.6640926640670214, 1), (0.6641318124123687, 1), (0.6641394996158887, 1), (0.6641509433862015, 1), (0.6642066420174012, 1), (0.664206642041912, 1), (0.6642066420541661, 1), (0.6642201833643637, 1), (0.6642468239323317, 1), (0.664285714281757, 1), (0.6643835616324613, 1), (0.6644067796159694, 1), (0.6644250167676912, 3), (0.6644429619657866, 3), (0.6644518271983748, 1), (0.6645569620148009, 1), (0.664560294857053, 1), (0.6645636172380159, 1), (0.6645768024661727, 1), (0.6646005509412996, 1), (0.6646341463313313, 1), (0.6646586345248049, 1), (0.6646942800461195, 1), (0.6647509577907326, 2), (0.6647564469533108, 1), (0.6647564469723497, 1), (0.6647887323007277, 2), (0.6648148148025051, 1), (0.6648230088422025, 1), (0.6648351647986288, 1), (0.6648401825876841, 1), (0.6648672964432519, 1), (0.6649076516974975, 1), (0.6649214659250772, 1), (0.6649703138196319, 1), (0.6649778340679858, 1), (0.6649999998337491, 1), (0.6650062266334933, 1), (0.6650062266335008, 1), (0.6650205760769514, 1), (0.6650602408035968, 11), (0.6651053862610964, 2), (0.6651982377389403, 1), (0.6652789341937857, 1), (0.6652977411364904, 1), (0.6652977412457827, 2), (0.6653620351990085, 2), (0.6653645833289998, 1), (0.6654611211332602, 2), (0.6654761904722304, 1), (0.665505226457649, 1), (0.6655290102275517, 1), (0.6655737704808907, 1), (0.6655844155303895, 1), (0.6656298599965996, 2), (0.6657700066801752, 1), (0.6657771847809777, 2), (0.6658179503077121, 1), (0.6658195678950681, 1), (0.6658476658394866, 1), (0.6658711217104282, 1), (0.6659412404063183, 1), (0.6659412404546273, 1), (0.6661016948588054, 1), (0.666111573660861, 3), (0.6661392404957871, 1), (0.6661538461367658, 1), (0.6661589235829747, 1), (0.6666666659722321, 2), (0.6666666662698525, 1), (0.6666666664550204, 3), (0.6666666665175285, 1), (0.6666666665311615, 7), (0.6666666665432169, 1), (0.6666666665527, 2), (0.6666666665549956, 2), (0.6666666665613481, 1), (0.6666666665632958, 1), (0.6666666665700482, 1), (0.6666666665777777, 1), (0.6666666665858586, 1), (0.6666666665925925, 1), (0.6666666666028079, 1), (0.6666666666049453, 1), (0.666666666606604, 1), (0.6666666666111111, 2), (0.6666666666149812, 1), (0.6666666666193827, 3), (0.666666666619883, 1), (0.6666666666222222, 2), (0.6666666666296296, 2), (0.6666666666313953, 1), (0.6666666666324786, 1), (0.6666666666349206, 1), (0.666666666635806, 2), (0.6666666666360154, 1), (0.666666666637037, 1), (0.6666666666374236, 1), (0.6666666666392318, 1), (0.6666666666397306, 1), (0.6666666666427772, 1), (0.6666666666436372, 1), (0.6666666666439922, 1), (0.6666666666455027, 1), (0.6666666666467342, 1), (0.6666666666500227, 1), (0.6666666666506236, 3), (0.6666666666531987, 1), (0.6666666666543211, 3), (0.6666666666547859, 1), (0.6666666666549708, 2), (0.6666666666582152, 2), (0.6666666666586883, 1), (0.666666666658979, 1), (0.6666666666619386, 2), (0.6670761670679717, 1), (0.6671114075961688, 5), (0.6671641790945205, 1), (0.6672077921536376, 1), (0.6672489082911125, 1), (0.6673257538276464, 1), (0.6673728813417924, 1), (0.6673728813417932, 3), (0.6673819742453493, 1), (0.6674698795019899, 1), (0.6674757280743371, 1), (0.6675675675495265, 2), (0.6675881132918043, 1), (0.6676056337087871, 2), (0.6676579925154177, 1), (0.6676691728319285, 2), (0.6676970633590763, 1), (0.6677115987356149, 1), (0.6677198525188172, 1), (0.6677215189767768, 2), (0.6677367576029609, 2), (0.6677595628378802, 2), (0.6678023849857612, 1), (0.6678635547496363, 2), (0.6678765879975407, 1), (0.6679611649188413, 1), (0.6679960119308066, 1), (0.6680327868578663, 1), (0.6680584550869274, 1), (0.6680672267504087, 1), (0.6681175189697356, 2), (0.6681175190182047, 2), (0.6681415929055674, 1), (0.6681415929129634, 1), (0.6681514475126598, 2), (0.6682352941019261, 1), (0.6683046682964594, 1), (0.6683127571466394, 1), (0.6683354192657283, 1), (0.6683569979648255, 1), (0.668360863955734, 1), (0.6684280052751843, 1), (0.6684350132271402, 1), (0.6684456304113631, 10), (0.6684782608332394, 1), (0.6684782608604789, 1), (0.6685393257487976, 1), (0.6685472495530973, 1), (0.6685552407742602, 1), (0.668571428533227, 1), (0.6685934489273828, 1), (0.6686217006836896, 1), (0.6686303387137386, 2), (0.6686746987817532, 1), (0.6686792452729249, 2), (0.6687279151884389, 2), (0.6688102893460626, 2), (0.6688172042866902, 1), (0.66883116878774, 1), (0.6688524590127366, 2), (0.668863261921954, 1), (0.6688963210590491, 3), (0.6689536877986642, 1), (0.6690140844599265, 1), (0.6690647481934179, 2), (0.6690777576611551, 1), (0.6690850463495808, 1), (0.6690909090665776, 1), (0.6691042046308815, 2), (0.6691871455450066, 1), (0.6692015208616554, 1), (0.6692015209040616, 1), (0.6692209450744628, 1), (0.6692607003370231, 2), (0.6692708333289737, 1), (0.6692913385651111, 2), (0.669303797457763, 1), (0.6693548387042794, 1), (0.669365721979234, 1), (0.6693711967477758, 1), (0.6694045174263085, 2), (0.6694421315291647, 1), (0.6694473409452867, 1), (0.6694490817471235, 1), (0.6694560668895859, 3), (0.6694560669175966, 1), (0.6694915253528075, 2), (0.6694915253669896, 1), (0.6694915254095422, 1), (0.6694915254095454, 1), (0.6695059624642676, 1), (0.6695156694965946, 2), (0.6695331695249445, 1), (0.6695652173767526, 1), (0.6695683713939236, 1), (0.6696113074145787, 2), (0.6696230598372662, 1), (0.6697038722848027, 1), (0.6697892270094098, 2), (0.6698262242227778, 1), (0.6698564590096396, 1), (0.669856459308776, 1), (0.6699239956205244, 1), (0.6699588476814834, 1), (0.6699875466915364, 1), (0.6699999999664932, 1), (0.6700167504075382, 1), (0.6701030927144231, 4), (0.6701570680394382, 1), (0.6701754385847306, 1), (0.6701886792351683, 1), (0.6702127656009474, 1), (0.6702208682389693, 1), (0.6702412866835833, 1), (0.6702573309315353, 6), (0.6702702702521537, 1), (0.6702916460668822, 1), (0.670293797581782, 1), (0.6703417860341429, 1), (0.6703601107847471, 1), (0.6703755215390683, 1), (0.6703910613276722, 1), (0.670434782579547, 1), (0.6704545452640666, 2), (0.6704545453783561, 1), (0.6704545454164501, 1), (0.6704761904123375, 1), (0.6705202312009557, 1), (0.6706008583655032, 1), (0.6706161137401012, 1), (0.6706231453806901, 2), (0.6706586825544176, 2), (0.6706875753758562, 1), (0.6707070706799724, 2), (0.6707317071807496, 2), (0.6707317072352775, 2), (0.6707317073133549, 1), (0.6707460578801895, 1), (0.6707882534672245, 2), (0.6708463949738074, 1), (0.6708463949738122, 1), (0.6709129511392371, 2), (0.6709265175575958, 1), (0.6709470304760565, 1), (0.6709816612005395, 1), (0.6710239651269956, 1), (0.6710963454703525, 4), (0.6711140760417483, 2), (0.671118530862396, 2), (0.6711499663301149, 1), (0.671328671234775, 1), (0.6713780918668604, 1), (0.6714628297040095, 1), (0.6714628297281592, 2), (0.6714801443558509, 1), (0.6714801443881744, 1), (0.6714848883004488, 1), (0.6714859437211675, 1), (0.6715328465927867, 1), (0.6715758468236881, 1), (0.6715867158175962, 1), (0.6715867158547676, 1), (0.6716049382163337, 1), (0.6716604244526457, 3), (0.6716981131974082, 1), (0.6718403547634586, 1), (0.6718506998235794, 2), (0.6719160104810533, 1), (0.671940049930393, 1), (0.672043010716558, 1), (0.6720647773007212, 2), (0.6720647773249105, 1), (0.6721311475134416, 1), (0.6721311475373108, 1), (0.6721763085167972, 1), (0.672176308521429, 1), (0.6722222222097729, 2), (0.6722288438216806, 1), (0.6722689075504718, 1), (0.672268907559703, 1), (0.6722972971837317, 1), (0.6723507917010375, 1), (0.6723809523169163, 1), (0.6723842195309658, 4), (0.6724137930390393, 2), (0.6724482988569395, 1), (0.6724511929856332, 1), (0.672468354419739, 1), (0.6724700761453593, 1), (0.6724782067164098, 1), (0.6725663715623924, 2), (0.6725663716218981, 1), (0.6725663716739757, 2), (0.6725742135280203, 1), (0.6726057904960735, 1), (0.6726078798934056, 1), (0.6726457398499849, 1), (0.6726511071134341, 2), (0.6726943941890581, 1), (0.6727272726508295, 1), (0.6727272726661137, 2), (0.6727595836489655, 1), (0.6727828745765873, 1), (0.672798948742798, 1), (0.6728650137509327, 1), (0.6728971956328361, 1), (0.6728971961988032, 1), (0.6728971962477063, 2), (0.672926447563803, 1), (0.6729678638814155, 1), (0.672975814924575, 1), (0.672981056795963, 1), (0.6729857819586224, 1), (0.6730219256370527, 1), (0.6730769230510355, 1), (0.673157162707284, 1), (0.6732075471596483, 2), (0.6732186732104023, 2), (0.6732283464301849, 2), (0.6732348111437364, 1), (0.6732575383061135, 3), (0.6733238231002361, 1), (0.6733333333243555, 1), (0.6734006731739394, 1), (0.6734006733553268, 1), (0.6734120291920512, 1), (0.6734603455616532, 2), (0.6734693877321978, 1), (0.6735042735004348, 1), (0.6735537189850681, 1), (0.673596673568667, 1), (0.6736725663642305, 1), (0.6736842104908444, 1), (0.6736842105026793, 1), (0.673684210508585, 1), (0.6737012986466157, 2), (0.6737120211271632, 1), (0.673728813487948, 1), (0.6737400530146553, 1), (0.6737704917922318, 1), (0.6737825216721306, 2), (0.673796791431844, 1), (0.6738095237694186, 1), (0.6738609112629004, 2), (0.673886883256947, 1), (0.6739130434416347, 5), (0.6739526411534789, 1), (0.6739659367232638, 3), (0.6739811912120047, 1), (0.6740088104242288, 2), (0.6740088105231966, 1), (0.6740740740615929, 2), (0.6741573032761013, 1), (0.6741767764239683, 1), (0.67421602786869, 1), (0.6742857142471811, 1), (0.6743295018511145, 3), (0.6743737957350904, 1), (0.6744730677577364, 1), (0.6744868033212689, 1), (0.6745213549138576, 1), (0.6745213549237961, 1), (0.67453625628586, 1), (0.6745406823969955, 1), (0.6745762711750064, 1), (0.6746031745853288, 1), (0.6746666666486744, 1), (0.6746987950181376, 1), (0.6746987950181467, 1), (0.6746987950994356, 3), (0.674698795126529, 2), (0.6746987951671705, 1), (0.6747169811218917, 1), (0.6747777257806512, 1), (0.6747967478303262, 1), (0.6747967479491923, 1), (0.674884437492312, 1), (0.6748971192860155, 1), (0.674897119313792, 1), (0.6749116607714235, 1), (0.6749999998312471, 1), (0.6749999998945295, 1), (0.6749999999232965, 1), (0.6749999999437519, 2), (0.67499999999598, 1), (0.6750448832953331, 4), (0.675062972258189, 3), (0.675136116127942, 1), (0.6752136751944393, 1), (0.6752411575454113, 1), (0.6752873563121375, 2), (0.6753246752369753, 1), (0.6753521126736822, 1), (0.6753528772706109, 1), (0.6753714542937835, 1), (0.6753926701128714, 1), (0.6754098360212816, 1), (0.6754385964616022, 1), (0.6754385964793783, 2), (0.675461741415889, 1), (0.6754966886522541, 1), (0.6754966886969739, 1), (0.6755102040678449, 1), (0.6755555554955082, 1), (0.6755687438146588, 1), (0.6755852842696412, 1), (0.675619834696786, 3), (0.6756604833796688, 1), (0.6756756755926676, 1), (0.6756756756300214, 1), (0.6757493187090229, 1), (0.6757493187642644, 1), (0.6757912745358611, 2), (0.6758147512632674, 1), (0.6758474575555243, 2), (0.6758474576127995, 1), (0.6758620688722917, 1), (0.6758620689344452, 1), (0.6758767268719258, 2), (0.6759259258633528, 1), (0.6759999999323991, 1), (0.6760233917970543, 1), (0.6760563379329493, 2), (0.6760563379686568, 1), (0.6760812002933747, 1), (0.6760961810371153, 1), (0.676145339545633, 1), (0.6761565835817704, 1), (0.6761710794021932, 2), (0.6762264150841317, 1), (0.6762412802348696, 2), (0.6762699014353563, 1), (0.6762801647829237, 1), (0.6762886597659253, 2), (0.676300577995594, 1), (0.676311030716953, 2), (0.6763202725147931, 1), (0.6764091857755063, 1), (0.6764509673025159, 2), (0.6765027322367415, 2), (0.6765402843561799, 1), (0.676543209820861, 2), (0.6765578634011036, 1), (0.6765799255248008, 1), (0.6766169153387296, 1), (0.6766917292215495, 1), (0.6767241379237395, 1), (0.6768060836373211, 1), (0.6768226332725139, 2), (0.6769230769057194, 1), (0.6769480518931025, 1), (0.6769662920397492, 1), (0.6769706336835136, 4), (0.677038626605811, 1), (0.677049180316769, 1), (0.6770601334794998, 1), (0.6771488469459702, 1), (0.6771653542240589, 1), (0.677165354304051, 2), (0.6771653543129348, 1), (0.6771985255040973, 1), (0.6772486772307591, 1), (0.6772908365634437, 1), (0.6773006134138324, 2), (0.6773049645342035, 1), (0.6773618538203691, 1), (0.6773888363164169, 1), (0.6774193547658834, 1), (0.6774193548074894, 4), (0.6774386594772291, 1), (0.6774595267577236, 1), (0.6774595267661564, 1), (0.6774628879861561, 1), (0.6774668630139188, 1), (0.6775244299232932, 1), (0.6775244299306462, 1), (0.6775568181721914, 1), (0.677561837449845, 1), (0.6775631499736161, 1), (0.6775956284115979, 1), (0.6776859503992207, 1), (0.6777251184512898, 2), (0.6777358490463752, 2), (0.6777408637423378, 5), (0.6777777777652247, 1), (0.6778947368135585, 1), (0.6779026216974523, 1), (0.6779116465318951, 2), (0.6779661016374599, 1), (0.677966101669381, 1), (0.6779661016805518, 1), (0.6779999999321973, 1), (0.678071539605128, 1), (0.6780715396367597, 1), (0.6781690140821204, 1), (0.6781893003557035, 1), (0.6782178217486057, 2), (0.6782608695521092, 1), (0.6783161238539874, 3), (0.6783783783600414, 1), (0.6784452296759848, 1), (0.6784810126496383, 2), (0.6784869976279103, 1), (0.6784922394377618, 1), (0.6784922394528028, 1), (0.6785137318145639, 1), (0.6785714281675176, 1), (0.6786248131336671, 1), (0.6786885245864543, 1), (0.6787479406695675, 2), (0.6787878787604512, 4), (0.6788432267677655, 2), (0.6788990825272779, 1), (0.6789107029722663, 1), (0.6789297658749334, 1), (0.678958785175817, 1), (0.6789667896052607, 2), (0.6789667896177828, 1), (0.6789915966272454, 1), (0.6790123456370984, 1), (0.6790633608581594, 1), (0.6791044775992648, 1), (0.6791171476964486, 5), (0.6791194129329011, 2), (0.6791414418998833, 2), (0.6791510611565774, 1), (0.6791569085060498, 1), (0.679162072692485, 1), (0.6791893227845806, 1), (0.6792452829868345, 2), (0.6792452829955652, 1), (0.679245283006052, 1), (0.6792452830086151, 1), (0.679302501890224, 1), (0.6793048972070628, 2), (0.6793286219021266, 1), (0.6793478260500363, 1), (0.6794055201410015, 1), (0.6795366794842027, 1), (0.6795918367208285, 2), (0.6796116504194544, 6), (0.6796610168915519, 1), (0.6796714578357664, 2), (0.6796874999469024, 1), (0.6796959825906783, 1), (0.679790026228877, 1), (0.6798029555980483, 2), (0.6798245613736915, 1), (0.6798353908905552, 3), (0.6798603026617015, 1), (0.6798780487701234, 1), (0.6799276672448478, 1), (0.6799999999093364, 1), (0.6799999999199968, 1), (0.679999999940869, 1), (0.6799999999659955, 2), (0.6799999999697808, 1), (0.6800618237916547, 1), (0.6800670015611283, 1), (0.680084745748304, 2), (0.6801007556332455, 1), (0.6801948051395938, 1), (0.6802721088203995, 1), (0.6802721088402314, 1), (0.6803455723517633, 1), (0.6803519059588481, 3), (0.6803840876981593, 1), (0.6804123710638782, 5), (0.6804123711239984, 1), (0.6804374240500558, 1), (0.6804536357480923, 4), (0.6804597700836549, 1), (0.6805555555319257, 1), (0.6805648957175142, 1), (0.6805845511198149, 1), (0.6806083649931374, 1), (0.6806136680423819, 1), (0.6806282722156741, 1), (0.6806451612793488, 1), (0.6806818181431432, 1), (0.6806833114233765, 1), (0.6806833114278529, 1), (0.6806853582024394, 1), (0.6807339448916743, 2), (0.6807511735491133, 1), (0.6807547169708551, 2), (0.6807692307430491, 1), (0.6808134394220898, 1), (0.6808510634676347, 1), (0.6808510637815004, 1), (0.6808510637975863, 1), (0.6808510638153011, 1), (0.6808510638201297, 1), (0.680851063821739, 1), (0.6808743169361721, 1), (0.6809116808922807, 1), (0.6809523809199525, 4), (0.6809815950711411, 1), (0.6810598625970362, 1), (0.6810616284269844, 1), (0.6810954063544082, 1), (0.6810990840682309, 1), (0.6811023621779082, 1), (0.6811352253642569, 1), (0.6811594201911313, 2), (0.6812045690408874, 2), (0.6812227073244222, 1), (0.6812652067960778, 2), (0.6813304720993513, 1), (0.6813627253826289, 2), (0.6813671443570721, 2), (0.6813880125753029, 1), (0.6813880125967978, 2), (0.6814112690531111, 1), (0.6814159291432409, 1), (0.6814814813805247, 1), (0.6814814814253977, 1), (0.6814814814775979, 1), (0.681564245771983, 1), (0.6816326530473156, 1), (0.6816380449051286, 2), (0.6816479400578861, 1), (0.6816720256796363, 1), (0.6816901408426714, 1), (0.6817691477150181, 1), (0.681785457160972, 1), (0.6817878585632864, 1), (0.6818181810433958, 2), (0.6818181817148752, 1), (0.6818181817561983, 1), (0.6818181817628371, 1), (0.6818181817871901, 2), (0.6818181818130166, 1), (0.681818181814209, 1), (0.681843420284183, 1), (0.6818454164129316, 1), (0.6819317235353063, 1), (0.6819371727302457, 1), (0.6819672131110285, 1), (0.6819923370994212, 1), (0.6820276497381537, 1), (0.6820276497538686, 1), (0.6820652173820334, 1), (0.6820987654110476, 2), (0.6821192052528459, 1), (0.6822033898160553, 1), (0.6822033898160562, 2), (0.6822262117879521, 1), (0.6822429905904447, 2), (0.6822429905904464, 2), (0.6822429906223215, 1), (0.6822742474802331, 1), (0.6824146981448191, 3), (0.6824196597224481, 1), (0.6824408468074064, 1), (0.6824408468074139, 1), (0.6824644549439572, 1), (0.682492581582121, 5), (0.6824925815821257, 2), (0.6825221238862559, 1), (0.6825938564223246, 1), (0.6826029215560933, 1), (0.6826568265052886, 1), (0.6826666666302553, 1), (0.6827503015516809, 1), (0.6827586205719398, 1), (0.6827643630023816, 1), (0.6828193831095174, 1), (0.682824025217822, 1), (0.6828282828006929, 1), (0.6829268291294909, 1), (0.6829268292444984, 1), (0.6829268292554707, 1), (0.683022571134778, 2), (0.6830294530106359, 1), (0.6830466830382909, 1), (0.683076923062915, 1), (0.6830985915011912, 1), (0.6831220813784775, 1), (0.6831530138997958, 2), (0.6832386363539301, 1), (0.6832917704031635, 3), (0.683297179969275, 1), (0.6833114323169066, 1), (0.6833114323213972, 1), (0.6833333332763927, 3), (0.6833463643418036, 1), (0.6833712983276341, 1), (0.683385579915884, 1), (0.6833855799265918, 1), (0.6834532373977807, 1), (0.6834782608101335, 1), (0.6834910620327714, 1), (0.6835138387320484, 1), (0.6835443037727509, 2), (0.6835443037866494, 1), (0.6836065573658433, 1), (0.6836409929545725, 1), (0.6836518046418838, 2), (0.6836734692133476, 2), (0.6836734693645022, 1), (0.6837455830328296, 2), (0.6837606836437989, 1), (0.6837606837576081, 1), (0.6837735848953386, 1), (0.6837881219684168, 3), (0.6838028168990032, 1), (0.6838407492543631, 2), (0.6839622641186832, 2), (0.6839772007556426, 1), (0.6840390879107487, 1), (0.6840659339719714, 1), (0.6840768951511041, 2), (0.6840958605515421, 1), (0.6841121495071343, 1), (0.684136640146541, 1), (0.6841530054607414, 3), (0.6842105261957698, 1), (0.684210526297784, 1), (0.6842751842667787, 1), (0.6842878119406283, 1), (0.6843100188777167, 1), (0.6843100188906512, 1), (0.6843373492326829, 1), (0.6843373493426227, 2), (0.6843501325352286, 2), (0.6843718078974136, 1), (0.6843963285317859, 1), (0.6844106463357874, 1), (0.6844106463748209, 1), (0.6844106463748223, 1), (0.684444444383609, 2), (0.6844919785974272, 2), (0.684523809519735, 1), (0.6845310596666361, 1), (0.6845549737771924, 1), (0.684603886377137, 1), (0.6846153845890515, 1), (0.6846603688678147, 1), (0.6847457627002601, 1), (0.6847826086807657, 1), (0.6848249026704457, 3), (0.6848381601129491, 1), (0.6849140674293489, 1), (0.6849315067941234, 1), (0.6849315068375857, 1), (0.6849710982461, 1), (0.6849800619988916, 1), (0.6849999999143773, 1), (0.6850152904779826, 1), (0.6850393700607614, 5), (0.6851211072585345, 1), (0.6851211072630521, 2), (0.6851385390083077, 4), (0.6851851850582998, 1), (0.6851851851670618, 1), (0.6852248393710818, 1), (0.685236768798411, 1), (0.6852438252014852, 1), (0.6852622814036099, 1), (0.6852830188575819, 2), (0.6853377265013123, 1), (0.6853582553983373, 1), (0.6853677027999596, 1), (0.6853707414142878, 1), (0.6854009595143671, 1), (0.685454545392228, 1), (0.6854565952494841, 1), (0.685472496377227, 1), (0.6854990583158636, 1), (0.6855524079125993, 1), (0.6855600539626063, 2), (0.6856368563592703, 1), (0.6856492026553909, 1), (0.6856974690792914, 1), (0.685714285469384, 1), (0.6857142855183609, 1), (0.68571428561632, 1), (0.6857142856751021, 1), (0.6857142857027642, 1), (0.6857142857072868, 1), (0.6857142857102031, 1), (0.6858407079570151, 2), (0.6858475893712436, 1), (0.6858789624701364, 1), (0.6859205775863767, 1), (0.6859395532149417, 1), (0.685943775045308, 1), (0.6859649122686677, 3), (0.6860254083235606, 3), (0.6861063464601684, 3), (0.6861111111015831, 2), (0.6861924685618294, 1), (0.686217008596419, 1), (0.6862442040079438, 2), (0.6862589356087152, 2), (0.6863033873242076, 1), (0.6863468634179778, 4), (0.6863636363324339, 1), (0.6863679694882132, 1), (0.686419753029925, 2), (0.686486486300952, 2), (0.6864864864679353, 2), (0.6865104496473279, 1), (0.6865203761647843, 1), (0.6865671641662915, 1), (0.6865879082219185, 1), (0.686635944647723, 1), (0.6866485013249725, 1), (0.6866566715612198, 1), (0.6866883116325719, 1), (0.6867469879352591, 1), (0.6867924528172321, 2), (0.6867924528198219, 1), (0.6868131867943188, 1), (0.6868464501548245, 1), (0.6868686868409346, 2), (0.6868884539982976, 1), (0.6869047618638788, 1), (0.6869455005466514, 1), (0.6869565217241946, 2), (0.6869785999025398, 1), (0.6870137642048247, 1), (0.6870983687558729, 1), (0.6871008939886674, 2), (0.6871401151367748, 1), (0.6871727748241391, 1), (0.687179487144246, 1), (0.6871794871442519, 3), (0.6872037914366247, 1), (0.6872727271477688, 1), (0.6873239436135673, 1), (0.6873786407633536, 1), (0.6874316939853156, 1), (0.6875449963978137, 1), (0.6875891583354107, 1), (0.6875934229988753, 1), (0.6876355747627267, 1), (0.6876640419345851, 1), (0.6876640419767036, 2), (0.6876971608398905, 1), (0.6877770740931733, 1), (0.687804878032006, 3), (0.687813021645426, 1), (0.687821612290923, 1), (0.6878474979596644, 2), (0.6879777622871458, 1), (0.6880530973375222, 2), (0.6880570409859522, 1), (0.6880869995022834, 1), (0.6880907372270703, 1), (0.6881625441635326, 1), (0.6881720429367524, 2), (0.6882022470943526, 1), (0.6882591092838749, 1), (0.688259109308645, 1), (0.6882911392296152, 1), (0.6882933708479125, 1), (0.688301886782062, 1), (0.6883365200501598, 1), (0.6884294522782587, 4), (0.6884615384350583, 1), (0.6885245901526472, 1), (0.6885245901601721, 4), (0.6885644768688919, 1), (0.6885714285615891, 1), (0.6886363635581111, 1), (0.6887052341408058, 1), (0.6887323943176962, 1), (0.6887323943637734, 3), (0.6887417217630705, 1), (0.6887565152617684, 1), (0.6888020833288466, 2), (0.6888217522450489, 1), (0.6888412017130453, 1), (0.6888888888582716, 1), (0.6889279436399036, 1), (0.6889534883620809, 1), (0.6889580092776864, 1), (0.6889632106793002, 1), (0.6889632106908176, 1), (0.6889763779256315, 3), (0.6890243902333971, 1), (0.689043698539016, 1), (0.6890982502437283, 1), (0.6891385767532096, 2), (0.6891385767618236, 1), (0.6891512085053865, 1), (0.6891566263399646, 2), (0.6891592920277745, 1), (0.689160086095539, 2), (0.6891651864600847, 1), (0.6891891890727692, 1), (0.6891891891807216, 1), (0.6892307691247278, 1), (0.6892655366842231, 1), (0.6892911010038236, 1), (0.6892950391284995, 1), (0.6893617020543187, 1), (0.6894075403867209, 1), (0.6894197949865514, 1), (0.6894586894488689, 1), (0.6896551719381742, 1), (0.6896551723186682, 5), (0.6896551723458483, 3), (0.6896551723543404, 7), (0.6896551723662306, 1), (0.6896551723840669, 1), (0.6896551723887614, 3), (0.6896551724049856, 1), (0.6897793786520501, 1), (0.6898367561511416, 1), (0.6898734176123602, 2), (0.6898734177106014, 2), (0.6898954703592397, 1), (0.6899293286158142, 1), (0.6899350648790633, 1), (0.689938398328956, 2), (0.689948892615849, 1), (0.6899879371905965, 1), (0.6899999999309977, 2), (0.6900063653284508, 2), (0.6900311525942352, 1), (0.6900584795290581, 1), (0.6900642609951088, 1), (0.6900709219809228, 1), (0.690107270519063, 1), (0.6901140684279434, 2), (0.6901408449732142, 2), (0.6901408450542257, 2), (0.6901669757532155, 1), (0.6901763223833699, 1), (0.6901840490268268, 1), (0.6901874310154144, 1), (0.6902237926159867, 1), (0.6902581182060665, 1), (0.6902654861148382, 1), (0.6902654867103877, 1), (0.6902887138926428, 1), (0.6903103229848615, 1), (0.6903648268764857, 2), (0.6904487916351614, 1), (0.6904761904433107, 1), (0.6904761904527039, 1), (0.6904761904579284, 1), (0.6905710490450753, 2), (0.6905829596309293, 1), (0.6906044284776717, 1), (0.6906249999784188, 1), (0.6906318082638154, 1), (0.6906474819150257, 1), (0.6906474820061055, 2), (0.6907103825098849, 1), (0.6907161803347093, 1), (0.6907216494133331, 1), (0.6907449209620418, 1), (0.6908462865818927, 1), (0.6908462866773458, 1), (0.6908841671904848, 1), (0.6909090908253499, 2), (0.6909090908462779, 2), (0.6909090908672232, 1), (0.690909090877688, 2), (0.6909090908811764, 1), (0.6910112358580005, 2), (0.6910299002863033, 1), (0.6910299002863083, 3), (0.6910420475067288, 1), (0.6910569105550592, 1), (0.6910994763945667, 1), (0.6911314984286733, 3), (0.691176470537419, 1), (0.6912442395782449, 1), (0.6913043478110626, 1), (0.6913207547065454, 1), (0.6913248150173937, 1), (0.6913580245965251, 1), (0.6913580246344617, 1), (0.6913580246806922, 1), (0.6913716814082814, 2), (0.6914285713627202, 1), (0.691428571389056, 2), (0.6914285714088144, 1), (0.6914556961915912, 1), (0.6914893613343067, 1), (0.6914893616285667, 3), (0.6915584415023067, 1), (0.6915769474307042, 2), (0.6915887844003972, 1), (0.6916354556631322, 11), (0.6916524701638258, 1), (0.691666666609024, 1), (0.6916666666254958, 1), (0.6916666666625486, 1), (0.6917293232042497, 1), (0.6917293232874668, 1), (0.6918013165686198, 1), (0.691803278575113, 1), (0.6918032786658396, 1), (0.6918032786658432, 2), (0.6918032786771844, 1), (0.6918032786847462, 1), (0.691810344820128, 1), (0.6918367346797604, 1), (0.6918604651062287, 1), (0.6918646508254434, 1), (0.6919275123330496, 1), (0.6919275123444488, 1), (0.6919431279511551, 2), (0.6919642857111966, 1), (0.6920152090728535, 1), (0.6920152091123206, 2), (0.6920315864542678, 1), (0.6920415224674012, 1), (0.692041522483367, 1), (0.6920415224879296, 1), (0.6920634918437966, 3), (0.6920821112339982, 3), (0.6920980926053307, 1), (0.6921348314528963, 1), (0.6921443736436435, 3), (0.6922024623613622, 1), (0.6922060766090865, 1), (0.6923076922125978, 2), (0.692307692266731, 1), (0.6923076922696467, 1), (0.6923076922721894, 1), (0.6923076922879667, 1), (0.6923076922899409, 1), (0.6923076922961173, 1), (0.6923076922978286, 1), (0.6923694778560355, 4), (0.6924034869067888, 1), (0.6925098554488013, 1), (0.6925133689654437, 1), (0.6925925924643392, 1), (0.6925925925797686, 1), (0.6926536730595741, 2), (0.69268292679547, 1), (0.692708333273205, 1), (0.6927083333288235, 1), (0.6927604473015677, 1), (0.6928327644932959, 1), (0.6929133858085851, 1), (0.6929492039371272, 1), (0.6929577463812736, 2), (0.6929637526578578, 1), (0.6929674099247717, 1), (0.6929824561099546, 1), (0.6929982046595706, 2), (0.6930041151693042, 1), (0.6930481282681256, 1), (0.6930693068963831, 1), (0.6931464173914975, 1), (0.6931818177879839, 1), (0.6932084307510032, 4), (0.6932515336997996, 1), (0.6932773107787249, 1), (0.6933333333025145, 1), (0.693333333306918, 1), (0.6933614330801555, 1), (0.6933797909166065, 1), (0.6934189405876888, 2), (0.693442622939451, 2), (0.6934523808491883, 1), (0.6934628975203755, 1), (0.6934812759093666, 1), (0.693577981587745, 1), (0.6936236391697154, 1), (0.6936416184570168, 2), (0.6936572199698884, 1), (0.6937269372181729, 2), (0.6937269372437731, 1), (0.6937499998916006, 1), (0.6937738245624145, 1), (0.6938110748808995, 1), (0.6938286398999778, 1), (0.6938300349081754, 1), (0.6938461537927797, 1), (0.6938775509496029, 1), (0.6939017169512149, 1), (0.6939130434480898, 1), (0.6939376103386126, 1), (0.6939655172114684, 3), (0.6939704208539228, 1), (0.6939759034472327, 4), (0.6940187839807505, 1), (0.6941176469771599, 1), (0.6941950927505186, 2), (0.6942328617307687, 1), (0.6942528735312997, 1), (0.6943127962044158, 2), (0.6943396226310288, 1), (0.6943462897465172, 2), (0.6943620177835567, 1), (0.6944444443841639, 1), (0.6944655041645594, 1), (0.6945925361749328, 1), (0.6945945945758231, 2), (0.6946236558990394, 1), (0.6946502057041466, 3), (0.6946902654790407, 2), (0.6947368419224346, 1), (0.6947368420565161, 1), (0.6947368420686885, 1), (0.6947368420687005, 1), (0.6947368420930733, 1), (0.6947637292376105, 1), (0.6947723440017745, 1), (0.6947791164519109, 1), (0.6947960618651275, 1), (0.6948275861469981, 1), (0.6948356807403003, 1), (0.6948941469402924, 1), (0.6949152541783954, 1), (0.6949152542225646, 2), (0.6949270326132782, 1), (0.6949352178215656, 2), (0.6949494949354574, 1), (0.6949582879689906, 2), (0.6949602121094236, 2), (0.6949891067386719, 1), (0.6950549449594706, 3), (0.6950819672093156, 3), (0.6951026855142028, 2), (0.695121951202558, 1), (0.695121951205384, 1), (0.6951672862195127, 1), (0.6951724136972204, 3), (0.6951871657568137, 1), (0.6952141057584321, 2), (0.6953020134134883, 2), (0.6953124999456763, 1), (0.6953919808414667, 1), (0.6954436450755934, 1), (0.6954689146396678, 1), (0.6955177743323742, 2), (0.6955380577245273, 2), (0.695553021656833, 1), (0.6955719557067248, 1), (0.6955859969452728, 1), (0.6956521738122226, 1), (0.6956521738374442, 1), (0.6956521738827978, 3), (0.6956521738979207, 1), (0.6956521739035879, 1), (0.6957424714289561, 1), (0.6957964601692954, 1), (0.6958073148912065, 1), (0.6958174904810677, 1), (0.6958525345301412, 1), (0.6958762885701144, 1), (0.6959247648684682, 1), (0.6959247648793737, 1), (0.695981804391995, 1), (0.6959999999860836, 1), (0.6960352421374438, 2), (0.6960352421885422, 1), (0.6960352422396419, 1), (0.6960629921040581, 2), (0.6961038960134932, 5), (0.6962025316345533, 6), (0.6962233168901094, 1), (0.69626168221046, 1), (0.6962750716132865, 1), (0.6962962961673538, 1), (0.6962962962447171, 1), (0.6963168866785054, 1), (0.6963562753005101, 1), (0.6963696368487946, 1), (0.6963717377023311, 1), (0.6963979416570694, 1), (0.696409140294186, 1), (0.6964520367845394, 1), (0.6965098633765943, 1), (0.6965376781793677, 1), (0.6965452847675698, 1), (0.6966235085029279, 2), (0.6966292133526923, 2), (0.6966292134570505, 1), (0.6966434452140804, 1), (0.6967213114468563, 1), (0.6967213114639882, 1), (0.6967285587852032, 1), (0.6967305523453521, 2), (0.6967632026663746, 1), (0.6967741934584778, 2), (0.6968026460091725, 1), (0.6968641114739811, 1), (0.6968716288352881, 1), (0.696914700519171, 1), (0.6969592259835917, 1), (0.6969696969564966, 1), (0.6970338982903168, 1), (0.6970509381509327, 1), (0.6971307119936846, 1), (0.6971631205624328, 1), (0.6971677559609081, 1), (0.6971830985424534, 2), (0.6971887549640824, 1), (0.6972201352261893, 1), (0.697247706379364, 1), (0.6972477063793778, 1), (0.6972789115409094, 1), (0.6973180075960399, 1), (0.6973584905555122, 1), (0.6973803070734085, 2), (0.6973848069564771, 4), (0.6974006865768826, 1), (0.6974358973643608, 1), (0.6974358974001268, 2), (0.6974789914989536, 1), (0.6974900924610655, 2), (0.6974981046194272, 1), (0.6975088967475235, 1), (0.697560975592743, 2), (0.6976090013868461, 1), (0.6976439790119409, 1), (0.6976744185582935, 2), (0.6976744185956364, 1), (0.697744360797329, 1), (0.6977611938996751, 1), (0.697777777622713, 1), (0.6978021977063436, 1), (0.6978021977063474, 1), (0.6978417266103346, 1), (0.6978527606826778, 2), (0.69787234035129, 1), (0.6978922714993165, 3), (0.6979423867738315, 1), (0.6979472138715774, 1), (0.6980088495497999, 1), (0.6980198019456441, 1), (0.69811320751424, 2), (0.6981519505753286, 1), (0.6982248520296891, 4), (0.6982758620087717, 1), (0.6983606557262549, 1), (0.6983606557338897, 1), (0.6983695652079025, 1), (0.6984126981909815, 1), (0.6984126983942252, 1), (0.6984478935543579, 1), (0.6984667801790048, 1), (0.6985172981647945, 1), (0.6985294117133423, 1), (0.6985754985715176, 1), (0.6985845128768269, 1), (0.6985854188576096, 1), (0.6986089644405152, 1), (0.6986301369756686, 1), (0.6986301369815163, 2), (0.6986666666294057, 1), (0.6986899562301732, 1), (0.698689956301368, 1), (0.6987179486955442, 1), (0.6987654320700101, 1), (0.6987951805545007, 2), (0.6987951806387066, 2), (0.6988352745191746, 1), (0.6989032900947695, 1), (0.6989247311076416, 2), (0.6989528795354143, 1), (0.6989619377128071, 1), (0.6989826451143164, 2), (0.6990049750374384, 1), (0.6990553306311319, 1), (0.6990595611175662, 1), (0.6992337164081152, 1), (0.6992561105058585, 1), (0.6992619925554179, 1), (0.6992692523496747, 1), (0.6993318483965809, 1), (0.6993624325306835, 1), (0.6993670885965256, 1), (0.6993670885965293, 1), (0.6993865030138515, 3), (0.6993987975251051, 1), (0.6994171523439046, 2), (0.6994328922363044, 2), (0.6994535519087461, 1), (0.6995073890936484, 2), (0.6996197718498159, 2), (0.6996838776923389, 1), (0.6997389033577156, 2), (0.6998158379244975, 1), (0.6998444789828981, 1), (0.6998722860613087, 1), (0.6998722860702412, 1), (0.6999002990678025, 1), (0.6999999998999967, 1), (0.6999999999222235, 2), (0.69999999993, 1), (0.6999999999416647, 3), (0.699999999965, 1), (0.699999999968186, 1), (0.6999999999730787, 2), (0.699999999985718, 2), (0.6999999999885254, 1), (0.699999999990279, 2), (0.6999999999958302, 1), (0.7001287001106796, 1), (0.700132100387052, 1), (0.7001477104667617, 1), (0.7001522069802081, 4), (0.7001972386242519, 1), (0.7002096435911919, 1), (0.7002518891334943, 8), (0.7002652518965137, 1), (0.7002801120252059, 1), (0.7002801120317415, 1), (0.7002967358842607, 2), (0.7003610108134731, 2), (0.7003773584799956, 2), (0.7004219409085711, 2), (0.7004608294608055, 1), (0.7005347593395596, 1), (0.7005444645843718, 4), (0.7005444645970859, 1), (0.7005494504532243, 1), (0.7005649717250235, 1), (0.7005870841213125, 1), (0.7006109979348035, 2), (0.7006437768202771, 1), (0.7006651884661802, 1), (0.7006854531073349, 1), (0.7006854531589225, 1), (0.7007299269902504, 1), (0.7007299269970696, 1), (0.7007397444047893, 1), (0.700748129588435, 1), (0.7007716490225552, 1), (0.7008547008515471, 1), (0.700869565211296, 1), (0.7009063443897017, 1), (0.7009174311283546, 1), (0.7009523809256771, 1), (0.7009646301800003, 1), (0.7009803921225013, 1), (0.7010014305148754, 2), (0.7010309277627764, 4), (0.7010309278205974, 1), (0.7011070110183679, 1), (0.7011070110571753, 1), (0.7012048192602153, 1), (0.7012127893383469, 2), (0.7012987003879411, 3), (0.7012987012076264, 3), (0.7012987012417762, 2), (0.7013274336205608, 1), (0.7013651877013415, 1), (0.701369862949648, 1), (0.7013764212962126, 1), (0.7014218009146217, 1), (0.7014742014655829, 1), (0.7014925372872572, 1), (0.7014925373003448, 1), (0.7015250544356647, 1), (0.7015706806099086, 1), (0.7016393441472715, 1), (0.7016393442584591, 1), (0.7016666666549708, 1), (0.7016706443830321, 1), (0.701680672239422, 2), (0.7016828148832078, 1), (0.701688555215443, 1), (0.7016885553339178, 1), (0.7017001545486633, 1), (0.7017045454445763, 1), (0.7017937219337548, 1), (0.7018469656899472, 1), (0.7018493459566838, 1), (0.7018633540154663, 1), (0.7018739352042699, 2), (0.7018867924395836, 1), (0.7019748652870743, 1), (0.7019999999648996, 1), (0.7020408163122052, 3), (0.7020785219291423, 1), (0.702127659200994, 1), (0.7021276594250752, 1), (0.702127659524669, 2), (0.7021630615406914, 1), (0.7021943573557612, 2), (0.7022587268272902, 1), (0.7022713320624758, 1), (0.7022727272328253, 1), (0.7022900763299221, 1), (0.7023411371002594, 1), (0.7023977432013565, 1), (0.7024336283108139, 1), (0.702439024373113, 1), (0.702444506864219, 1), (0.7024608500961432, 1), (0.7025316455585052, 2), (0.7025411061075465, 1), (0.702554744522343, 1), (0.7025641025280701, 1), (0.702564102528076, 3), (0.7025733093871634, 1), (0.7025761122476433, 1), (0.7026022304571563, 1), (0.7026194143755587, 1), (0.7026378896798225, 1), (0.7026540710719622, 1), (0.7026666666572953, 1), (0.7027027025761046, 1), (0.7027027026552207, 1), (0.7027027026755693, 2), (0.7027027026789606, 1), (0.7027027026837108, 1), (0.7027371100762094, 1), (0.7027522935135083, 1), (0.7027741083130384, 1), (0.7028037383046188, 1), (0.7028092656134641, 1), (0.7028112449516918, 1), (0.7028169014059773, 1), (0.7028824833547039, 1), (0.7029220778650241, 1), (0.7029288702340633, 1), (0.7029379760354393, 1), (0.7029520294554458, 1), (0.7029765674432994, 1), (0.7030223390229761, 1), (0.7030303029450955, 2), (0.7030303030018968, 2), (0.7030567685282525, 1), (0.7030716721149951, 2), (0.7031630170230777, 1), (0.7032136105594217, 1), (0.7032136105727135, 2), (0.7032258063381867, 1), (0.7032348804302897, 2), (0.7033398820941708, 1), (0.7033441207439752, 3), (0.7033639143300685, 2), (0.7033707865089498, 1), (0.7033898304965528, 1), (0.7034152186896142, 1), (0.7034482757650448, 4), (0.7035175878218546, 2), (0.7035211267580901, 1), (0.7035775127169, 2), (0.7035803496792835, 1), (0.7035830618434108, 1), (0.7035830618434182, 1), (0.7036485480241851, 1), (0.7037037036385405, 1), (0.7037037036664692, 1), (0.7037319116509196, 1), (0.7038123165091483, 1), (0.7038461537107977, 2), (0.703862660940431, 1), (0.7038961038046894, 1), (0.7039413382089111, 1), (0.703947368409468, 1), (0.7039877300073638, 1), (0.7039999998591964, 1), (0.704010184550984, 1), (0.7040229884956327, 1), (0.7040816325812287, 3), (0.7041139240394914, 1), (0.7041742286495807, 1), (0.7042253519473641, 2), (0.7042253520506835, 1), (0.7042253520985059, 1), (0.7042577674678652, 1), (0.7042682926721892, 2), (0.7042801556146207, 1), (0.7042889390201241, 1), (0.7043189368302712, 1), (0.7043269230599907, 1), (0.7043478260563347, 1), (0.7044534412670286, 1), (0.7045075124973412, 1), (0.7045454544653915, 1), (0.7045454544653926, 1), (0.7045589105896437, 1), (0.7045871558986619, 1), (0.7046363850151884, 1), (0.7047047046341651, 1), (0.704761904719956, 1), (0.7047619047283425, 1), (0.7047619047577076, 1), (0.7047913446568044, 1), (0.7047970479574771, 1), (0.704819277087206, 2), (0.7048236141083354, 1), (0.7048458148227199, 1), (0.7048458148744651, 1), (0.7048710601517185, 1), (0.7049019607497593, 1), (0.7049180327753293, 1), (0.7049180327830332, 2), (0.7049608354723267, 1), (0.7049742709515436, 1), (0.7052341596824734, 1), (0.7052341597601827, 1), (0.7052551408449915, 1), (0.7052631578575986, 1), (0.7052896725085509, 2), (0.7053941908567339, 1), (0.705405405386338, 1), (0.7054161162390309, 1), (0.7054263565344573, 2), (0.705426356580037, 1), (0.705439330514418, 1), (0.7054973821527885, 2), (0.7055118110013969, 1), (0.7055214723709934, 1), (0.7056367431855709, 1), (0.7056753189306789, 1), (0.7056962025204776, 1), (0.7057010785606821, 1), (0.7058396807868771, 1), (0.7058823521107247, 2), (0.7058823528818581, 1), (0.7058823528892655, 1), (0.7058823528950369, 1), (0.7058823529104215, 1), (0.7058823529134948, 1), (0.7058823529223055, 1), (0.7058823529245676, 1), (0.7059859154308087, 1), (0.7060439559469739, 1), (0.7060439560245609, 1), (0.7060606059536257, 2), (0.7060653187960808, 1), (0.7060869564603407, 1), (0.7060900264160548, 1), (0.706126687420433, 2), (0.7061403508462225, 1), (0.7061503416052206, 1), (0.7062068964543169, 1), (0.7062084257167038, 1), (0.7062146891990378, 1), (0.7062314539849828, 2), (0.7062374245330713, 1), (0.7062499999558566, 1), (0.7062499999779305, 3), (0.7062528115127925, 1), (0.7062600319893677, 1), (0.7062600320800564, 4), (0.7062706270160918, 1), (0.7063197025497167, 1), (0.7063197025759739, 1), (0.706349206330522, 1), (0.706365503007563, 1), (0.706382978708371, 8), (0.7064116985217868, 1), (0.7064220182838131, 2), (0.706422018327017, 2), (0.7065527065124542, 1), (0.7065563335005367, 1), (0.706557377037596, 1), (0.7065980346246773, 1), (0.7066246056559469, 1), (0.7066381156014281, 1), (0.706659328524676, 1), (0.7066666666352582, 1), (0.7066895368539743, 2), (0.7067307691741394, 1), (0.7067669171869501, 1), (0.7068709836840995, 1), (0.7068864037461184, 2), (0.7068965516564273, 1), (0.7069271758018368, 1), (0.7069351228843603, 1), (0.7069486404620281, 1), (0.7069846677421653, 1), (0.706989247292822, 1), (0.7070707069992854, 1), (0.7071038251327462, 1), (0.7072243345469769, 1), (0.7072368420936289, 1), (0.7072599529959566, 2), (0.7072905331112852, 1), (0.7073608616959267, 1), (0.7074235807551236, 1), (0.707423580755137, 2), (0.7074340527493106, 1), (0.7074468084730113, 1), (0.7074626865565996, 1), (0.7074646939672168, 1), (0.7074663402519631, 2), (0.7075471697779482, 2), (0.7075606276646563, 1), (0.7076923076560134, 1), (0.7077409161599131, 1), (0.7077435470146648, 1), (0.7077464788607766, 1), (0.7077826724884141, 1), (0.7077922077347589, 1), (0.7078039927147814, 2), (0.7078189299828954, 1), (0.7078260868949705, 1), (0.7078294079753114, 1), (0.7078651685313723, 1), (0.7078825347540116, 1), (0.7078825347649524, 2), (0.7079646016446108, 3), (0.7079646017072591, 1), (0.7079999999716818, 1), (0.7080103359081668, 1), (0.7080394921427318, 3), (0.7080430652266727, 1), (0.7080459769789393, 1), (0.7081081080889714, 2), (0.7081151831997352, 1), (0.7081339709530534, 1), (0.7081967213076075, 2), (0.7082568806689642, 2), (0.7083333325954874, 2), (0.7083333332743056, 1), (0.7084282459329838, 1), (0.7084337347690506, 2), (0.7084639498210525, 1), (0.7084805653647661, 1), (0.7084870848185629, 1), (0.708551483395861, 1), (0.7085852478753482, 1), (0.708595387825814, 1), (0.7086614172112319, 1), (0.7086614173005146, 1), (0.7086614173042353, 3), (0.7087378640088552, 2), (0.7087628865066009, 1), (0.7087912086938507, 1), (0.708791208752255, 1), (0.7088036117061516, 1), (0.7088607594824535, 1), (0.7088607594824572, 1), (0.708860759484698, 1), (0.708904109576895, 1), (0.7089337175588202, 1), (0.7089552238276912, 1), (0.7090301002870234, 1), (0.7090301003107369, 1), (0.7090301003225936, 3), (0.7090909084463115, 1), (0.7090909089619845, 1), (0.7090909090264421, 1), (0.7091024824500878, 3), (0.7091295116471675, 1), (0.7091757387026687, 1), (0.7092274678073551, 1), (0.7092511012695091, 1), (0.7093596058414484, 3), (0.7094017093410833, 1), (0.7094017093814975, 1), (0.7094188376042637, 1), (0.7094240837232085, 2), (0.7094339622534425, 1), (0.7094668116747026, 1), (0.7094668117261712, 2), (0.7094801222807731, 1), (0.7094890510845316, 1), (0.709523809490027, 2), (0.7095621090195752, 2), (0.7095926412568356, 1), (0.7096774192632674, 1), (0.7096774193003321, 1), (0.7097457626366784, 1), (0.7097457626968277, 1), (0.7097546379328573, 1), (0.7097591887566886, 3), (0.7097625329721635, 1), (0.7098248285826483, 2), (0.7098321342840518, 1), (0.7098360655621331, 1), (0.7098765431879673, 1), (0.7098765431989221, 2), (0.709897610873044, 1), (0.7099391480658227, 1), (0.709971509967464, 1), (0.7099999999881728, 1), (0.7100371746947999, 1), (0.7100401605855421, 1), (0.7100591713875507, 1), (0.7101200685862759, 1), (0.7101449274333055, 2), (0.7101827675869377, 2), (0.7101922379140316, 2), (0.7102040816181628, 1), (0.7102212854889067, 1), (0.7102396513851731, 1), (0.7102803737653934, 1), (0.7104247103698555, 1), (0.7104353835030799, 1), (0.7104959630829225, 2), (0.7105263157583069, 1), (0.710588235277399, 1), (0.7106382977211411, 1), (0.710674157293394, 1), (0.7106963387860212, 1), (0.7107001320910099, 1), (0.7107061502607406, 1), (0.7107107106395701, 1), (0.7107195300506041, 3), (0.7107309486228074, 1), (0.7107750472455416, 1), (0.7108603666134173, 1), (0.7108695652019387, 1), (0.7108753314707087, 2), (0.7108843537173205, 1), (0.7109090908444622, 1), (0.7109144542667984, 1), (0.7109266943095197, 2), (0.7109374999444591, 1), (0.7109634551022564, 3), (0.7109737248730935, 3), (0.7109974424491826, 1), (0.7111111109530839, 1), (0.7111111110057545, 1), (0.7111111110320962, 2), (0.7111111110479013, 2), (0.711111111052582, 1), (0.7111111110584379, 1), (0.7111111110795062, 1), (0.7111111111005761, 1), (0.711111111101232, 1), (0.7111307420431876, 1), (0.7111597373401367, 3), (0.7112860892201776, 2), (0.711297071070185, 1), (0.7113030957497781, 1), (0.7113402061122315, 4), (0.7113733905541252, 1), (0.7114337567799821, 1), (0.7114754098244036, 3), (0.7115384614407235, 4), (0.7115384615110947, 2), (0.711571675277667, 1), (0.7115839243414692, 1), (0.7116104868647325, 2), (0.7116759332238524, 3), (0.7116759332238569, 1), (0.7116883115958854, 1), (0.7118193890156963, 1), (0.7118429385642036, 1), (0.7118644067645798, 2), (0.7119266054392716, 1), (0.71194379374427, 1), (0.711956521729457, 1), (0.7120253164444295, 2), (0.7120418847919017, 1), (0.7120689654558556, 1), (0.7120954003164481, 1), (0.7121464226052572, 1), (0.7121661720645589, 1), (0.7121661720856916, 2), (0.7121879588317032, 6), (0.71219512193385, 1), (0.7122302158187985, 1), (0.7122507122466539, 1), (0.7122641509097969, 1), (0.7122736418367718, 2), (0.7122861586092636, 1), (0.7122940430022433, 1), (0.712328767048225, 1), (0.7123635440449054, 1), (0.7123745819278857, 3), (0.7124304267029239, 2), (0.7124773959959343, 2), (0.7124999999554673, 1), (0.7125382262779018, 1), (0.7125435540007572, 1), (0.7125506072297572, 1), (0.7125506072585962, 1), (0.7126436780926586, 1), (0.7126436781281543, 2), (0.7126436781492181, 1), (0.71264367815068, 1), (0.7126611068937626, 2), (0.712662337604489, 1), (0.7126760563355174, 1), (0.7126805777347197, 1), (0.7127659573709889, 1), (0.7127659574088998, 1), (0.7128129602146464, 3), (0.7128157155553967, 1), (0.7128712870934215, 1), (0.712871287126902, 1), (0.7129032257949576, 3), (0.7129032258006994, 2), (0.7129277566404384, 1), (0.7129840545884972, 2), (0.7129909365487132, 1), (0.713028168951319, 1), (0.7130952380527925, 1), (0.7130952380909946, 1), (0.713109563010049, 1), (0.7131147540691344, 1), (0.7131147540866702, 2), (0.7131474103112125, 1), (0.713178294564426, 1), (0.7132530118763186, 5), (0.7132667617587275, 1), (0.7132701421758664, 1), (0.7132867132700875, 1), (0.7133058983932357, 1), (0.713310580192606, 1), (0.7133333332857809, 1), (0.7133421400169964, 1), (0.7133453022057042, 3), (0.7133757961480497, 2), (0.7133917396567354, 2), (0.7134328358102432, 1), (0.7134629229635945, 1), (0.7134955752133464, 1), (0.7134986225698773, 1), (0.713513513320665, 2), (0.7135506003185735, 1), (0.7135593219734279, 1), (0.7136105859944811, 1), (0.7136150233625035, 1), (0.7136363636039277, 1), (0.7136520453073618, 1), (0.7136563875080084, 1), (0.7136563876127981, 1), (0.713681241084107, 5), (0.7137931034359707, 1), (0.7138461538315146, 1), (0.713983050832332, 2), (0.7139959431976284, 2), (0.7140221401555319, 1), (0.7140649149812346, 3), (0.7140740740529137, 1), (0.714093959721956, 2), (0.7141041930477633, 1), (0.7141104293602375, 2), (0.7141133895399165, 2), (0.7142857140306129, 2), (0.7142857141156482, 1), (0.7142857141356628, 2), (0.7142857141836735, 1), (0.7142857141876003, 1), (0.7142857142128313, 1), (0.7142857142256916, 2), (0.714285714227737, 2), (0.714285714230854, 1), (0.7142857142538273, 1), (0.714285714255702, 2), (0.7142857142614194, 1), (0.714285714282243, 1), (0.7143761874558917, 2), (0.7144032921222716, 1), (0.7144032921222746, 1), (0.7144032921516709, 1), (0.7144432193258601, 1), (0.7144827585221413, 1), (0.7145299145258437, 2), (0.7145421902966551, 2), (0.7145790553681203, 2), (0.714628297327843, 1), (0.7147335423085456, 1), (0.7147540983372197, 2), (0.714754098348937, 1), (0.714754098356751, 1), (0.7147688838621254, 1), (0.7148014439917223, 1), (0.7148014440261198, 1), (0.7148288972478006, 2), (0.714828897284043, 1), (0.7148288973248127, 1), (0.714893616869168, 1), (0.7148936170060642, 1), (0.7149122806703962, 1), (0.7149161517462576, 1), (0.7149917627441528, 1), (0.7149999999106249, 1), (0.7149999999642477, 1), (0.7150259067110545, 1), (0.715056400161108, 1), (0.7150635208451911, 1), (0.7150997150895254, 1), (0.7151162790281996, 3), (0.7151515151370695, 1), (0.7151515151460981, 3), (0.7151979565589992, 2), (0.7152317880605237, 1), (0.7152373022183498, 1), (0.7152428810600479, 1), (0.7152941176302305, 2), (0.7153075821580395, 3), (0.7153652392586753, 4), (0.7153846152470408, 2), (0.7153846153570971, 1), (0.7153846153571015, 1), (0.7153965785158514, 1), (0.7155025553053258, 1), (0.7155172413484704, 1), (0.7155266014812426, 1), (0.7155346334421283, 2), (0.715596330209579, 2), (0.7155963302314637, 2), (0.7155963302533476, 1), (0.715617715601036, 3), (0.7156308849876419, 1), (0.7156398103926186, 1), (0.7156398104223011, 1), (0.7156428119017372, 1), (0.7156626505851659, 1), (0.7156695156654374, 1), (0.7157190635331856, 1), (0.7157326130509324, 1), (0.7157390783876032, 2), (0.7157584683252509, 1), (0.7157686604018023, 1), (0.7157748435916773, 1), (0.7157894734958451, 1), (0.7157894736088595, 2), (0.7157894736626818, 1), (0.7158469945316074, 1), (0.7158908506993285, 1), (0.7159090908277391, 1), (0.7159090908277402, 1), (0.7159090908684128, 1), (0.7159533073372821, 1), (0.7159763313185836, 1), (0.7159841479429828, 2), (0.7160867372631557, 1), (0.7161016949000818, 1), (0.7161572052089026, 1), (0.7161803712577988, 2), (0.7161845191499895, 3), (0.7161904761222658, 1), (0.7161971830960685, 1), (0.7162592986032693, 1), (0.7162891045613535, 1), (0.7163636362333881, 2), (0.7163695299779874, 1), (0.7164179103914834, 1), (0.7164179104263757, 1), (0.7164776517582859, 1), (0.7165354330426585, 1), (0.7165354330520589, 1), (0.7165932451749922, 3), (0.7166156982634199, 1), (0.7166276344925833, 1), (0.716636197309576, 1), (0.7166666666069463, 1), (0.7166666666268569, 2), (0.7167630057527242, 1), (0.716814159276178, 2), (0.7168141592841073, 2), (0.7168141592856919, 1), (0.7169294036520305, 1), (0.716931216912249, 1), (0.7169517884356972, 1), (0.7169811319401966, 1), (0.7169811320508752, 1), (0.7169811320646493, 1), (0.7170212765906588, 1), (0.7170329669344733, 1), (0.7170490328352794, 2), (0.7171561050893828, 1), (0.717206132817956, 1), (0.7172413792608784, 1), (0.7172774868640561, 4), (0.7172774868922176, 1), (0.7172995780388955, 1), (0.7173637514933651, 1), (0.7173913043166351, 2), (0.7173913043218314, 1), (0.7173913043283341, 1), (0.7174348695957077, 1), (0.7174348696675872, 1), (0.7174721189324433, 2), (0.7174887892162176, 1), (0.717543859636534, 1), (0.7175572518718762, 2), (0.7175843694408797, 1), (0.7176079733742418, 5), (0.717622080648932, 1), (0.7177033489388968, 1), (0.7177033492136177, 1), (0.7177914110209265, 1), (0.7178329570782014, 3), (0.7179104477076201, 1), (0.7179487178259967, 2), (0.7179487178750822, 1), (0.7179487179119001, 3), (0.7179487179303091, 3), (0.7179487179446271, 1), (0.7180010198804908, 1), (0.7180043383169199, 1), (0.7180327868813203, 1), (0.7180616739560872, 1), (0.7180722889836004, 1), (0.718132854569502, 3), (0.7181818180730047, 1), (0.7181818181165268, 1), (0.7181818181491715, 1), (0.7182506307761227, 1), (0.718300205571058, 1), (0.7183098589863119, 1), (0.7183195592039145, 1), (0.7183544303683814, 3), (0.7183673468801296, 1), (0.7183673469241113, 1), (0.7183846971154433, 3), (0.7184170471622977, 1), (0.7184466018719925, 1), (0.7185405807866017, 1), (0.7185628741654396, 2), (0.7186067827549293, 1), (0.7186261558689753, 1), (0.7186440677478824, 1), (0.7186544342287864, 1), (0.7186932849103917, 3), (0.718696397880043, 2), (0.7187499999438461, 1), (0.7187499999679147, 2), (0.7187499999750447, 1), (0.7187499999775392, 1), (0.7187910643842397, 1), (0.7187969923731128, 1), (0.7188019966482908, 1), (0.718816067622882, 1), (0.7188484030556946, 2), (0.7190140845045131, 1), (0.7190476190133743, 2), (0.7191011234608392, 2), (0.7191256830561816, 2), (0.7191358024580441, 1), (0.7191460973886712, 1), (0.7191601049680012, 1), (0.7191919191628591, 1), (0.7192982455824856, 2), (0.7193195625671996, 1), (0.7193211488156732, 1), (0.7193297426604501, 1), (0.7193973633974187, 1), (0.7194004995537288, 1), (0.7194244603281416, 2), (0.7194630871517477, 2), (0.7194805193870815, 2), (0.7195467421892515, 1), (0.7196401798021559, 1), (0.7196652719063067, 2), (0.7196787148016313, 1), (0.7197231833827028, 1), (0.7197452229184754, 1), (0.7197480881659033, 1), (0.71978021968135, 1), (0.7198007471890483, 1), (0.7198177675717738, 3), (0.7198641765582371, 1), (0.71986970680131, 1), (0.7198986057389224, 1), (0.7199211045009901, 1), (0.7199424046050406, 1), (0.7199999999280046, 1), (0.7199999999616, 1), (0.7199999999639932, 1), (0.7201086956423884, 1), (0.7201125175606141, 1), (0.7201166180723012, 1), (0.7201492535969916, 1), (0.7202216065484442, 1), (0.7202279202238169, 2), (0.7202380951952247, 1), (0.7202472951975238, 1), (0.7202680066881035, 1), (0.7202797202629304, 1), (0.7203065133409652, 1), (0.720338982989801, 1), (0.7203482045440577, 1), (0.7203579416733042, 1), (0.7203791468814996, 1), (0.720379146885286, 1), (0.7204030226337376, 2), (0.7204116637461035, 1), (0.7204116637955339, 1), (0.7204237786721485, 1), (0.7204301074494202, 1), (0.7204301075075144, 1), (0.7204502812907159, 1), (0.7204783258379492, 2), (0.7204803202038623, 5), (0.7204819276934846, 1), (0.7205128204943465, 2), (0.7205169628316531, 1), (0.7205240174357856, 1), (0.7205542724840356, 1), (0.7205601527230698, 1), (0.7206165703136688, 1), (0.7206896551599913, 1), (0.7207093096851106, 1), (0.720711814133859, 1), (0.7207207203960695, 1), (0.7207547169675296, 1), (0.7207792207207152, 1), (0.7207792207324157, 1), (0.7207938655776217, 1), (0.7208374875014527, 2), (0.7208835341220732, 2), (0.720977596711978, 1), (0.7210031347736368, 1), (0.7210300428153027, 1), (0.7210526313891921, 2), (0.7210526315409996, 1), (0.7210584343196184, 1), (0.7211440244411506, 1), (0.7211538461365103, 2), (0.7212020033148139, 2), (0.7212041884344763, 1), (0.7212543552750392, 1), (0.7212543553944095, 1), (0.7212622088546772, 1), (0.721276595667946, 1), (0.72131147524091, 5), (0.7213114753802757, 1), (0.7213114753980113, 2), (0.7213114754058945, 1), (0.7213510253143235, 1), (0.7214076244218777, 1), (0.721419185277784, 2), (0.7214428856992517, 2), (0.7214611871926505, 1), (0.7215007214798972, 1), (0.7215029195208923, 1), (0.7215189873303538, 3), (0.7215384614829582, 1), (0.7215411558037195, 1), (0.7215686274226871, 1), (0.7215815485758976, 1), (0.7216174183290341, 1), (0.7216494844430875, 1), (0.7216494844616864, 1), (0.7217004448802694, 1), (0.7217314487568752, 1), (0.7217582417423785, 1), (0.7217847768839434, 2), (0.7218145430190566, 1), (0.7218181817525617, 1), (0.7218390804265842, 2), (0.7218430034006516, 1), (0.7218543045879567, 1), (0.7218683651498141, 2), (0.7218683651651423, 1), (0.7219101123494122, 1), (0.7219251336705372, 2), (0.7219343694780791, 1), (0.7219343695778256, 1), (0.7220216605976927, 1), (0.7220216606411317, 1), (0.7220630372285871, 1), (0.7221269296121642, 1), (0.7222222221553486, 1), (0.722222222155362, 1), (0.7222222222174491, 1), (0.7223113963527569, 1), (0.7223208998980237, 1), (0.7223230489756007, 3), (0.7223300969471249, 1), (0.7223476297642288, 3), (0.7223974763179073, 1), (0.7224025973439585, 1), (0.72240802674377, 1), (0.7224137930411711, 1), (0.7224334599844823, 2), (0.7224334600623125, 2), (0.7224435590489742, 1), (0.722447143496525, 1), (0.7224576271033385, 1), (0.722495894885961, 1), (0.7225042301062188, 1), (0.7225244830552191, 1), (0.7225274725076222, 1), (0.722535211265064, 1), (0.7225806450680571, 2), (0.7226277371735298, 1), (0.722627737208698, 1), (0.722627737217487, 1), (0.7226386805513288, 1), (0.7226890755695252, 1), (0.7226890756100176, 1), (0.7227414330067953, 1), (0.7227648384564598, 1), (0.7227866472100439, 2), (0.722792607788032, 1), (0.7228221742234614, 1), (0.7228260869466969, 1), (0.7228661748447929, 1), (0.7228915660908685, 3), (0.7228915661779639, 1), (0.7228915662505451, 4), (0.7229204069332998, 1), (0.7229357796838642, 1), (0.7229508196602781, 1), (0.7229551450996611, 1), (0.7229551451091927, 2), (0.7230188679136161, 1), (0.7230769230398434, 4), (0.7230769230491106, 1), (0.7230769230583839, 1), (0.7230941703630538, 1), (0.723172628248587, 1), (0.7231869253602454, 1), (0.7232037690549862, 1), (0.7232323232031008, 1), (0.7232472324189446, 1), (0.7232472324589817, 2), (0.7232924692886784, 1), (0.7233115468094431, 2), (0.7233468286067315, 1), (0.7234042549343533, 1), (0.7234042551652339, 2), (0.7234042552421835, 1), (0.723404255242188, 2), (0.7234042553010427, 2), (0.7234042553037574, 3), (0.7234042553088879, 2), (0.7235023041141215, 1), (0.7235338917956183, 1), (0.7235387045432577, 1), (0.7235421166280658, 1), (0.7235621521067311, 1), (0.7235772357576484, 1), (0.7235915492830344, 1), (0.7236842104945749, 1), (0.7237569060373555, 1), (0.7237834132471679, 1), (0.7237880495890944, 1), (0.7238095235797396, 1), (0.7238095236371815, 1), (0.7238219894814304, 5), (0.7238372092918077, 1), (0.7238421955154785, 2), (0.723880596960909, 1), (0.7239101717209543, 2), (0.723926380279286, 1), (0.7239263803458861, 1), (0.7239353890804712, 4), (0.7239467849183834, 1), (0.7239999999276009, 1), (0.7240259739672066, 1), (0.72403560820118, 1), (0.7240773286213015, 1), (0.7241003271379701, 1), (0.7241172950242479, 1), (0.7241379309384413, 1), (0.7241379310032732, 1), (0.7241379310117837, 1), (0.7241379310231277, 1), (0.7242206234838285, 2), (0.7242268040303819, 1), (0.7242339832828734, 1), (0.724252491646227, 4), (0.7242524916823296, 1), (0.7243532560149467, 1), (0.7243902438847721, 1), (0.7244094487048184, 4), (0.7244094487903818, 1), (0.7244444442834548, 1), (0.7244444444122449, 1), (0.7244582043231546, 1), (0.7244897958444338, 1), (0.7244897958937239, 1), (0.7244897959035819, 1), (0.7245283018758562, 3), (0.7245762711710898, 1), (0.7245901639225485, 2), (0.7245949926148877, 2), (0.7246376810543967, 1), (0.7246376811069127, 4), (0.724647887321396, 1), (0.7246835442923334, 1), (0.7247007616712122, 3), (0.724707779118402, 1), (0.7247915087132302, 2), (0.7248157248068207, 2), (0.7248322147488866, 1), (0.7248322147553713, 1), (0.7248908296626617, 2), (0.724899598379017, 3), (0.7249070631700785, 1), (0.7249190937729304, 2), (0.7249820014372745, 1), (0.724999999954696, 1), (0.7249999999568485, 1), (0.7250509164674092, 1), (0.7250755286790003, 2), (0.7251184834080237, 1), (0.7251264755358318, 1), (0.7251461987456062, 1), (0.7252336448327049, 1), (0.7252747251750996, 2), (0.7253012048018033, 1), (0.7253086419529231, 1), (0.725308641964116, 1), (0.7253521126122049, 1), (0.7253521126249697, 1), (0.7254038178615704, 2), (0.7254098360358464, 1), (0.7254150702333888, 2), (0.7254901960310146, 1), (0.7254901960428685, 1), (0.725552050450297, 1), (0.7256637161719759, 1), (0.7256637166857302, 2), (0.7256894048293628, 2), (0.7257019438418789, 1), (0.7258444618440011, 2), (0.725868725840699, 1), (0.7258732978007584, 1), (0.7258953167794122, 1), (0.7259259259124795, 1), (0.7259528130408015, 3), (0.7259786476351673, 1), (0.7260034903760547, 2), (0.7260377358380962, 1), (0.7260458839373533, 1), (0.7261044176123634, 1), (0.7261410788231085, 1), (0.7261904757582455, 1), (0.7262021589651385, 1), (0.7262295081848152, 1), (0.7262507026011102, 1), (0.7262773721302441, 2), (0.7262872628627843, 1), (0.7263803680090345, 1), (0.7264276227937296, 1), (0.7264397905283771, 2), (0.7264957264750282, 2), (0.7265624999432331, 1), (0.7266435985907713, 1), (0.7266514805550505, 3), (0.7266553480352032, 1), (0.726666666654554, 1), (0.7266949152388404, 2), (0.7267015706045349, 2), (0.7267080745115948, 1), (0.7267996530158886, 2), (0.7268170425154388, 1), (0.7268170425609751, 1), (0.7268722466426654, 3), (0.7269230768951175, 1), (0.7269303200822123, 1), (0.7269455690475619, 1), (0.7270233195161828, 1), (0.7270788912502427, 1), (0.7271186440061743, 1), (0.7271514342798241, 2), (0.7272727264463104, 2), (0.7272727269247535, 1), (0.7272727271404958, 3), (0.7272727271625352, 1), (0.7272727271769047, 1), (0.727272727184573, 1), (0.7272727272066115, 1), (0.7272727272103509, 2), (0.7272727272176333, 1), (0.7272727272396694, 3), (0.7272727272499308, 1), (0.7272727272637934, 2), (0.7272727272672177, 2), (0.7274275978937467, 1), (0.7274549097467458, 1), (0.7274853800318686, 1), (0.727503168475604, 1), (0.7275471698003395, 1), (0.7275494672533493, 1), (0.7275922670074491, 1), (0.727602466422648, 1), (0.7276322293587365, 1), (0.7276422764079732, 1), (0.7276595744525992, 2), (0.7276688452841997, 2), (0.7276736493133765, 3), (0.7276923076736489, 1), (0.7277108431981366, 1), (0.7277108433150441, 1), (0.7277108433559599, 2), (0.7277486910518505, 2), (0.7278241091680979, 2), (0.7278287461328452, 1), (0.7278287461328591, 1), (0.7278382581082554, 1), (0.7278481011506568, 1), (0.7278481012543058, 1), (0.7278688524470857, 1), (0.7279151942605518, 2), (0.7279279279148057, 1), (0.7279693485892719, 3), (0.7279693486311116, 1), (0.7280219779219764, 2), (0.728021978001978, 1), (0.7280334727424285, 1), (0.7280966767151601, 1), (0.7281021897145913, 1), (0.7281105990447858, 2), (0.7281249998862248, 1), (0.7281323876207837, 1), (0.7281713344076425, 1), (0.7282051281677867, 1), (0.7282415630119433, 1), (0.7283800243427953, 1), (0.7283813747187982, 1), (0.7284210526009066, 1), (0.7284482758306746, 2), (0.7284768210955649, 1), (0.7284768211438111, 1), (0.7285067873138299, 1), (0.7285714284673501, 1), (0.7285714285506123, 1), (0.7286652077977429, 2), (0.7286821705049721, 4), (0.7287234042165592, 1), (0.728731942191696, 1), (0.7287671232211144, 1), (0.7288428324446006, 2), (0.7289048473880457, 1), (0.7289156626359653, 1), (0.7289293848828071, 2), (0.7289719624805798, 2), (0.7289719625486869, 1), (0.7289972899531405, 1), (0.7290260366301045, 2), (0.7290566037625795, 1), (0.7290640393370375, 3), (0.7290836652902327, 1), (0.7290886391827963, 1), (0.7290909090246265, 4), (0.729096989954362, 1), (0.729124236222845, 1), (0.7291941875729272, 3), (0.7292181069358659, 2), (0.7292307691746716, 1), (0.7293064875325918, 2), (0.7293064876794312, 2), (0.7293354943037487, 1), (0.7293404093955301, 2), (0.7293447293343367, 1), (0.7293666026591427, 1), (0.7294303797352919, 1), (0.7294317217919466, 1), (0.729520865521954, 2), (0.7295825771060022, 1), (0.7296268087791592, 1), (0.7296446243781836, 1), (0.7296466973325918, 1), (0.729658792631767, 3), (0.729674796733138, 1), (0.7297297297015546, 4), (0.7297633872794552, 1), (0.7298091042048594, 3), (0.7298206277617801, 1), (0.7298245613778993, 1), (0.7298474945374747, 1), (0.7298507462577647, 1), (0.7298701297753405, 1), (0.7298787209779637, 1), (0.7299270072459914, 1), (0.7299270072815119, 1), (0.7299382715936735, 1), (0.7299465240446592, 1), (0.7299651567880618, 1), (0.7299703263878311, 1), (0.7299999999269955, 1), (0.7300215982695117, 1), (0.7300884955590682, 1), (0.7301017354789937, 2), (0.7301587301201019, 1), (0.7302067574345429, 1), (0.7302452315678319, 1), (0.7302709068633346, 4), (0.7302752292238004, 1), (0.7302977232285239, 1), (0.7303030302974984, 2), (0.7303370786243307, 2), (0.730354391348827, 1), (0.7303609341515738, 1), (0.7303664920988047, 1), (0.7304075234995225, 2), (0.7304347825451776, 2), (0.7304843304801671, 1), (0.7304964538955284, 2), (0.730512249280502, 1), (0.7305389220681997, 1), (0.7305524238843185, 1), (0.730566037724823, 1), (0.7305936072836954, 1), (0.7306122448830525, 1), (0.7306273062056613, 1), (0.7306791567375367, 1), (0.7307692303007924, 1), (0.7307692307411242, 3), (0.7307692307491527, 1), (0.7308160779359127, 1), (0.7308192457642253, 1), (0.7308558558476269, 1), (0.7308868501305558, 1), (0.7308970099182123, 3), (0.7309236947204102, 1), (0.7309322033743448, 2), (0.7309486780147026, 1), (0.7309523809480312, 1), (0.7310344826577899, 3), (0.7310924368212043, 1), (0.7311178247513267, 1), (0.7311320754372131, 1), (0.7311475409796122, 2), (0.7311827953058176, 1), (0.7311827956203094, 1), (0.7312072892105703, 3), (0.7312373225077965, 1), (0.7312499999542997, 1), (0.7312499999771478, 1), (0.7312614258929379, 1), (0.7312986235699418, 1), (0.7314148680967448, 1), (0.7314662273235111, 1), (0.7316103379430752, 1), (0.731675392622278, 1), (0.7317073169244562, 1), (0.7317073169456925, 2), (0.7317073170553243, 1), (0.7317073170582981, 1), (0.7317397077867376, 1), (0.7317939609149571, 1), (0.7318181817849132, 1), (0.7318255250285646, 1), (0.7318361954989197, 1), (0.7318611986919965, 1), (0.7318840579179835, 2), (0.7319148935547423, 1), (0.7319391634841834, 1), (0.7319587627922725, 1), (0.7319587628111415, 3), (0.732075471687063, 2), (0.7320837926425476, 2), (0.7321100916759519, 1), (0.7321428570834281, 1), (0.7321772639409585, 1), (0.7322834645477092, 1), (0.7323420072988195, 1), (0.7323481116464285, 1), (0.732394366025253, 1), (0.7323943661857234, 1), (0.7324324324126346, 1), (0.732436472335837, 1), (0.7324675323724108, 2), (0.732503887967924, 2), (0.7325301203054183, 1), (0.732530120423091, 1), (0.7325383304690782, 1), (0.7325581395242379, 1), (0.7325684024066579, 1), (0.7325728769667159, 3), (0.7325949366972678, 1), (0.7326266194661174, 2), (0.7326507393933256, 1), (0.7326530612095395, 3), (0.7326732672904599, 1), (0.7327586206264867, 1), (0.7327586206580711, 3), (0.732758620679128, 1), (0.7327586206817576, 1), (0.7327971402972934, 2), (0.7328519855331169, 2), (0.7328605200772382, 1), (0.7330508473799693, 2), (0.7331378296970278, 1), (0.7331975559782808, 1), (0.7333333332222218, 2), (0.7333333332654328, 1), (0.7333333332722184, 1), (0.7333333332957241, 1), (0.7333333333145305, 1), (0.7333333333289672, 1), (0.7334137514901483, 1), (0.7334273623789263, 3), (0.7334315169150679, 1), (0.7334315169258716, 1), (0.733485193588446, 1), (0.7335423197377196, 1), (0.7335766422019034, 1), (0.7336122732589104, 1), (0.7336244541164406, 1), (0.7336377473140413, 1), (0.7336448597559477, 1), (0.733714285630428, 1), (0.733739837383458, 1), (0.7337461300196039, 1), (0.733793103347062, 2), (0.7338501291610471, 1), (0.7338709677222068, 1), (0.7339130434144422, 1), (0.7339158061371002, 1), (0.7339268051397916, 1), (0.7339449540611056, 2), (0.7340067337595867, 1), (0.7340206185415648, 1), (0.7340425531133946, 1), (0.7340425531134112, 3), (0.7341176470415514, 1), (0.7341337907123794, 1), (0.7341430499292205, 1), (0.7341563785404026, 1), (0.734177215158894, 1), (0.7341772151782576, 2), (0.7342047930123231, 1), (0.7342143904942414, 1), (0.7342143905481485, 3), (0.7342419079442722, 1), (0.7342888643071348, 1), (0.7342931936692247, 1), (0.7343283581979957, 2), (0.7343644922169194, 1), (0.7343749999426246, 1), (0.7344262294961562, 1), (0.7344632768154088, 1), (0.7344782034249061, 1), (0.7345360823795668, 2), (0.7345454544119046, 1), (0.7345794392386051, 1), (0.7345971563632885, 1), (0.734632683548029, 1), (0.7346938774760597, 1), (0.7346938775260283, 1), (0.7346938775360267, 1), (0.7347447073291475, 1), (0.7347498285994034, 1), (0.7348066297936536, 1), (0.7348586809239726, 1), (0.7348643005956164, 2), (0.7348717948529513, 1), (0.7348892878427915, 1), (0.7348927875100426, 1), (0.7349081364636514, 1), (0.7349177329552221, 1), (0.7349397590184352, 1), (0.7349397590213856, 2), (0.7349665922639282, 1), (0.734999999963241, 1), (0.7350427349170955, 1), (0.735042735021792, 2), (0.7350427350385468, 1), (0.7350427350394271, 1), (0.7350746268382449, 2), (0.7351077312122805, 1), (0.735135135115268, 1), (0.7351567711758813, 1), (0.7351916376242564, 1), (0.7352138307418534, 1), (0.7352245862797241, 1), (0.7352445193515865, 1), (0.7352941175929918, 2), (0.7353535353040141, 1), (0.7353760445641484, 1), (0.735384615271475, 1), (0.7353878852128493, 1), (0.7354085602826683, 1), (0.7354497354302788, 1), (0.7354596621509469, 1), (0.7354709418100692, 1), (0.7354838708728466, 1), (0.7354838709618091, 2), (0.7355072463501605, 1), (0.7355242566395056, 1), (0.7356076758983414, 1), (0.7356143078743711, 1), (0.735658042728107, 1), (0.7357001972023841, 1), (0.7357032456359024, 1), (0.7357032457382432, 1), (0.7357293868610665, 1), (0.7357594936592439, 1), (0.7357630978660837, 2), (0.7358490565690617, 1), (0.7358657243751241, 1), (0.7358722358631969, 2), (0.735883424394611, 1), (0.7358916478223061, 1), (0.7359154929551552, 1), (0.7359454854569024, 1), (0.7359667359361377, 1), (0.7359999999263956, 1), (0.7360406091246015, 1), (0.7360482654045211, 1), (0.7360946744691041, 1), (0.7361111110770353, 2), (0.7361702126876367, 1), (0.7362204724119623, 1), (0.7362204724264548, 2), (0.7362637362232729, 1), (0.7362637362435085, 1), (0.7363770250151291, 2), (0.7363834422337081, 1), (0.7364016735785407, 1), (0.7364130434682514, 1), (0.7364620938539576, 1), (0.7364864864367218, 2), (0.7365269460636787, 2), (0.7365470851605065, 1), (0.7365517240363343, 2), (0.7365853658356942, 9), (0.7366071428242593, 2), (0.7366482504468396, 3), (0.7366771159759121, 3), (0.7367896310699492, 3), (0.7368421049106104, 1), (0.7368421050692481, 5), (0.7368421051926518, 3), (0.736842105203495, 1), (0.736842105239658, 1), (0.7368421052437674, 1), (0.7368421052506483, 3), (0.7369230768663892, 1), (0.7369477911498621, 2), (0.7370441458686041, 1), (0.7370517927797438, 1), (0.737054472041895, 1), (0.7370786516771104, 1), (0.7370892017049046, 1), (0.737100737091682, 2), (0.7371202113508987, 1), (0.737127371263724, 1), (0.7371512480562157, 1), (0.7371695178619839, 1), (0.7371794871558586, 1), (0.7372262773049991, 1), (0.737240075600429, 1), (0.7372421280815826, 1), (0.7372505543196379, 1), (0.7372708757337166, 1), (0.7372793353948639, 2), (0.7372830640246877, 1), (0.7372881355775982, 1), (0.73734177214023, 2), (0.7373493974126865, 1), (0.7373493975311378, 1), (0.7373737373364991, 1), (0.7374392220361629, 1), (0.7374749498259043, 1), (0.7374793615444437, 1), (0.737490377201887, 1), (0.7374999999539034, 1), (0.737513283725028, 1), (0.7375328083795937, 1), (0.7375415281901899, 4), (0.7375643224446811, 1), (0.7375886524547364, 1), (0.7375886524718072, 5), (0.7375886524770384, 1), (0.737605804102326, 1), (0.7376237623397209, 1), (0.7376425854578377, 2), (0.7376425854952411, 1), (0.7376490629695374, 1), (0.7377049180287557, 2), (0.7377326563895573, 2), (0.7377938516912229, 1), (0.737864077598267, 2), (0.7378917378707143, 1), (0.7378964940337417, 1), (0.7378964941322864, 2), (0.7379310344318699, 1), (0.737967914399035, 1), (0.738007380046569, 1), (0.7380073800601845, 1), (0.7380410021938469, 3), (0.7380952376559106, 1), (0.7380952380701349, 1), (0.7381443298816915, 1), (0.7381516587633956, 1), (0.7381703469565841, 1), (0.7382779198573032, 1), (0.738329238320167, 2), (0.7383592017697417, 1), (0.738379813978967, 2), (0.7383798140574128, 1), (0.738461538404731, 1), (0.7384615384160946, 1), (0.7384615384236675, 1), (0.7384615384236733, 1), (0.7384615384463906, 1), (0.73855120729648, 1), (0.738552437201224, 1), (0.7385811467408226, 2), (0.7386091126744149, 2), (0.738609112700974, 1), (0.738660907124771, 2), (0.7386888272973829, 1), (0.7386990076363059, 1), (0.7387096774133968, 1), (0.7387247277808138, 1), (0.7387755101890009, 1), (0.7387836490160123, 1), (0.7387862796638848, 2), (0.7387944358463914, 2), (0.7387978142036121, 1), (0.7388137356766123, 1), (0.738888888847837, 2), (0.7389162560848375, 1), (0.7389240506212198, 1), (0.7389380530891723, 1), (0.7389558232338186, 1), (0.7389743589554123, 1), (0.739002932334607, 1), (0.7390109889094797, 1), (0.7390300230605537, 2), (0.7390946501449269, 1), (0.7391154111943008, 1), (0.739130434675488, 2), (0.7391304347290543, 6), (0.7391304347504726, 1), (0.7391613361657555, 1), (0.739229024909783, 1), (0.7392550143054647, 1), (0.7392550143054688, 1), (0.7392739273439464, 1), (0.7392996108374073, 1), (0.7393103447256142, 2), (0.7393145937591868, 1), (0.7393939393043186, 4), (0.7393939393640631, 1), (0.7395287957631256, 1), (0.7395577394668812, 1), (0.7395715896112874, 1), (0.7395833333285171, 1), (0.7396449701953723, 1), (0.7396768402021612, 1), (0.7396937572744793, 1), (0.739726027329703, 1), (0.7397260273747401, 1), (0.7397769516453655, 1), (0.7398523985103355, 1), (0.7398568018916486, 1), (0.7398907103784687, 2), (0.7399999999430773, 1), (0.7400318979030301, 1), (0.7400611620342404, 1), (0.7401129943084611, 1), (0.7401574802858194, 1), (0.740177439703395, 1), (0.7402298850489587, 1), (0.7402799377685753, 1), (0.7402933563289003, 1), (0.740298507451636, 1), (0.7403189065216037, 1), (0.740350877167006, 1), (0.7404426559207139, 1), (0.7405063291022096, 1), (0.7405405403403935, 2), (0.7405405405205284, 2), (0.7405660377009212, 1), (0.7406049495739585, 1), (0.7406311636715646, 1), (0.7406483789600177, 1), (0.7407407404913295, 2), (0.7407407406721568, 2), (0.7407407407084649, 1), (0.740740740710259, 1), (0.740740740717879, 1), (0.7407407407187929, 1), (0.7407407407196366, 2), (0.7407407407211454, 1), (0.7407407407246012, 2), (0.7407407407270233, 2), (0.7407922167657542, 1), (0.7408207343385874, 1), (0.740837696286599, 1), (0.7408656548206366, 1), (0.7409090908754111, 1), (0.7409638553993649, 2), (0.7409638554068105, 1), (0.7409836065330833, 2), (0.7409836065452305, 1), (0.7409948540753019, 2), (0.7409948541896888, 1), (0.741016109027486, 1), (0.7410358564752918, 5), (0.7410586551157258, 1), (0.7411320754605099, 2), (0.7411764705591731, 1), (0.7412670218976745, 1), (0.7413127412841172, 3), (0.7413441954891524, 1), (0.7413509060711246, 1), (0.7413793102738099, 1), (0.7413793103128739, 3), (0.7414050821014398, 1), (0.7414050822011792, 1), (0.7414104882191178, 1), (0.7414248021010347, 1), (0.7414829658575632, 1), (0.7415254236502623, 2), (0.7415730336321168, 2), (0.7415730336995329, 1), (0.7416666666048592, 1), (0.7416666666622488, 1), (0.7416851441200578, 1), (0.741758241717484, 1), (0.7417582417378643, 1), (0.7417943106409459, 2), (0.7418278852469415, 1), (0.741865509680923, 1), (0.7418738049429535, 1), (0.7418856259545324, 3), (0.741935483862102, 1), (0.7420147418324256, 1), (0.7420706163884855, 4), (0.7420765027281864, 2), (0.7420886075831957, 1), (0.7421052629626026, 1), (0.7421465968100723, 1), (0.7421686746809161, 1), (0.7421874999420159, 1), (0.7422096317070284, 1), (0.7422222220572784, 1), (0.7422303472134868, 1), (0.74225663715993, 2), (0.742268041221809, 3), (0.7423076922791403, 1), (0.7423230973641752, 1), (0.7423580785701998, 2), (0.7423580785702034, 1), (0.7423868312146166, 1), (0.7424042272028716, 1), (0.7424242423117537, 2), (0.742424242418618, 2), (0.7424441524261336, 1), (0.7424749163631252, 1), (0.7424749163755461, 1), (0.7424931756006853, 2), (0.7424960504356231, 1), (0.7425149699709648, 1), (0.7425968108493604, 1), (0.7426229508074973, 1), (0.7426246184392042, 1), (0.7426900582623686, 12), (0.742770167405093, 1), (0.742782152211475, 1), (0.7428571426213126, 1), (0.7428571428217644, 1), (0.7428571428359184, 2), (0.7429340510440166, 2), (0.7429467084406619, 1), (0.7429467084523069, 1), (0.7429718875352824, 1), (0.7429871114424333, 1), (0.7430199430157098, 1), (0.7430340557045512, 1), (0.7430962342785319, 1), (0.7431091509654801, 3), (0.7431421445766296, 1), (0.7431693989030428, 1), (0.7432675044216114, 1), (0.7432675044794336, 1), (0.7432950191096228, 1), (0.7433460075904287, 2), (0.7433628317268495, 1), (0.7433862433665757, 1), (0.7433903576751666, 2), (0.7433903576751675, 1), (0.7433930093713252, 1), (0.7434343433842784, 1), (0.7434554973335457, 2), (0.7434554973562484, 1), (0.7434554973724693, 2), (0.7434869738733983, 2), (0.7434895833284911, 1), (0.7435897435516108, 1), (0.743589743579148, 1), (0.743636363568761, 1), (0.743670886064182, 2), (0.7436918990506328, 1), (0.7437379575821298, 2), (0.7437499999883774, 1), (0.7437794216043149, 2), (0.7438016528669492, 1), (0.7438162544103903, 1), (0.7438202247107466, 1), (0.7438596490967083, 1), (0.7438596491097565, 1), (0.7438665358048306, 1), (0.7438752782307556, 1), (0.7438825448492017, 1), (0.7439024389336604, 1), (0.7439024390179089, 1), (0.7439999998512055, 1), (0.7439999999007979, 1), (0.7440273036696156, 1), (0.7440395861415009, 1), (0.744063324528438, 1), (0.7440944881596856, 1), (0.7442348008229713, 1), (0.7442622950697677, 1), (0.7442622950778992, 1), (0.7443181817758873, 1), (0.7443365695552, 1), (0.7443946188118218, 1), (0.7444168733875584, 1), (0.7444643925703843, 2), (0.7444963308822936, 1), (0.7445054944850391, 2), (0.7445255473093949, 1), (0.7445255473909062, 1), (0.7445255474343865, 2), (0.7445742903598422, 1), (0.744574290459277, 1), (0.7445783132350726, 1), (0.7446457989870008, 1), (0.7446808509846102, 1), (0.7446808510479855, 1), (0.7447643978570191, 3), (0.7447698744146624, 1), (0.7448015122732556, 1), (0.7448194197661931, 1), (0.7448275861041586, 1), (0.7448559670628573, 2), (0.7448979591684716, 2), (0.744920993194361, 1), (0.7449768159590444, 1), (0.7450980391832215, 2), (0.7450980392070908, 1), (0.745153132881563, 1), (0.7451543430907994, 1), (0.7451612902985403, 1), (0.7451612903105663, 1), (0.7452135493153094, 1), (0.7452135493262898, 1), (0.7452471481945168, 1), (0.7452471481945194, 1), (0.745358090086824, 1), (0.7453874538057753, 4), (0.7453874538195296, 1), (0.7453936348283863, 1), (0.7454017424903643, 1), (0.7454068241274173, 1), (0.7454361054691139, 1), (0.7454545453190123, 2), (0.7454545453577327, 1), (0.7454545453867707, 3), (0.7454545454488988, 2), (0.7455012852991336, 1), (0.7455919395090429, 2), (0.7456310678163877, 1), (0.7456978967210065, 1), (0.7457002456910855, 1), (0.7457627118272291, 1), (0.7457627118486079, 1), (0.745814307435439, 1), (0.7458193979808382, 1), (0.745825602940781, 1), (0.745830553692518, 3), (0.7458603311708213, 1), (0.745874587434122, 1), (0.7458745874341277, 2), (0.745920745903359, 2), (0.7459459459257829, 4), (0.7460510327977409, 1), (0.7460732983804998, 1), (0.746073298409792, 1), (0.7460992907748492, 1), (0.7461139895599888, 1), (0.7461406517370369, 1), (0.7461669505708238, 2), (0.746177369984945, 4), (0.7462365591237379, 1), (0.7462686566607275, 11), (0.7462686566885718, 2), (0.7462686567024963, 1), (0.7463768115401168, 5), (0.7463768115671605, 1), (0.7463863337664487, 2), (0.7463917525619264, 3), (0.7464114828964536, 1), (0.7464239271684414, 1), (0.746445497625909, 1), (0.7464788730642009, 1), (0.7464788731868589, 1), (0.7464905037036094, 2), (0.746566791491974, 1), (0.7465667915012901, 1), (0.7465753424529747, 1), (0.7466243049446709, 1), (0.7466266865447292, 1), (0.7466307276621779, 1), (0.7466666665007438, 1), (0.7466666665671141, 2), (0.7466666666268433, 1), (0.7466666666334795, 3), (0.7467018469558475, 1), (0.7467166977961148, 1), (0.7467166979221929, 1), (0.7467597208002621, 1), (0.7468879667429996, 1), (0.7469387754949587, 1), (0.7469879516272363, 1), (0.7469879517172349, 1), (0.7469879517892293, 2), (0.7470288624660935, 4), (0.7470709854757333, 1), (0.7470930232449569, 1), (0.7471264367708755, 1), (0.7471482889591785, 2), (0.7471698113094767, 1), (0.747183098588921, 1), (0.7471910112254642, 1), (0.7472035792511922, 3), (0.7472222222014655, 1), (0.7472527471501061, 1), (0.7472527472116826, 1), (0.747276688436881, 1), (0.7472793228446537, 1), (0.7472959684614238, 1), (0.7473251028191514, 1), (0.7473309608009041, 2), (0.7473460721551026, 4), (0.7473684208559571, 1), (0.7473841554335601, 1), (0.7474226803160534, 1), (0.7474747472230724, 1), (0.7474747474531761, 1), (0.7474985285418037, 1), (0.7475192942946512, 2), (0.7475247524382429, 1), (0.7475409835943012, 2), (0.7475728154976963, 1), (0.7475862067934347, 2), (0.7476383265823312, 1), (0.7476459509653812, 1), (0.7476635507031335, 3), (0.7476635513319909, 1), (0.7476635513319988, 2), (0.7476923076347907, 1), (0.7477272726423054, 1), (0.7477477476803835, 1), (0.7477744806012224, 1), (0.7477744806899707, 1), (0.7477820024400741, 1), (0.7477820024400768, 1), (0.7477876106029284, 1), (0.7478260869240095, 1), (0.7478510028546131, 1), (0.7478632477034469, 1), (0.7478753540864661, 1), (0.7478873239410273, 1), (0.7479131886227761, 1), (0.747914399682702, 1), (0.7479376718469697, 1), (0.7480201583846378, 1), (0.7480314960335427, 1), (0.7480680061708216, 3), (0.7480916030470879, 1), (0.7481402762859074, 1), (0.7482014388130307, 1), (0.7482014388399498, 1), (0.7482352941000405, 1), (0.7483443708113742, 1), (0.7483870966776216, 1), (0.7483870967621243, 1), (0.7484407484251898, 1), (0.7484662575768776, 1), (0.7485248665145114, 1), (0.7485380116521311, 2), (0.7485779293801355, 1), (0.7485943774499122, 1), (0.7486437612749157, 1), (0.7486486486284162, 1), (0.7486631015842609, 1), (0.7486792452717166, 1), (0.7487179486795482, 1), (0.7487179486795541, 1), (0.7488151658723382, 1), (0.748893805301451, 1), (0.7488986783041212, 1), (0.7489514679403894, 1), (0.748971193405364, 1), (0.7490347490058286, 2), (0.7490421455221219, 1), (0.7490494296435573, 1), (0.7490774907610878, 1), (0.7491115849218337, 1), (0.7491289198475809, 1), (0.7491563554387124, 2), (0.7491638795736064, 1), (0.749185667703635, 1), (0.7492211837422726, 2), (0.749244712968299, 2), (0.7492795388833051, 1), (0.7492877492770739, 3), (0.7492957746452529, 1), (0.7493540051582762, 1), (0.7493857493765433, 1), (0.7493975903433914, 1), (0.749408983433822, 1), (0.7494356658803885, 3), (0.7494390426271611, 1), (0.7494456762583258, 1), (0.7494553376579781, 1), (0.7494553376743013, 1), (0.7494600431938465, 2), (0.7495219884990638, 1), (0.7495219884990681, 1), (0.7495327102663623, 1), (0.7495682210449218, 4), (0.749571183469163, 3), (0.749574105596266, 2), (0.7496062991889874, 1), (0.749654218523519, 1), (0.7496886674782106, 1), (0.7497243659592384, 2), (0.749772520459513, 1), (0.7497805091527875, 1), (0.7499999992187426, 2), (0.7499999998828136, 1), (0.7499999999033478, 1), (0.7499999999339764, 1), (0.7499999999353442, 1), (0.7499999999493253, 1), (0.7499999999583333, 1), (0.7499999999617362, 1), (0.7499999999625, 1), (0.7499999999665166, 2), (0.7499999999676767, 1), (0.7499999999711539, 1), (0.7499999999739588, 1), (0.7499999999765626, 1), (0.749999999987069, 1), (0.7499999999881338, 3), (0.7499999999895833, 2), (0.7499999999943182, 2), (0.7502008031525975, 1), (0.7502206530670582, 1), (0.7503168566856385, 2), (0.7503168566856412, 1), (0.7503320052622627, 1), (0.7503337782709831, 1), (0.7503486750139374, 1), (0.750360750339093, 1), (0.7504244482045727, 1), (0.7504488329667462, 1), (0.7505330488804798, 1), (0.750582750565256, 4), (0.7506527415045604, 1), (0.7506775067547229, 1), (0.7507163323567083, 1), (0.7507218479234765, 1), (0.7507629704220979, 1), (0.7507692307230324, 1), (0.7507788161409038, 1), (0.7507886435252251, 1), (0.7508196721188383, 1), (0.7508305647341605, 2), (0.7508474575634879, 1), (0.7508532420645689, 8), (0.7508710801328323, 1), (0.7508939212901745, 2), (0.750902527021607, 1), (0.7509225091558185, 1), (0.7509505703279284, 1), (0.7509971509928703, 1), (0.7510204080099964, 1), (0.7510204080100007, 1), (0.7510300176530242, 1), (0.751043115333649, 4), (0.7511196417098466, 1), (0.7511520736981019, 2), (0.7511664074065978, 1), (0.7511674449532886, 1), (0.7512520867862675, 1), (0.7512776830705885, 1), (0.7512864493738837, 2), (0.7513134850480505, 2), (0.7513227512830021, 1), (0.7513368983756369, 1), (0.7513481126377992, 1), (0.7513513513310434, 1), (0.7514450866927919, 1), (0.7514792898667139, 1), (0.7515151514240642, 1), (0.7515151514696107, 1), (0.7515337422736568, 1), (0.7515657619727933, 1), (0.7515808490739292, 2), (0.7516040329834711, 1), (0.751619870407663, 1), (0.7516339868789776, 1), (0.7516778523321744, 1), (0.7517084281604002, 1), (0.7517605633670439, 1), (0.7517730495920733, 1), (0.7517730496276175, 1), (0.7517730496347266, 1), (0.7518248174633677, 1), (0.7518427518335162, 1), (0.7518518518379355, 1), (0.7519025874961378, 1), (0.7519125683019041, 1), (0.7519788918007398, 1), (0.7519788918106604, 1), (0.7520372526018134, 1), (0.7520891364692993, 1), (0.7521186439881196, 1), (0.7521186440518621, 1), (0.7521367520081822, 2), (0.7521367520081944, 1), (0.7521367521260335, 1), (0.7521367521333681, 1), (0.7521739130107755, 1), (0.7522123893722102, 1), (0.7522123893738742, 1), (0.7522236339577877, 1), (0.7522603978028105, 3), (0.7522633744236882, 1), (0.7522935779356357, 4), (0.7522935779471462, 1), (0.7523364485395394, 2), (0.7523696682419876, 1), (0.7523749208312052, 2), (0.7524536532006004, 1), (0.7525083611914303, 1), (0.7525195968223635, 1), (0.7525987525674666, 1), (0.7526315787493041, 1), (0.7527114966645647, 1), (0.7527472527058959, 1), (0.7527472527265759, 1), (0.7527777777568679, 1), (0.7527777777673199, 1), (0.7528230864801979, 1), (0.7528517109311958, 1), (0.7528517109693644, 3), (0.7528735632075759, 1), (0.7528868359929369, 1), (0.7528957528666809, 2), (0.7528957528666842, 1), (0.7529411764528721, 1), (0.7529566360003083, 1), (0.7529812605832235, 2), (0.7529812606217006, 2), (0.7529923829977151, 1), (0.7530054644767605, 3), (0.753012048170089, 1), (0.7530120481776511, 1), (0.7530224524783053, 1), (0.7530364372266398, 1), (0.7530505519958997, 1), (0.7530647985330094, 3), (0.7530966143558534, 1), (0.7531003382017356, 1), (0.7531183807777566, 1), (0.7531380752507841, 2), (0.7531847133638013, 1), (0.7531914893456788, 2), (0.7532033425764215, 1), (0.7532258064455355, 1), (0.7532956685215344, 1), (0.7533039647023997, 2), (0.7533185840624624, 1), (0.7533265096465384, 1), (0.7533366287654302, 1), (0.753363228665766, 1), (0.7533818938448845, 1), (0.7534076827570426, 1), (0.753412192888929, 1), (0.7534516764542943, 1), (0.7535121328032314, 2), (0.7535641547554552, 1), (0.7535816618695241, 1), (0.7535824669639339, 1), (0.7536012130344688, 1), (0.7536231882965709, 1), (0.7536231883277797, 1), (0.7536231883511876, 7), (0.7536231883784896, 1), (0.7536534446606739, 1), (0.7536557930089159, 1), (0.7537688442116369, 1), (0.7538461537011806, 1), (0.753846153701186, 4), (0.7538461537301915, 1), (0.7538461538074974, 1), (0.753880266041958, 2), (0.753926701544363, 1), (0.7539503385664159, 2), (0.7539682539483087, 1), (0.7539863324881568, 1), (0.7539863325568552, 2), (0.7539936102115958, 1), (0.7540106951468376, 2), (0.7540322580340988, 1), (0.7540394972979771, 1), (0.7540500736154929, 1), (0.7540540540336768, 2), (0.7540983604791301, 2), (0.7540983606433754, 3), (0.7541322313270531, 1), (0.7541371158303269, 1), (0.754225352110023, 1), (0.7542579075334027, 1), (0.754272245129591, 2), (0.7542857142641627, 1), (0.754299754290489, 1), (0.7543252595068711, 1), (0.7543859646916949, 4), (0.7543859648791902, 1), (0.7544483985228272, 3), (0.7544581617620779, 1), (0.754464285680604, 1), (0.7544910178737249, 2), (0.7545304777346142, 2), (0.7545454545111528, 2), (0.7545638945156754, 1), (0.7545909849497591, 1), (0.7546125461115383, 1), (0.7546174142380637, 1), (0.7546391752525468, 1), (0.7547063781749174, 1), (0.754716981096478, 2), (0.7547169811061852, 1), (0.7547169811178356, 1), (0.7547169811206835, 2), (0.754746835431096, 1), (0.7547481420189148, 1), (0.7547723934834947, 3), (0.7549999999811262, 1), (0.754999999987416, 1), (0.755020080306123, 3), (0.7551020408009164, 1), (0.7551724137280019, 1), (0.7551766138671099, 1), (0.7551789076501695, 1), (0.7552363853889252, 1), (0.7552674229901064, 1), (0.7552816900743566, 1), (0.7553191488558093, 3), (0.7553366173807774, 1), (0.7553747820946503, 1), (0.7553865651767531, 2), (0.7553865651767558, 1), (0.7554438860908234, 1), (0.7554766133717519, 1), (0.7554871004976683, 1), (0.7555110219683806, 1), (0.7555282555189741, 1), (0.7555555553876493, 1), (0.7555555554156381, 1), (0.7555555554156393, 1), (0.7555555555219753, 1), (0.7555555555331688, 1), (0.7556440902552689, 1), (0.7557003256918743, 1), (0.7557117749111231, 1), (0.7557117750173742, 1), (0.7557251908108471, 1), (0.7557377049056422, 1), (0.7557603686055459, 1), (0.7557755774330351, 1), (0.7558226896956333, 1), (0.755830289385899, 1), (0.7558441557459917, 1), (0.7558528427588034, 1), (0.7558528427967225, 1), (0.755862068861259, 1), (0.7558770343307136, 1), (0.7559055116919735, 8), (0.7559055117812661, 1), (0.7559395248352926, 1), (0.756066411219517, 2), (0.7562499999527358, 1), (0.7562814070161703, 1), (0.7563291139120821, 1), (0.7563930012440924, 1), (0.7564259485738981, 1), (0.7564322469334103, 2), (0.7564332734798761, 2), (0.7564575645058615, 4), (0.7564575645616892, 1), (0.7564687975531741, 1), (0.7565982402473364, 1), (0.7566265058417724, 2), (0.756635177684405, 1), (0.7566371681248484, 1), (0.756653992381057, 1), (0.7567298105305721, 2), (0.756756756347689, 1), (0.7567567566204185, 1), (0.7567567566289243, 1), (0.756756756705627, 2), (0.7567567567275322, 1), (0.7567567567363039, 4), (0.756855575840701, 1), (0.7568870523155343, 1), (0.7570422535077992, 3), (0.7570422535184611, 1), (0.7570621468498867, 1), (0.7572016460282126, 1), (0.7572016460593796, 1), (0.7572156196815386, 1), (0.7572559366654672, 1), (0.7572815533245305, 1), (0.7573415764952518, 2), (0.7573770491679126, 2), (0.7573770491761912, 2), (0.7574171029404064, 1), (0.7574257425367593, 1), (0.7574468084945205, 1), (0.7574468085052677, 1), (0.7574750830061457, 1), (0.7574999999810614, 1), (0.7575757574992366, 1), (0.7575757575496698, 1), (0.7576054955690369, 2), (0.7576601671266984, 1), (0.7576791806287799, 2), (0.7576791806287859, 6), (0.7577268195036022, 3), (0.7577319586652382, 1), (0.7577358490451669, 1), (0.7577981650680907, 1), (0.7578124999407899, 1), (0.7578124999407988, 1), (0.7578124999802665, 1), (0.7578397212477558, 1), (0.7578616351962919, 2), (0.7578947366426586, 1), (0.7578947367623317, 1), (0.7578947367889165, 1), (0.7579214194223175, 1), (0.7579487179292821, 1), (0.7579617834274224, 2), (0.7579852579759468, 1), (0.7580452919691288, 1), (0.7580511973450358, 1), (0.7580919931211189, 2), (0.7581168830553452, 1), (0.7581475127994708, 1), (0.7581699345909702, 2), (0.7582260370875195, 1), (0.7582608694992815, 1), (0.7583025829558768, 1), (0.7583081570767851, 3), (0.7583333332701407, 1), (0.7583333333206945, 1), (0.75836431223947, 2), (0.7583892616601325, 1), (0.7584097858863263, 2), (0.7584269662814822, 1), (0.7584345479048201, 2), (0.758461538403192, 2), (0.7584650112524383, 1), (0.7584905660234214, 1), (0.7585034013347438, 1), (0.7585034013347477, 1), (0.7585139318768043, 1), (0.7586206891319681, 2), (0.7586206895505351, 2), (0.7586206895804376, 3), (0.7586206896202933, 1), (0.7586206896432838, 2), (0.7586547972267118, 1), (0.7586933613531389, 1), (0.7587238284766352, 1), (0.7587354409065309, 1), (0.7587412587368365, 1), (0.7587628865822974, 1), (0.7587719297912796, 1), (0.7587939698397156, 2), (0.758812615941397, 1), (0.7588424436811027, 1), (0.758865248217979, 1), (0.7589388696567613, 1), (0.7589424572081235, 1), (0.7589576546819257, 1), (0.7590163934301793, 5), (0.7590361444868703, 4), (0.7590361445554443, 1), (0.7590618336563266, 1), (0.7591240875820064, 1), (0.759206798845348, 1), (0.7592592591889569, 1), (0.7592592592391753, 1), (0.759289176078201, 1), (0.7593220338468287, 1), (0.7593307593112137, 1), (0.7593423019204929, 1), (0.7593470247098821, 1), (0.7593582887497528, 1), (0.7593749999881333, 1), (0.7593880388373565, 1), (0.759398496233464, 2), (0.7594050742992666, 2), (0.7594242631419216, 1), (0.7594594594389311, 1), (0.7594666666261611, 1), (0.7594936708647129, 2), (0.7594936708740582, 3), (0.7595190380000452, 1), (0.7595818814007659, 1), (0.7596439168012394, 1), (0.7596513075775932, 1), (0.7596664139442009, 2), (0.7596774193487108, 1), (0.7597027250080973, 3), (0.759717314480921, 1), (0.7597672484821508, 1), (0.7598253274777378, 1), (0.7598253274777416, 1), (0.7598425196551232, 1), (0.7598627786655314, 1), (0.7599517490036267, 2), (0.7599660729367288, 1), (0.7599999998479966, 2), (0.7599999998986727, 2), (0.7599999999662181, 2), (0.7599999999696, 1), (0.7600254614411182, 1), (0.7601476014199113, 1), (0.7601683029399687, 1), (0.7601788655975483, 1), (0.760204081438725, 2), (0.7602339180397427, 1), (0.7602591792629222, 1), (0.760273972589714, 1), (0.7603448275731038, 1), (0.7603464869994185, 1), (0.7603485838614278, 1), (0.7603833865693227, 1), (0.7604166666617136, 1), (0.7604327666033929, 1), (0.7604485219125358, 1), (0.7604562736678748, 2), (0.760456273749801, 4), (0.7604562737498026, 1), (0.760479041893386, 2), (0.7605177993281391, 1), (0.7606060604908178, 2), (0.7606177605883923, 1), (0.7606461085520351, 1), (0.7606557376924498, 3), (0.7608200454714334, 2), (0.7608286252067514, 1), (0.7608426269947755, 1), (0.7608695651622583, 2), (0.7609359104007195, 1), (0.7609756097375383, 2), (0.7609791216675266, 3), (0.7610350075871827, 1), (0.7610441766915479, 2), (0.7610759493550443, 1), (0.7610872674161531, 1), (0.7611111110688233, 1), (0.7611111110688297, 1), (0.7611548556230675, 2), (0.7611650484944229, 1), (0.7611749680617977, 1), (0.7611940297939455, 1), (0.7611940298223423, 4), (0.761229314330823, 1), (0.7612293144118023, 1), (0.7612456747141414, 1), (0.7612456747141444, 2), (0.7612687811750796, 2), (0.7612903225642753, 1), (0.7612903225745028, 1), (0.7613038906334216, 1), (0.7613542526711587, 1), (0.7613636363528192, 1), (0.7613972764859505, 1), (0.7614457829490542, 3), (0.7614533964041929, 1), (0.7614678898733278, 1), (0.7614814814589205, 1), (0.7615062761187681, 1), (0.7615230460158746, 2), (0.7615309126445228, 1), (0.7615708274841435, 1), (0.7615780445315969, 1), (0.7615780445707885, 2), (0.7616099071089516, 1), (0.7616361070858063, 1), (0.7616707616614047, 3), (0.7616974971967687, 6), (0.7616974972520242, 1), (0.761699064072131, 1), (0.761702127643372, 1), (0.7617065556553224, 1), (0.7617148553957256, 1), (0.761726078784954, 1), (0.7617554858814763, 1), (0.7617801046921009, 1), (0.7618181817489252, 1), (0.7618213659578088, 1), (0.7619047618442778, 1), (0.7619047618665682, 1), (0.7619047618788505, 1), (0.7619926198559046, 2), (0.7619999999238004, 1), (0.7620528771147113, 1), (0.7621195039287045, 1), (0.7621440535885747, 1), (0.7621621621415645, 1), (0.7621621621518638, 1), (0.7621696800052564, 1), (0.7622247106844986, 1), (0.7622504536928415, 3), (0.7623066103864315, 1), (0.7623274161359805, 1), (0.7623318385422313, 1), (0.7625272330822432, 1), (0.7625754527009508, 1), (0.7625899279478399, 2), (0.7626310772091258, 2), (0.7626582278360305, 3), (0.7626582278360341, 2), (0.7626666666259887, 1), (0.7626990143990686, 1), (0.7627118642775094, 1), (0.7627118643421423, 2), (0.7627118643744606, 1), (0.7627118643744616, 1), (0.7627329191599075, 1), (0.7627737224885456, 1), (0.7628128724217639, 1), (0.7628865978594948, 3), (0.7628865979224148, 3), (0.7628992628898897, 1), (0.7629032258002985, 1), (0.7629329734558571, 1), (0.7630057803321163, 1), (0.7630252100199122, 1), (0.7630331753373693, 1), (0.7630331753509302, 1), (0.7630522086821219, 1), (0.7630522088200198, 2), (0.7630979497991902, 1), (0.7631103073865115, 1), (0.7631133671613669, 1), (0.7631224763954806, 1), (0.7631378521886403, 1), (0.7631483496277431, 1), (0.7631578945360131, 1), (0.7631578947033689, 2), (0.7632027256590141, 2), (0.7632166790738515, 1), (0.7632183907695135, 1), (0.7632183907958209, 1), (0.7632508833023208, 2), (0.7632653059666815, 1), (0.763265306106874, 3), (0.7633027522235492, 1), (0.7633136092416363, 1), (0.7633136093921744, 1), (0.7633136094222888, 3), (0.7633209417406844, 1), (0.763358778619479, 1), (0.7633851467784679, 1), (0.7634069400149274, 1), (0.7634069400550686, 1), (0.7634408601329649, 1), (0.7634782608031759, 1), (0.7634854771150701, 1), (0.7635239566053283, 1), (0.7635597682588959, 1), (0.7635782747481897, 2), (0.76358695650099, 1), (0.7636122177447799, 1), (0.7636363635438099, 2), (0.7636363635669401, 7), (0.7636849131972281, 1), (0.763736263631355, 1), (0.7637735848941303, 1), (0.7637795275390098, 1), (0.76379066476996, 1), (0.7638376383622906, 1), (0.7638533674274176, 1), (0.763855421668342, 1), (0.7638580931221522, 1), (0.7638588912859473, 1), (0.763873775760186, 1), (0.7639344261042714, 1), (0.7639484977885116, 2), (0.7639999999694455, 1), (0.763999999984721, 1), (0.7640067911585047, 3), (0.7640156453516568, 1), (0.7640449437987573, 1), (0.764119601278131, 4), (0.7641509433601862, 1), (0.7641633727583459, 1), (0.7642276422660667, 1), (0.7643504531491114, 1), (0.76436781608097, 1), (0.7644151564822278, 1), (0.7644444442745674, 2), (0.7644444443959096, 1), (0.764444444410461, 1), (0.7644444444104711, 1), (0.7644444444217929, 1), (0.7645161290260903, 1), (0.7645687645509419, 1), (0.7645788336905518, 1), (0.7646153845565679, 1), (0.7646326276272835, 1), (0.7647058823154576, 1), (0.7647058823304499, 1), (0.7647058823362793, 1), (0.764705882341106, 1), (0.7648083623626714, 1), (0.7648114901119429, 1), (0.7648305083935532, 1), (0.764830508458373, 2), (0.7648578810974246, 1), (0.7648648648441917, 1), (0.7648725212247922, 1), (0.7649043869344221, 1), (0.7649043869430271, 1), (0.7649496743544691, 1), (0.7649513211731641, 2), (0.7650085763030863, 1), (0.7650513949511677, 3), (0.7650602409484917, 1), (0.7651632969856033, 1), (0.7651715039476894, 1), (0.7651991614095339, 1), (0.7652173912378082, 1), (0.7652173912710736, 1), (0.7652464494505816, 1), (0.7652582157828002, 1), (0.7652859960174888, 1), (0.7652987760951562, 1), (0.7652992602040816, 1), (0.7653061224333612, 1), (0.7653429602611711, 1), (0.7653543306845544, 1), (0.7653758541269534, 1), (0.7653846153551767, 1), (0.765432098727633, 1), (0.7654476670628791, 1), (0.7654545453849549, 1), (0.7655259821589966, 1), (0.7655502388681674, 1), (0.7655583972654276, 1), (0.7655786349012521, 1), (0.765586034817263, 1), (0.7656249999401813, 1), (0.765624999988037, 1), (0.7656249999950142, 1), (0.7656716417796195, 1), (0.7657142856656691, 1), (0.7657142856705228, 1), (0.765714285692407, 2), (0.76582278479801, 1), (0.7658450704090527, 1), (0.7658802177580423, 1), (0.7659574467270278, 1), (0.7659574467270325, 3), (0.7659574467922138, 4), (0.765957446797646, 1), (0.7659574468030784, 2), (0.7660069848482872, 1), (0.7660083782074688, 2), (0.7660377358346014, 1), (0.7660577489597409, 1), (0.7660764211774372, 1), (0.7660972404680275, 1), (0.7661097851937201, 1), (0.7661202185750475, 1), (0.7661290322457076, 1), (0.7661510463918827, 2), (0.7662565903749996, 1), (0.7662650601794188, 4), (0.766268260241283, 1), (0.766355140115303, 2), (0.7663551401664528, 1), (0.7663908338149965, 1), (0.7663934426072486, 3), (0.7664670657764714, 4), (0.7664835163782319, 1), (0.7664974618900271, 1), (0.7665094339441866, 1), (0.7665418227024604, 1), (0.7665615141713993, 1), (0.7665706051652282, 2), (0.7665995975700861, 1), (0.7666098806842745, 1), (0.7666098807234539, 1), (0.7666151468196821, 1), (0.766666666484122, 1), (0.7666666665505044, 1), (0.7666666666027816, 2), (0.7666666666240716, 1), (0.7666666666608607, 1), (0.7667269439144063, 1), (0.7667386609043682, 1), (0.7667638483927759, 1), (0.7667731629270496, 1), (0.7668231610693528, 1), (0.7668997668818904, 3), (0.7669172931177552, 1), (0.766956521672438, 1), (0.7669959325884141, 1), (0.7670103092625322, 1), (0.7670157067560885, 1), (0.767049290967791, 1), (0.7670682730615662, 1), (0.7670682730769681, 1), (0.7670781892372794, 2), (0.7671232876580991, 1), (0.7671781187355942, 1), (0.7672131147415204, 2), (0.7672131147415241, 1), (0.7672413792772774, 1), (0.7672727271332281, 2), (0.7672778560271816, 2), (0.7673179396001492, 1), (0.7673469386189177, 2), (0.7673611110844617, 1), (0.7673611110844671, 1), (0.767364939275926, 1), (0.7673860910902924, 1), (0.7673860910902965, 2), (0.7674050632789963, 1), (0.7674418604204982, 2), (0.7674714103217974, 1), (0.7674858222772203, 1), (0.7675159235546574, 1), (0.7675276752201063, 3), (0.7675276752625924, 1), (0.7675350700633686, 1), (0.7675675674984151, 1), (0.767567567546825, 1), (0.7675906181732268, 1), (0.7675906183041524, 1), (0.7675962814895355, 1), (0.7675962815201199, 1), (0.7676348547558576, 1), (0.7676991150357557, 1), (0.7676991150357567, 1), (0.7677041046389921, 1), (0.767741935477678, 3), (0.7677966101044235, 1), (0.7678090103936541, 1), (0.7678100263649635, 3), (0.7678100263750929, 2), (0.7678571428228663, 1), (0.7678883071285211, 1), (0.7679083094335876, 1), (0.7679324893704692, 1), (0.7679372196878951, 1), (0.7679425837136833, 1), (0.7680250783578658, 1), (0.7680311890538681, 1), (0.7680311890688518, 1), (0.7681159419733291, 1), (0.76816608993882, 1), (0.7681755828850279, 1), (0.768181818146905, 2), (0.7681818181759994, 3), (0.7682051281854316, 1), (0.7682119204280442, 1), (0.7682263329427561, 2), (0.7682291666616645, 2), (0.7682445758990026, 3), (0.7682539682051899, 1), (0.7682576192772718, 1), (0.7682737169278905, 1), (0.7682926829201371, 1), (0.7683018867808572, 1), (0.7683134581969095, 1), (0.768321512993283, 1), (0.7683333333205263, 1), (0.7683397681914427, 1), (0.7683397683101025, 3), (0.7683923705303269, 1), (0.7684210524293601, 2), (0.7684210525506877, 3), (0.7684391079958441, 2), (0.7684729063282265, 1), (0.7685185184473714, 2), (0.768543342263015, 1), (0.7685589519314969, 2), (0.7686832739939963, 2), (0.7687074829894606, 1), (0.7687499998798846, 1), (0.7687499999519503, 1), (0.7687499999759774, 2), (0.7688243064627603, 1), (0.7688256976951654, 1), (0.7688320663428324, 1), (0.7688378032223698, 1), (0.7688442210958674, 1), (0.7688524590037908, 4), (0.7688679244920349, 1), (0.7688888888547141, 2), (0.7688984881181813, 2), (0.7689075628636816, 1), (0.7689369827645475, 1), (0.7689713321658808, 1), (0.7689873417599824, 2), (0.7689954104970028, 1), (0.7690387016037691, 2), (0.769044740014883, 2), (0.7690677965938749, 2), (0.7690742623836132, 1), (0.7690909090209899, 1), (0.7692307690664074, 1), (0.7692307690828398, 1), (0.7692307691518737, 1), (0.7692307691568022, 2), (0.7692307691715976, 1), (0.7692307691913215, 3), (0.7692307691928387, 3), (0.7692307692096371, 1), (0.7692307692110454, 4), (0.7692307692133651, 2), (0.7692307692179065, 1), (0.7693492491306545, 2), (0.76935483870347, 1), (0.7693726937127433, 1), (0.7693942614076661, 1), (0.7694013303726758, 1), (0.7694346289684688, 1), (0.769444444423066, 1), (0.7694524495455493, 1), (0.7695099818232511, 2), (0.7695390780792037, 1), (0.7695473250712117, 2), (0.7695749440543732, 1), (0.7695852533971113, 1), (0.7695990424803159, 1), (0.7696078430995282, 1), (0.7696118909864642, 1), (0.769618430522789, 2), (0.7696335078332553, 1), (0.7696551723076355, 1), (0.7697063369278302, 1), (0.769716088279515, 1), (0.7697907188212986, 1), (0.7697929354258259, 1), (0.769874476880072, 1), (0.7698744769230276, 3), (0.7698788835824181, 1), (0.7698791795231834, 1), (0.7699115044162602, 1), (0.7699316627824668, 1), (0.7699619771716735, 1), (0.7700170357095397, 2), (0.7700258397534954, 1), (0.77006172838318, 1), (0.7701149424549665, 1), (0.7701421800902235, 1), (0.770186335379818, 1), (0.7702169624866748, 2), (0.7702265371919012, 1), (0.7702523240167269, 1), (0.7702702702182228, 2), (0.7702702702608082, 2), (0.7702936096452391, 2), (0.7703703703069643, 2), (0.7703703703133042, 1), (0.7703703703475446, 3), (0.7703703703589574, 1), (0.7704026115063334, 1), (0.7704160245346036, 1), (0.7704225352085587, 1), (0.7704280155042526, 2), (0.7704367300800417, 2), (0.7704402515481005, 2), (0.7704654895418797, 1), (0.7704918032155323, 2), (0.770491803262908, 1), (0.7704918032660576, 4), (0.7705099778227795, 6), (0.770514603508964, 2), (0.770547945198881, 1), (0.7705779333826133, 1), (0.7705956906501111, 1), (0.7706422016934577, 1), (0.7706422017877217, 1), (0.7706422017995146, 1), (0.7706635622637779, 1), (0.7706635622637794, 1), (0.770685579105117, 1), (0.7706855791779967, 1), (0.7706855791871063, 1), (0.7707539984180696, 1), (0.7707641195501087, 8), (0.7707979626354707, 1), (0.7708066580319044, 1), (0.7708333331727434, 1), (0.7708703374686678, 1), (0.7709335899829547, 3), (0.7709677419292656, 2), (0.7710280373231266, 2), (0.7710583153319978, 1), (0.7710843371635904, 1), (0.7710843372564921, 6), (0.7711386696556684, 1), (0.7711999999588671, 2), (0.7712854756642257, 1), (0.7712895376941321, 1), (0.7713207547053371, 1), (0.7713534822551164, 1), (0.771377459735754, 1), (0.7713841368344818, 1), (0.7713884992933289, 1), (0.7714285713283839, 1), (0.7714631197004678, 1), (0.7714808042465352, 1), (0.7715133530012565, 1), (0.7715617715437875, 1), (0.771604938259698, 1), (0.7716105550360045, 2), (0.77165354318556, 8), (0.7716849451260385, 1), (0.7717569786408568, 1), (0.7717717716558885, 1), (0.7718383311402391, 1), (0.7718631178560462, 2), (0.7718696397676894, 1), (0.7719298245275475, 1), (0.771929824547861, 3), (0.7719780218719815, 1), (0.7719928186021561, 1), (0.7720090293105206, 1), (0.7720413025598081, 1), (0.7720634920144719, 2), (0.7721238937967697, 2), (0.7721311475283242, 2), (0.772182254011457, 4), (0.7721822541596024, 1), (0.7722007721709582, 2), (0.7722095671102299, 1), (0.772222222179326, 1), (0.7722772277036504, 1), (0.7722772277118471, 2), (0.7723342939036095, 2), (0.7723342939258704, 1), (0.7723880596870769, 1), (0.7723919915660064, 1), (0.7724137929969116, 1), (0.7724935732151378, 3), (0.7725437414841804, 1), (0.77254901957754, 1), (0.7725490195775488, 1), (0.7725540024431292, 1), (0.7725631768395345, 2), (0.7725806451488308, 1), (0.7725856697217622, 1), (0.7725856697578714, 1), (0.7726907629901464, 2), (0.7727272718491603, 2), (0.7727272726770953, 1), (0.7727272727087852, 1), (0.7727272727214188, 3), (0.7727562061888749, 3), (0.7727825030282766, 1), (0.7727975269284704, 1), (0.772806507835296, 1), (0.7728813558667046, 1), (0.7728813558798108, 2), (0.7728873239300571, 1), (0.7729179149144818, 1), (0.7729729729520795, 1), (0.7730061348744787, 1), (0.7730263157831171, 1), (0.7730384412441791, 1), (0.7730496453352419, 1), (0.7730829419760447, 1), (0.7730870712299057, 1), (0.7730923694623885, 2), (0.7731305448956785, 1), (0.7731629392847764, 1), (0.7731755423300601, 1), (0.7731958762089498, 2), (0.7732115677085735, 1), (0.7732181425318969, 1), (0.7732181425458142, 2), (0.773234200724332, 1), (0.7732394366169969, 1), (0.7732558139085401, 1), (0.7732864673509107, 1), (0.7733026466313839, 1), (0.7733131159911041, 1), (0.7733333332474052, 1), (0.7733333332920889, 1), (0.773333333298967, 1), (0.7733847637266443, 2), (0.7733934610874131, 1), (0.7734056987578447, 1), (0.7734241907348001, 1), (0.7734241907743229, 1), (0.7734374999395728, 1), (0.7734806629691815, 1), (0.7735191637361123, 1), (0.7735191637563237, 1), (0.7735602093734627, 1), (0.7735849055940308, 4), (0.7735849056238943, 1), (0.7736298649107527, 1), (0.7736389684592061, 1), (0.7736450584320139, 1), (0.7736486485179618, 1), (0.7736625513766511, 1), (0.7736625513766586, 1), (0.7736625514297192, 1), (0.7736757624149679, 1), (0.7736842103227146, 3), (0.7736842104584478, 1), (0.773684210485598, 1), (0.7737068965433872, 1), (0.7737226276807525, 1), (0.7737226276995761, 1), (0.773729194778346, 1), (0.7737642585404233, 2), (0.773770491790591, 1), (0.7737704917905948, 1), (0.7738095233489396, 1), (0.7738492328167184, 1), (0.773869346714222, 1), (0.773892773874736, 2), (0.7739130434109621, 2), (0.7739380849504186, 1), (0.7739463600544149, 1), (0.7740324594160509, 3), (0.774080560352531, 1), (0.7741522712682398, 1), (0.774158523302163, 1), (0.7741935481373947, 1), (0.7741935482872008, 1), (0.7741935483038541, 1), (0.7741935483746099, 2), (0.7742363877307941, 1), (0.7742537312710606, 1), (0.7742782152027756, 1), (0.7742857142635893, 2), (0.774294670834258, 1), (0.7743362831772752, 1), (0.7743589743192589, 1), (0.7743658210741149, 3), (0.7743732590097823, 1), (0.774468085059304, 1), (0.7744680850898973, 1), (0.7744680850899069, 1), (0.7744874714379867, 2), (0.7745664739585921, 1), (0.7745664739585948, 1), (0.7745664739756466, 1), (0.7745901639026805, 1), (0.7745952677266641, 1), (0.77462887987113, 1), (0.7746288798885526, 1), (0.7746478872148389, 1), (0.7746478873103062, 1), (0.7746835442645822, 1), (0.7747252746827005, 1), (0.7747252747039929, 1), (0.7747349823253116, 1), (0.7747395833282888, 1), (0.7748513168415586, 1), (0.7748691099273604, 1), (0.7749077490203014, 1), (0.7749077490631938, 2), (0.7749999998062415, 1), (0.7749999998385501, 1), (0.7749999998789023, 1), (0.77499999996125, 1), (0.7750472589645536, 1), (0.7750730281621167, 1), (0.7750915750347903, 1), (0.7751004014507874, 1), (0.7751322751117687, 1), (0.7751479287647515, 1), (0.7751479289482185, 1), (0.7751724136861837, 4), (0.775193798249303, 1), (0.7751937984095544, 1), (0.7752161383061882, 1), (0.7752355315241924, 1), (0.7752808988546239, 1), (0.7753001713936107, 1), (0.7753001714600914, 2), (0.7753001714999911, 1), (0.7753086418796055, 1), (0.7753164556839344, 3), (0.7753623187843999, 1), (0.7753623188124854, 1), (0.7753779697596274, 1), (0.7753846153368938, 1), (0.7754010694979845, 1), (0.7754098360528614, 1), (0.7754137114922675, 3), (0.7754237287971283, 1), (0.7755102038838004, 2), (0.775510204065806, 5), (0.7755102040672468, 1), (0.7756410255913082, 1), (0.7756653991805625, 1), (0.7756756756547127, 1), (0.7757009345069363, 1), (0.7757255936573092, 1), (0.77572964663781, 1), (0.7757575756635418, 1), (0.7757731957763137, 1), (0.7758007117161727, 1), (0.7758444216911392, 1), (0.775862068898633, 2), (0.7758620689320753, 1), (0.7759562841487653, 2), (0.7759999999844837, 1), (0.7760497666581616, 1), (0.7760591795039611, 1), (0.7760617760318138, 1), (0.7761194029271549, 1), (0.7761194029705945, 1), (0.7761732851705356, 2), (0.7762128324293861, 1), (0.7762237762056818, 1), (0.7762557077507414, 1), (0.7762711863091127, 1), (0.7762998790716261, 1), (0.7763157894226084, 1), (0.7764127764032389, 1), (0.7764705882048425, 1), (0.7765957445982316, 1), (0.7765957446395435, 1), (0.7766097240422022, 1), (0.7766990289376908, 1), (0.7766990291010782, 1), (0.7767114523302843, 1), (0.7767295597240012, 1), (0.7767503302407287, 1), (0.7767527675133447, 1), (0.7767584095483904, 9), (0.7767653757657433, 1), (0.7767803710260125, 1), (0.7768069896126465, 1), (0.7768178545688394, 1), (0.7768595040680284, 3), (0.7768924302272971, 1), (0.7769230768931926, 3), (0.7769230768931971, 1), (0.7769547324463435, 1), (0.7769784170798605, 4), (0.7769784171543895, 2), (0.7770270270007755, 1), (0.7770360480433335, 2), (0.7770491803151319, 2), (0.7770700636818922, 1), (0.7771556550516702, 1), (0.7772020724985924, 1), (0.777202072512014, 3), (0.7772277227530361, 1), (0.7772511847972847, 1), (0.7772511848295168, 1), (0.7773386033231404, 1), (0.7773459188907641, 1), (0.7773809523346827, 1), (0.777408637822094, 2), (0.7774193548324372, 1), (0.7774294670602714, 1), (0.7774358974159645, 2), (0.7774538386745501, 1), (0.7774869109438828, 1), (0.7775551101425272, 1), (0.7775700934434082, 1), (0.7775768534980991, 1), (0.7776049766476646, 2), (0.777614138415971, 1), (0.7776349613896135, 1), (0.777641277631724, 1), (0.7777777777057648, 1), (0.7777777777297687, 1), (0.7777777777345679, 2), (0.7777777777432099, 2), (0.777777777750773, 1), (0.777777777756173, 2), (0.7777777777720165, 1), (0.7778519012623245, 1), (0.7779310343754559, 1), (0.7779632719903263, 2), (0.7780219780048782, 1), (0.7780279153464394, 1), (0.7780548626488643, 1), (0.7780898875311639, 1), (0.7781155014724528, 1), (0.7781420764984781, 1), (0.778156996321437, 2), (0.7781908302161558, 1), (0.7782101166709551, 2), (0.7782101167012373, 1), (0.7782426777591398, 4), (0.7782577393780482, 3), (0.778260869531384, 1), (0.7782805429688185, 1), (0.778301886755743, 1), (0.7783132529932981, 1), (0.7783251230760265, 2), (0.7783505153636153, 1), (0.7783783783573399, 2), (0.7784090908538048, 2), (0.7784200385056523, 1), (0.7784431136792263, 1), (0.7784679088221031, 1), (0.7785349232726955, 2), (0.7785547785366304, 1), (0.778561353909936, 1), (0.7785888077480022, 1), (0.7786008229811859, 2), (0.778617083082178, 1), (0.7786259541918701, 1), (0.778666666625139, 1), (0.778688524574208, 19), (0.7786885245773986, 1), (0.7787021630356548, 2), (0.7787878787819803, 1), (0.7788161993162913, 1), (0.7788300835220711, 1), (0.7788595270126715, 3), (0.7788898998948364, 1), (0.7788944723487632, 1), (0.7789046653065045, 1), (0.7789203084332316, 1), (0.7789473682160691, 1), (0.7789473683039181, 1), (0.7789473683663912, 1), (0.7789799071439013, 2), (0.7790322580582328, 3), (0.779069767396569, 2), (0.7790893760101691, 1), (0.7791164658478088, 2), (0.7791273054395894, 1), (0.7791842475167623, 1), (0.7792032410007318, 1), (0.7792207791918643, 1), (0.7792207791982889, 1), (0.7792378449357467, 1), (0.7792472023622348, 1), (0.7792592592361688, 1), (0.7792915530910434, 1), (0.779342722821748, 1), (0.7793427228827364, 1), (0.7793575565677012, 1), (0.7793696274848246, 1), (0.7793783169008396, 2), (0.7794117646829586, 1), (0.7794392523218805, 1), (0.779467680593546, 1), (0.7794871794072344, 1), (0.7794871794472081, 1), (0.7794871794711901, 1), (0.77952755903466, 1), (0.779537149798307, 1), (0.779582366571239, 1), (0.7795918367187802, 1), (0.7796101947856654, 1), (0.7796312554188213, 1), (0.7796610169326327, 1), (0.779697624187257, 5), (0.7797062750125583, 4), (0.7797716149954322, 1), (0.7798165135826032, 1), (0.7798408487029391, 2), (0.7798742138201287, 1), (0.7799043062014365, 1), (0.7799227798926651, 2), (0.7799352750556668, 1), (0.7799442896501416, 1), (0.7799442896501428, 1), (0.7799564269812649, 4), (0.7799767170947611, 2), (0.7799767170947621, 1), (0.7799999998439955, 1), (0.7799999999777131, 1), (0.7799999999917909, 1), (0.7800212539685454, 1), (0.7800586507976448, 1), (0.7800632911268965, 1), (0.7800829874871406, 1), (0.7800963080609796, 4), (0.7800963081611517, 1), (0.7801147227235179, 1), (0.7801242235055751, 1), (0.7801418439531891, 1), (0.7801418439605653, 2), (0.7801857585018571, 2), (0.7802197801769115, 1), (0.7802197801983487, 1), (0.7802469135160255, 1), (0.7802469135160284, 1), (0.780269058272634, 1), (0.7803278688396653, 6), (0.7803278688481959, 1), (0.7803773584787874, 1), (0.7803837952758864, 1), (0.7803837952925277, 2), (0.780392156832145, 1), (0.7804232804026353, 2), (0.7804370447288158, 1), (0.7804733727787566, 1), (0.7804878048304633, 1), (0.7805405404983475, 1), (0.7805502239233493, 1), (0.7805642633106458, 1), (0.7805953692634424, 1), (0.7806451612735336, 1), (0.7806451612777331, 2), (0.7806451612840248, 1), (0.7806691449523921, 2), (0.7806896550647359, 1), (0.7807017543370485, 1), (0.7807153965178301, 1), (0.7807153965542559, 2), (0.7807351076323574, 1), (0.7807869187452127, 1), (0.7808896210615861, 1), (0.7808930425590652, 2), (0.7809278349509097, 1), (0.7809734513187927, 3), (0.7809847198509159, 3), (0.7810107196353769, 1), (0.7810140236482187, 1), (0.7810218976676964, 2), (0.7810526315707262, 1), (0.7810584957782123, 1), (0.7810810810599733, 1), (0.7811158797612908, 1), (0.78113663844279, 1), (0.7812499999728714, 1), (0.781249999975586, 1), (0.7812499999877929, 1), (0.7813021702577213, 1), (0.7813061713554148, 1), (0.7813163481621508, 2), (0.7813267813171818, 2), (0.7813822283806257, 1), (0.7814207650230524, 1), (0.7814569535388757, 4), (0.7814814814670062, 1), (0.7814910025204712, 1), (0.7815206929664892, 1), (0.7815384614783407, 1), (0.7816091953923147, 1), (0.7816326530452765, 1), (0.7816349383660881, 2), (0.7816455696078862, 2), (0.7816513760033647, 1), (0.7816513760750784, 1), (0.7817745802982374, 3), (0.7818181817166503, 2), (0.7818181817470992, 4), (0.7818659658292911, 1), (0.7818930040830512, 2), (0.7819314641135581, 1), (0.7819472616553552, 1), (0.7819548871200579, 1), (0.7819672131019357, 1), (0.7819971870384809, 1), (0.7820069204062069, 1), (0.7820512815499977, 1), (0.7820512820262181, 1), (0.7820710973604015, 2), (0.7820895522271275, 1), (0.78209658412461, 2), (0.7821466524807194, 1), (0.7821782177830586, 2), (0.7821782177959704, 1), (0.7821927887865265, 1), (0.7822222221725587, 1), (0.7822222221874527, 1), (0.7822222221874578, 1), (0.7822580644109861, 2), (0.7822695035405526, 1), (0.7822878228060618, 2), (0.7822878228204964, 1), (0.7822944895408955, 2), (0.78232931720624, 1), (0.7823439877996251, 2), (0.7823529411304472, 1), (0.7823765019817769, 2), (0.7824773412715296, 1), (0.7825773938056777, 1), (0.7826086955348383, 1), (0.7826086955954624, 2), (0.7826086956181475, 1), (0.7826086956408317, 1), (0.7826855123605778, 1), (0.7826887660421108, 1), (0.7827225130377837, 1), (0.7827426809271547, 2), (0.7827648114807584, 1), (0.7827868852138172, 1), (0.782786885229858, 3), (0.782816229107603, 1), (0.7828308635586823, 1), (0.7828700225276829, 1), (0.7828746176891169, 1), (0.7828746177130581, 2), (0.782894736834747, 1), (0.782918149410471, 1), (0.7829787233209546, 1), (0.7829787233566581, 1), (0.7829787233876001, 1), (0.7829880043449746, 1), (0.7829977628460172, 1), (0.7830687830480656, 1), (0.7830832196239224, 1), (0.783120706559703, 1), (0.7831325300261275, 3), (0.7831325300968927, 2), (0.7831325301047571, 1), (0.7831775700788208, 1), (0.7831858406993022, 1), (0.7832167831985274, 3), (0.7832267235140974, 1), (0.783269961877912, 2), (0.7832699618779148, 2), (0.7833333332680537, 1), (0.783349101215077, 1), (0.7833655705844603, 1), (0.7833827892942686, 1), (0.7833962264032708, 2), (0.7834101381886767, 1), (0.7834394904333847, 1), (0.7834507041563834, 1), (0.7834602828309608, 1), (0.7834862384602295, 1), (0.7834920634423181, 1), (0.7835051542352981, 1), (0.7835051545584047, 4), (0.7835390945857226, 1), (0.783582089523002, 1), (0.7835897435736663, 1), (0.78359908874902, 1), (0.7836065573642025, 5), (0.7836065573642061, 2), (0.7836065573727652, 1), (0.783625730765015, 3), (0.7836257309906264, 1), (0.7836411609395254, 2), (0.7836456558105908, 1), (0.7836644591323136, 2), (0.7836990595365617, 2), (0.7837541163384435, 1), (0.7837837837308264, 2), (0.7837837837535208, 2), (0.78380281689865, 1), (0.7838983050017094, 1), (0.7839357429089208, 1), (0.7839616995717065, 2), (0.7839721252989583, 1), (0.7840416304610562, 1), (0.7840531560940792, 20), (0.784061696607711, 1), (0.7841269840647518, 1), (0.7841328412560771, 2), (0.7841845139774622, 1), (0.7842105261094161, 1), (0.7842323651289609, 1), (0.7842401500790872, 1), (0.7842519684792318, 1), (0.7842720509928933, 1), (0.7843137254594387, 2), (0.7843478260528554, 1), (0.7843749999877413, 1), (0.7843803055893951, 2), (0.7844011141624273, 1), (0.7844036695448627, 1), (0.7844155843137132, 2), (0.7844228094357605, 1), (0.7844311376775741, 1), (0.7844660192651554, 1), (0.7844827585868781, 1), (0.7845410627867705, 1), (0.784601283212017, 1), (0.784615384464499, 2), (0.7846153845751433, 2), (0.7846153845751456, 1), (0.7846153845852062, 1), (0.7846410684212128, 1), (0.7846715327035286, 1), (0.7846763540186972, 1), (0.7846889948398675, 2), (0.7847372210194942, 1), (0.7848101265238425, 1), (0.7848101265425412, 2), (0.7848101265624099, 2), (0.7848101265698586, 1), (0.7848484848425384, 1), (0.7848748083721518, 1), (0.7848837208845977, 1), (0.7849462364747434, 1), (0.7849624059914305, 1), (0.7849728126505953, 1), (0.784982934885654, 1), (0.7849944008519024, 1), (0.7850122850026424, 2), (0.7850467289426151, 1), (0.7850467289510016, 5), (0.7850707850505769, 1), (0.7850834150974471, 1), (0.7850931676043357, 1), (0.7851002865104563, 1), (0.7851373182425653, 1), (0.785140562233229, 1), (0.785151856009163, 1), (0.785185185127025, 2), (0.7851851851619205, 1), (0.785219399526016, 1), (0.7852257181727731, 1), (0.7852437416620202, 1), (0.7852459016264729, 1), (0.785260482746473, 1), (0.7852760735955376, 1), (0.7853211007733354, 1), (0.7853658536202272, 1), (0.7853810263774985, 1), (0.7853982300798067, 2), (0.7854435178105716, 1), (0.7854571634240985, 2), (0.7854838709614045, 3), (0.7854984894022503, 4), (0.7854984894180719, 1), (0.785525154387859, 1), (0.7855297157216841, 1), (0.785542168655768, 1), (0.7855477855294759, 2), (0.7855711422058507, 1), (0.7855711422530846, 1), (0.7855917666564648, 2), (0.785591766696892, 1), (0.7856071962840198, 1), (0.7856257744538886, 2), (0.785641025624909, 1), (0.7857142854336702, 2), (0.7857142855272021, 1), (0.7857142856711101, 1), (0.7857142856875583, 1), (0.7857142857046078, 2), (0.7857988164750549, 2), (0.7858048161234721, 3), (0.7858081471696062, 1), (0.7858572381535308, 1), (0.7858823529226874, 1), (0.7858921161793102, 1), (0.7859078590679397, 2), (0.7859213250485101, 1), (0.7859424918872298, 1), (0.7859649122255495, 2), (0.7859649122669081, 2), (0.7859733978139539, 1), (0.785977859764097, 1), (0.7859922178376664, 1), (0.7860026916842485, 1), (0.7860026917371462, 1), (0.7860169491358902, 1), (0.7860824741255058, 1), (0.7861271675997633, 2), (0.7861538460933705, 1), (0.7862068964432802, 1), (0.7862068964975014, 1), (0.786206896515583, 1), (0.7862407862311275, 1), (0.7862481315278631, 1), (0.786324786321248, 1), (0.7863397547472581, 1), (0.7863636362742756, 1), (0.7863894139737893, 1), (0.7864214992816613, 1), (0.7864406779127775, 2), (0.786497890262172, 1), (0.7865168538063407, 1), (0.7865168538221156, 1), (0.7865168539073355, 1), (0.7865168539129469, 1), (0.7865168539215371, 1), (0.7865519937389623, 1), (0.786604361309456, 1), (0.7866108785952616, 2), (0.7866492146082038, 2), (0.7866507746849426, 1), (0.7866531849558531, 1), (0.7866666664918563, 1), (0.7867298577826143, 1), (0.7867378476879253, 1), (0.7867647058245046, 1), (0.7867867866686439, 1), (0.7868080093301757, 1), (0.7868852458758399, 1), (0.7868852458855173, 2), (0.7868852458887396, 3), (0.7868852458973394, 1), (0.7869362363674351, 1), (0.7869565217220188, 1), (0.7869598180380073, 2), (0.7869674185397934, 1), (0.7869822484430956, 1), (0.7869822484741414, 1), (0.7870239773220008, 1), (0.7870370369641583, 2), (0.7870370370248919, 2), (0.7870461236351911, 1), (0.787052810835856, 1), (0.7870528108760763, 1), (0.78712220761638, 1), (0.7871559632305368, 2), (0.787172011657982, 1), (0.7871794871693962, 1), (0.7871914609687308, 1), (0.7872044506039699, 1), (0.7872340424694547, 3), (0.7872340425113168, 1), (0.7872727272011542, 3), (0.7873134326889413, 1), (0.787321063378581, 1), (0.7873462214134496, 1), (0.787353391118949, 1), (0.7874015746791465, 3), (0.7874015747721502, 1), (0.7874015747824836, 1), (0.7874720357765618, 1), (0.787479406893331, 1), (0.7874999999507827, 1), (0.7875816993335327, 1), (0.7875894987878841, 2), (0.7876106194515988, 1), (0.787628865963138, 1), (0.7876447876143765, 1), (0.7878128400149518, 1), (0.7878228782142479, 1), (0.7878321139746349, 1), (0.7878787877832875, 1), (0.7878787877992014, 1), (0.7878787877992048, 2), (0.7879581151626198, 1), (0.7879799665847043, 1), (0.7879890809683742, 1), (0.7879924952947818, 1), (0.7880794701696789, 1), (0.7881481481423107, 1), (0.7881773398238267, 3), (0.7881773398755938, 1), (0.7882205513290589, 1), (0.7882352940867323, 1), (0.7882599580547556, 1), (0.7882882882527782, 1), (0.7883211678256673, 2), (0.7883396703690365, 2), (0.788359788338932, 1), (0.7883732789312784, 1), (0.788461538431213, 1), (0.7885245901510064, 1), (0.7885714285263647, 2), (0.7885714285488954, 1), (0.7886022333431334, 1), (0.7886056970331926, 1), (0.7886178861574912, 1), (0.7886393659076799, 1), (0.7886597937128002, 1), (0.7886977886881003, 1), (0.7887323943476713, 1), (0.7887492519355042, 1), (0.7887563883484862, 1), (0.7887931034142794, 1), (0.7888153053425746, 1), (0.7888198756947399, 1), (0.7888198757519074, 1), (0.7888888888012371, 1), (0.7888888888450643, 2), (0.7888888888669716, 2), (0.7888888888742782, 1), (0.7889273355855404, 1), (0.7889273355855452, 1), (0.7889273356128437, 1), (0.7889447236048748, 2), (0.7889655171325564, 1), (0.788990825615688, 1), (0.7889908256398076, 2), (0.7889908256518828, 1), (0.7890137328142612, 1), (0.7890222983885908, 2), (0.7890222984291937, 2), (0.7890624999383555, 1), (0.7890710382470523, 2), (0.7890909089474335, 2), (0.7890909090191741, 1), (0.7891156462048196, 1), (0.7891891891678611, 1), (0.7892204042272454, 3), (0.7892376681378354, 1), (0.7892376681496394, 1), (0.789267015655158, 1), (0.7892898719257428, 1), (0.7893333332912331, 2), (0.789428814997532, 1), (0.7894736840027706, 1), (0.7894736841274238, 1), (0.7894736841585879, 1), (0.7894736841758999, 1), (0.7894736841983064, 1), (0.7895154884202128, 1), (0.7895878524603251, 1), (0.7895981086537118, 1), (0.7895981087377092, 1), (0.7896103895078463, 4), (0.7896311066405953, 1), (0.7896341463294232, 2), (0.789667896620683, 3), (0.7896995707476707, 2), (0.7897435896625951, 3), (0.7897435897030889, 2), (0.7897435897030948, 2), (0.7897435897233388, 1), (0.7897435897334636, 1), (0.7897768178517282, 1), (0.7898089171830801, 1), (0.7899159663644398, 1), (0.7899262899165853, 1), (0.7899543378875206, 1), (0.7899603698706761, 1), (0.7899807321468202, 1), (0.7899807321468219, 1), (0.7899860917721856, 1), (0.7900262466984259, 1), (0.7900466562740265, 1), (0.7900552485751315, 1), (0.7900552485751379, 1), (0.7901234566925919, 1), (0.7901234567250923, 1), (0.7901639344132768, 2), (0.7901639344219137, 3), (0.7901726427098161, 1), (0.7902298850461184, 2), (0.7902382335759418, 1), (0.7902542372044262, 1), (0.7903055847428543, 1), (0.7903225806387877, 2), (0.7903525046235527, 1), (0.79035639411341, 1), (0.7903614455926763, 1), (0.7903614457196529, 4), (0.790387182889439, 3), (0.7904191616293127, 1), (0.7904761902879823, 1), (0.7904761904510953, 1), (0.7905004240815033, 1), (0.7905138338879425, 2), (0.7905138339608506, 2), (0.7905405404871281, 3), (0.7905824039457123, 2), (0.7905935049949272, 1), (0.790624999987645, 1), (0.7906360423958421, 1), (0.7906976743573063, 1), (0.7906976743660645, 4), (0.7906976743726397, 4), (0.7907375642546515, 1), (0.7907465825363738, 1), (0.7907869481462336, 2), (0.7907869481715237, 1), (0.7908163263288817, 1), (0.7908309455360748, 2), (0.7908611597907081, 1), (0.7908611599019033, 1), (0.7908745246997912, 1), (0.7909090908371942, 1), (0.7909090909030999, 1), (0.790960451932712, 1), (0.790971540710677, 1), (0.7909836065249586, 1), (0.7909836065411673, 6), (0.7910447760603728, 2), (0.791044776089881, 1), (0.7910750507019167, 1), (0.7910863509308573, 1), (0.7911001235996147, 2), (0.7911111110232104, 2), (0.7911111110608824, 1), (0.7911392404938106, 2), (0.7911646586186539, 2), (0.7911832946452158, 1), (0.7912280701615578, 1), (0.791234140705982, 1), (0.7912371133000946, 1), (0.7912524850579999, 2), (0.7912568305967701, 1), (0.7913043477572774, 2), (0.7913385826460074, 2), (0.7913669062850436, 2), (0.7913669064368684, 2), (0.7913862717642804, 2), (0.7914201182846569, 1), (0.7914329423682663, 1), (0.7914438501827289, 1), (0.7914587443416603, 1), (0.79147640789067, 1), (0.7915006639580667, 1), (0.7915106117155699, 1), (0.7915129151145476, 1), (0.7915567282217477, 1), (0.7915936952021398, 1), (0.7916181606334889, 1), (0.7916666666006944, 2), (0.7916666666116895, 1), (0.7916666666300104, 2), (0.791666666644676, 1), (0.7916827108171307, 1), (0.7917228969824935, 1), (0.7917241378218324, 1), (0.7917954481373479, 1), (0.7918032786755435, 1), (0.7918367346777214, 1), (0.7918781725754325, 1), (0.7918918918704883, 1), (0.7919049713685913, 1), (0.7919075144356056, 2), (0.7919191918391971, 1), (0.7919463086893996, 2), (0.7919463087071166, 1), (0.7919621749315379, 1), (0.7919678714223337, 1), (0.7919708027751878, 1), (0.7920227920182791, 1), (0.7920353982213252, 2), (0.7920489296393887, 1), (0.7920529801114713, 1), (0.7921635433737513, 2), (0.7922077921563506, 1), (0.7922535211128131, 2), (0.7922848663512883, 1), (0.7923076921553259, 2), (0.7923497267615224, 1), (0.7923728812719965, 1), (0.792401628201015, 1), (0.7924242424182386, 1), (0.7924528300818788, 1), (0.7924528301207169, 1), (0.7925170067757638, 2), (0.7925407925223189, 6), (0.7925465837524784, 1), (0.7925696594304539, 1), (0.7925801011358868, 1), (0.792592592494754, 1), (0.7925925925338854, 2), (0.7925925925779099, 1), (0.7926023777966626, 1), (0.7926225820927001, 1), (0.7926605503132717, 2), (0.7926605503859928, 1), (0.7926657262633761, 1), (0.792682926824874, 1), (0.7927215189747967, 1), (0.7927272726552039, 1), (0.7927332782693189, 1), (0.7927756653841683, 2), (0.7928221859577019, 1), (0.7928331466521346, 1), (0.7928388746735481, 1), (0.7928994082058259, 2), (0.792951541791997, 2), (0.7929634641335787, 1), (0.7930107526668548, 1), (0.7930283224055349, 3), (0.793050587626028, 3), (0.7930574098586637, 3), (0.7930591259130444, 1), (0.7930607186130014, 1), (0.7930607186916214, 1), (0.7931034482416809, 1), (0.7931034482621879, 2), (0.7931034482634302, 1), (0.793103448267315, 1), (0.7931277947565747, 1), (0.793157076180615, 1), (0.7931570761806178, 1), (0.7932098765309709, 1), (0.7932203389292762, 1), (0.7932285368706969, 1), (0.7932692307596958, 1), (0.7932773108977057, 1), (0.7933299646205825, 1), (0.7933333332672231, 1), (0.793333333280443, 1), (0.7933579335646984, 1), (0.7933765298747534, 2), (0.7934093788601483, 1), (0.793442622937814, 1), (0.7934426229464829, 1), (0.7935103244720753, 2), (0.7935222671743462, 1), (0.7935368042992992, 1), (0.7935595169181399, 1), (0.7935779814693557, 1), (0.7935779816149762, 1), (0.7936507935720575, 2), (0.7936507936148, 2), (0.7936842105179621, 1), (0.7937219730585741, 1), (0.7937499999875933, 2), (0.7937671860532789, 1), (0.7937743190043777, 1), (0.7937823833374363, 1), (0.7938257992509556, 1), (0.7938342966938804, 3), (0.7938461537973074, 1), (0.7938540331890055, 1), (0.7938671208863814, 1), (0.793893129753679, 1), (0.793946449341235, 1), (0.793956043846984, 1), (0.7939622641389577, 1), (0.7939849623821352, 1), (0.7940379403686413, 1), (0.7940780618042925, 3), (0.7940964722793578, 1), (0.7941176470004279, 1), (0.7942238266861295, 1), (0.7942477876018347, 3), (0.794303797455783, 2), (0.7943262411159722, 1), (0.7943661971803029, 1), (0.7943805874738885, 1), (0.7944006998430097, 2), (0.7944219523131153, 1), (0.7944250870803363, 1), (0.7944289693150723, 1), (0.7944358577929799, 2), (0.7944444444003061, 1), (0.7944827586097363, 1), (0.794489947874925, 1), (0.7945355191213394, 1), (0.7945619334147168, 1), (0.7945823927406528, 1), (0.794602698531547, 2), (0.7946161515057517, 1), (0.7946768060685411, 1), (0.794701986228709, 1), (0.7947019866497071, 1), (0.7947019867023394, 1), (0.794726930245317, 1), (0.7947530864074889, 1), (0.7947598252118219, 1), (0.7947882735724868, 1), (0.7948051947019722, 1), (0.7948303715542041, 1), (0.794840294830531, 1), (0.7948717943622808, 2), (0.7948717948310299, 2), (0.7948717948310322, 2), (0.7948717948532674, 1), (0.7949367088272162, 1), (0.7949438201130671, 1), (0.7949465500447292, 1), (0.794952681379658, 1), (0.7949886103878164, 1), (0.7949951876728089, 1), (0.7949999999801239, 1), (0.7950819671968267, 1), (0.7950819672000806, 3), (0.7951256663522372, 1), (0.7951807226999581, 1), (0.795180722795763, 2), (0.7951807228724054, 1), (0.7951807228755977, 2), (0.7952029519561606, 3), (0.795258620681083, 1), (0.7952871870163395, 1), (0.7953667953053742, 1), (0.7953890489684323, 1), (0.7954022988140024, 2), (0.7954415954370625, 1), (0.79545454455065, 1), (0.7954545453899797, 1), (0.7954545454432453, 1), (0.7954545454485193, 1), (0.7955706983990165, 1), (0.7956131604787818, 4), (0.7956284152962008, 1), (0.7956656346626083, 3), (0.7957276368278824, 4), (0.7957393483210693, 1), (0.7957446808341254, 1), (0.7957446808341351, 1), (0.7957746478845219, 1), (0.7957860615818797, 1), (0.7958833617845922, 3), (0.7959183672657216, 1), (0.7959183673306957, 1), (0.7959442331057084, 1), (0.7959697732596537, 1), (0.7959949937222567, 1), (0.7959949937322133, 1), (0.7960088691751901, 1), (0.7960308709155428, 1), (0.7960618846470867, 1), (0.7960954445991193, 1), (0.7961165044679522, 1), (0.7961476724243779, 2), (0.796163069506174, 1), (0.796167247379823, 1), (0.7962085307679492, 1), (0.7962328767055105, 1), (0.7962962962225728, 1), (0.7962962962840139, 1), (0.796324655314501, 1), (0.7963636362188421, 1), (0.7963636362912389, 2), (0.7964601762863518, 1), (0.7964601768501872, 1), (0.7964824120402892, 1), (0.796504369438639, 1), (0.7965116278606684, 4), (0.796517954280813, 1), (0.7965517241242022, 1), (0.7965779467529182, 2), (0.7966666665338843, 1), (0.7966804978592015, 1), (0.7967078188644687, 1), (0.7967213114710572, 1), (0.7967257844257329, 1), (0.796738497369871, 1), (0.7967741935419592, 1), (0.7967871485303806, 2), (0.7968127489722379, 5), (0.7968503935753002, 2), (0.7968749999377426, 3), (0.7968749999750977, 1), (0.7968749999875487, 1), (0.796981132063441, 1), (0.7969924810831558, 1), (0.7970749541504459, 1), (0.797077009511125, 1), (0.7971014491598364, 1), (0.7971014491928458, 1), (0.7971274684385773, 1), (0.7971384772529672, 1), (0.7971849008266332, 1), (0.7972027971842159, 1), (0.7972413792003806, 1), (0.7972602739616789, 1), (0.7972972972703656, 1), (0.7972972972757488, 2), (0.7973421926380497, 5), (0.7973509933563653, 1), (0.7973640856409444, 1), (0.7973856208802866, 1), (0.7974025972990425, 2), (0.7974603174096851, 1), (0.7974683543462597, 1), (0.7974683544101907, 1), (0.7974683544177625, 2), (0.797499999900312, 1), (0.7975077880998831, 1), (0.797527047901121, 2), (0.7975790181037277, 1), (0.7975830814505115, 1), (0.7975830815629634, 1), (0.7975903614265675, 1), (0.7975986277188987, 1), (0.7976190471443035, 1), (0.7976653696187682, 1), (0.797696184302383, 1), (0.7977011494161141, 1), (0.7977099236336685, 1), (0.797752808966342, 1), (0.7977707006242407, 3), (0.7977736549017098, 1), (0.7977777776891366, 1), (0.7978142076212027, 1), (0.7978142076459136, 1), (0.7978290366133519, 1), (0.7978723403406538, 2), (0.7978723403830938, 1), (0.7979002624462496, 1), (0.7979626485433271, 2), (0.7980049873321645, 1), (0.7980295565716268, 1), (0.7980487804839138, 1), (0.7981053877939813, 1), (0.7981651375414512, 3), (0.7981651375902664, 1), (0.7981744421825732, 1), (0.7981770833281356, 1), (0.7981859410068856, 1), (0.7982195844513128, 1), (0.7982326951164006, 1), (0.7982456139850739, 2), (0.7982646420478031, 1), (0.7982693347712362, 1), (0.7982832617340702, 1), (0.7983074752047512, 2), (0.7983539093993139, 1), (0.7983606557246178, 1), (0.7984496123412034, 1), (0.7984790873512729, 2), (0.798479087437291, 1), (0.7984905660256845, 1), (0.7984981226333306, 1), (0.798507462656771, 1), (0.7985257985159888, 1), (0.7985480943448816, 2), (0.7986041873978752, 2), (0.7986501687199253, 1), (0.7986725663628488, 1), (0.7986798679340757, 1), (0.7987012986494368, 1), (0.7987082883962663, 1), (0.7987220447156765, 1), (0.7988165678110155, 3), (0.7988668555014574, 1), (0.7988929888561912, 3), (0.7989240080162117, 5), (0.7989487516373255, 1), (0.7989690720619851, 1), (0.7990012484195016, 1), (0.7991543340042639, 1), (0.7991803278360962, 1), (0.7991803278524766, 5), (0.7991967869881184, 1), (0.7992277991969391, 1), (0.7992495309418484, 1), (0.7992700728468471, 1), (0.7992957746338175, 1), (0.7993019196928729, 1), (0.7993311036655667, 1), (0.7993680884255233, 1), (0.799377915993797, 1), (0.7993827160370499, 1), (0.7994505493407377, 2), (0.7994616418843244, 1), (0.799468791479428, 1), (0.7994791666458486, 1), (0.7994891442146251, 1), (0.7994891443065192, 1), (0.7995337995151618, 1), (0.7995444190433298, 3), (0.7995971802537771, 1), (0.7996398018838413, 1), (0.7996589940255802, 1), (0.7998027613017851, 1), (0.7998560115161993, 1), (0.7999999990000001, 1), (0.7999999997894721, 2), (0.799999999851854, 1), (0.7999999998545413, 2), (0.7999999998896489, 1), (0.7999999998896568, 2), (0.7999999998961054, 1), (0.7999999998967801, 3), (0.799999999903033, 1), (0.7999999999111098, 2), (0.7999999999157918, 1), (0.79999999992, 2), (0.7999999999272686, 5), (0.7999999999333353, 1), (0.7999999999341564, 1), (0.7999999999438581, 2), (0.7999999999457597, 1), (0.799999999949206, 1), (0.7999999999499972, 1), (0.7999999999555543, 1), (0.7999999999555606, 4), (0.7999999999573333, 2), (0.7999999999578852, 1), (0.7999999999700969, 1), (0.799999999978376, 2), (0.7999999999804895, 2), (0.7999999999836698, 1), (0.7999999999850459, 1), (0.7999999999851819, 3), (0.7999999999862085, 1), (0.7999999999868845, 3), (0.7999999999892605, 2), (0.8002043944731705, 2), (0.8002936856974802, 1), (0.8003072196005915, 1), (0.8003502626269392, 1), (0.8004836759274401, 1), (0.8005336891207432, 1), (0.8005617977415646, 3), (0.8005997000298929, 2), (0.8006012024007999, 1), (0.8006182378978963, 1), (0.8006329113797348, 1), (0.8006814309369119, 1), (0.8006814309778296, 2), (0.8007279344713237, 1), (0.8007889545561311, 1), (0.8007909045931757, 1), (0.8008385744066913, 1), (0.8008474576101509, 1), (0.8008565310149538, 2), (0.800870511416748, 1), (0.8008849557433532, 1), (0.8008948544069553, 1), (0.8008998875050499, 2), (0.8009015777490506, 1), (0.8009241432391191, 1), (0.8009478672795965, 1), (0.8010139415968301, 3), (0.8010236724196983, 1), (0.8010291594510247, 1), (0.8010471203664257, 1), (0.8010680907663257, 7), (0.8010948904378569, 1), (0.8011527377290744, 3), (0.8012170385314286, 1), (0.8012367491095298, 1), (0.8012618296277222, 1), (0.8013355592386854, 2), (0.8013468012928389, 1), (0.8013582342818063, 1), (0.8013698629999785, 1), (0.8013937280833786, 1), (0.8014440432923587, 1), (0.8014842300407841, 1), (0.8015075376783762, 4), (0.8015122873042884, 1), (0.8015143320670538, 1), (0.8015151515090809, 1), (0.8015414257879931, 1), (0.8015414257879949, 1), (0.8015873015077765, 3), (0.8015873015236812, 2), (0.8016129032193389, 2), (0.8016194331659322, 1), (0.801639344249155, 2), (0.8016949151862945, 1), (0.8017429193725105, 1), (0.8017492711331298, 1), (0.8017621144197086, 2), (0.8017751478894573, 1), (0.8018181817452886, 3), (0.801826483945037, 1), (0.8018575851269101, 1), (0.8018867923771787, 1), (0.8018867924150079, 2), (0.8019169327792411, 1), (0.8020050124810791, 1), (0.8020158387300158, 1), (0.8021228203123426, 2), (0.8021248339440827, 1), (0.8021276595687786, 1), (0.8021390373473628, 2), (0.8021978021537184, 1), (0.8021978021537309, 1), (0.8022113022014467, 2), (0.8022222221330895, 1), (0.8022232515016097, 1), (0.802228412211573, 1), (0.8022312373143787, 1), (0.8022388059551835, 1), (0.8022813688060408, 1), (0.8022922635873275, 3), (0.8023255813487105, 5), (0.8023426060906031, 1), (0.8023952094847423, 2), (0.8023952094847463, 1), (0.8024193548063335, 1), (0.8024564994800163, 1), (0.8024691357034023, 1), (0.8024691357529345, 1), (0.8025417745162974, 1), (0.8025889967377794, 1), (0.8026315789121629, 2), (0.8026490066012532, 1), (0.8026607538758174, 1), (0.8026905829236447, 1), (0.8027210884080682, 1), (0.8027210884080721, 1), (0.8027357811346202, 1), (0.8027602069693628, 1), (0.8027613411832932, 1), (0.8027777777554747, 1), (0.8028169013377796, 1), (0.8028169013519021, 1), (0.8028293545392952, 1), (0.8029197078826793, 1), (0.8029197079705904, 1), (0.8029197080255348, 1), (0.8029279279188883, 1), (0.8029330888945407, 1), (0.8029739776752689, 1), (0.8030050082802177, 1), (0.8030303029086324, 1), (0.8030592733918531, 1), (0.8030888030577947, 1), (0.8030888030681324, 1), (0.8030973451238577, 1), (0.8031249999874526, 1), (0.803149606172733, 5), (0.8031496062675968, 1), (0.8031496062739165, 1), (0.8031914893189884, 1), (0.8032128512443364, 1), (0.8032258064451345, 1), (0.8032345013446179, 1), (0.803278688491666, 1), (0.8032786885081266, 2), (0.8032786885099555, 1), (0.8032786885114217, 2), (0.803347280267505, 3), (0.8034188032814715, 1), (0.8034528551923333, 1), (0.8034557235392246, 1), (0.8035487958423875, 1), (0.8035808319745341, 1), (0.8035982007790743, 1), (0.8036253776192226, 3), (0.8036363634902508, 1), (0.8036391205397748, 1), (0.8036465638092342, 1), (0.8036529680120676, 2), (0.8036697246231786, 1), (0.8037094280056074, 1), (0.8037094281174101, 2), (0.8037383177355444, 3), (0.8037825059006654, 1), (0.8037974683417144, 1), (0.8038095237329703, 1), (0.8038277511192496, 1), (0.8038942975237942, 1), (0.8038942976132452, 1), (0.8039215685749035, 1), (0.8039492241461305, 1), (0.8039538714726893, 1), (0.8040260508700955, 1), (0.804054053999724, 5), (0.8040816324889615, 1), (0.8040816326366533, 1), (0.8040885859621723, 1), (0.8040885860032642, 2), (0.8041237113236264, 1), (0.8041958041770588, 1), (0.8042553191318186, 2), (0.8042895440203, 1), (0.8043087971178429, 2), (0.8043478260650997, 1), (0.8044444444086923, 1), (0.8044596912383438, 1), (0.8045283018746479, 1), (0.8045454545088864, 1), (0.8045454545393617, 1), (0.8045977011124323, 1), (0.8045977011263045, 1), (0.8045977011391499, 3), (0.804687499937134, 1), (0.8046928916383085, 1), (0.8047337277511282, 1), (0.8047493403481603, 1), (0.8047538200202932, 1), (0.8048192769145135, 1), (0.8048452219643563, 1), (0.8048511575738881, 1), (0.8049113233068242, 1), (0.8049209138557141, 1), (0.8049382715651859, 1), (0.8049535603590575, 2), (0.8049792530452368, 1), (0.8049999999597455, 1), (0.8049999999798763, 1), (0.8050314465155634, 1), (0.8050541515954923, 1), (0.8050632911052703, 1), (0.8051055473696369, 1), (0.8051118210734034, 1), (0.8051529790530584, 1), (0.8051575931001368, 1), (0.8051948050902386, 1), (0.8052208835179664, 1), (0.805223068465153, 1), (0.8052631576828266, 1), (0.8053097344954591, 1), (0.8053333332903835, 1), (0.8053691273366117, 2), (0.8053691274807433, 2), (0.8053691274987606, 1), (0.8053691275059681, 3), (0.8054607505783438, 4), (0.8054607505783477, 2), (0.805479452043763, 2), (0.8055045870820635, 2), (0.805517241268205, 1), (0.8055555554756387, 2), (0.8055555554809662, 1), (0.8055555555108025, 2), (0.8055555555431254, 2), (0.8055832502090947, 2), (0.8055878928799628, 1), (0.8055987558069798, 1), (0.8056365403265034, 1), (0.8056394763262276, 2), (0.8056489575786392, 1), (0.8057142855991817, 1), (0.8057324840636043, 1), (0.8057553956737888, 1), (0.8057644109770843, 1), (0.805778491042415, 1), (0.8057784911458796, 3), (0.8059210526249518, 1), (0.805925925902048, 1), (0.8059701490818773, 1), (0.8059701492193639, 1), (0.8059999999194002, 1), (0.80605381161401, 1), (0.8060606060545003, 2), (0.8060836500879519, 2), (0.8061002178297999, 1), (0.8061178587458108, 1), (0.806142034543787, 2), (0.8061465720944887, 1), (0.8061538460711651, 1), (0.8061538460918314, 1), (0.8061749570906979, 1), (0.8061797751676705, 1), (0.8061874431154497, 2), (0.8062015502626058, 2), (0.8062015503459271, 1), (0.8062015503667592, 1), (0.806228373674524, 1), (0.8062730627157525, 1), (0.8062992125730271, 2), (0.8063073664201854, 1), (0.8063314710608593, 1), (0.8063337393226215, 2), (0.8063354931576454, 1), (0.8064085447047691, 4), (0.8064516128967222, 1), (0.8064516128975711, 1), (0.8064753494920338, 1), (0.8064918851234333, 3), (0.8065068493081606, 1), (0.8065099457212825, 1), (0.8065326633064492, 1), (0.8065371024663726, 1), (0.8065573770359551, 1), (0.8065573770359589, 1), (0.8065693430620112, 1), (0.8065843621067227, 1), (0.8065967015282471, 2), (0.8066202090522043, 1), (0.8066465255579041, 3), (0.8066465256553892, 1), (0.806666666577036, 1), (0.8066732090126273, 1), (0.8066759387814545, 2), (0.8067010308238756, 1), (0.8067061143188614, 1), (0.8067226890417205, 1), (0.8067796609485757, 1), (0.8067796609622584, 1), (0.8068006182255512, 1), (0.8068181817608784, 1), (0.8068410462614293, 1), (0.8068459657504421, 1), (0.8069216757594387, 2), (0.8069498069186504, 3), (0.8069620253036868, 3), (0.8069792802441222, 2), (0.8070175431517626, 1), (0.807017543765276, 1), (0.8070175438030163, 1), (0.8070175438242522, 1), (0.8070175438339121, 1), (0.8070692194284689, 1), (0.8070850981871137, 1), (0.8070953436449118, 1), (0.8071216616013158, 1), (0.8071428571140273, 1), (0.8071748878561822, 1), (0.8072033898134074, 1), (0.8072072070617631, 1), (0.8072289155653984, 1), (0.8072289156302342, 1), (0.8072289156431993, 2), (0.807228915646443, 1), (0.8073089700862659, 1), (0.8073394494672171, 1), (0.8073394495165969, 1), (0.8073770491251795, 1), (0.8073770491637859, 4), (0.8073878627861802, 1), (0.8074074073077404, 1), (0.8074074073924538, 1), (0.8074216250748076, 1), (0.807439824856961, 2), (0.8074639524952695, 1), (0.8074866309728549, 1), (0.8074957410286986, 1), (0.8075117369628363, 1), (0.8075221238848717, 1), (0.8075709778670261, 1), (0.8075880758078041, 2), (0.8076109936233585, 1), (0.8076190475677701, 1), (0.8076502732196313, 1), (0.8076514346268308, 1), (0.807692307519729, 1), (0.8076923076612426, 2), (0.8077544426363841, 1), (0.8077669901344181, 2), (0.8077858880385534, 1), (0.8077994428744326, 1), (0.8078175895502313, 1), (0.8078431372232183, 3), (0.8079096044436979, 1), (0.80790960449696, 1), (0.8079161815877062, 2), (0.8079161815877073, 2), (0.807947019814048, 1), (0.8079470198522645, 1), (0.8079999999191984, 1), (0.8080072793301556, 1), (0.8080133554577648, 2), (0.808013355565676, 1), (0.8080133555791669, 1), (0.8080645161225141, 3), (0.8080808079175567, 1), (0.8080808079991832, 2), (0.8080808080263937, 1), (0.8080808080574848, 1), (0.8080808080644832, 1), (0.80809859147816, 1), (0.8081180811062622, 1), (0.8081180811659012, 1), (0.8081264107987299, 3), (0.8081395348367392, 22), (0.8081395348602317, 1), (0.8081471747647294, 1), (0.8081632652896276, 1), (0.8081967212982256, 1), (0.8081967212982293, 1), (0.8082474226637438, 1), (0.8082901553985372, 1), (0.8083067091360511, 1), (0.808326105740821, 1), (0.808333333265976, 1), (0.8083538083438774, 6), (0.8083623691971458, 2), (0.8083623693098111, 1), (0.8083801737270466, 1), (0.8084112149154935, 2), (0.8084507042225068, 1), (0.8084891359190649, 1), (0.8085106382118529, 1), (0.808510638211865, 2), (0.8085106382548684, 2), (0.8085106382548708, 1), (0.80851063828067, 2), (0.808510638286404, 1), (0.8085977482005258, 1), (0.8086185043335092, 2), (0.808628318575125, 1), (0.8086419752961649, 1), (0.8086642598986078, 1), (0.8086956521035926, 2), (0.8087091757135711, 2), (0.8087431693944878, 1), (0.8087649401853413, 1), (0.8088235293522911, 1), (0.8088829070788081, 1), (0.8088888888649205, 2), (0.8088978765612854, 1), (0.8089053803189412, 2), (0.8089171974393469, 2), (0.8089552238685203, 1), (0.8089887640335862, 1), (0.8090225562693185, 1), (0.809027777749683, 1), (0.8090737239769721, 1), (0.8090787716739878, 3), (0.8090909089989677, 1), (0.8090909090847811, 2), (0.8091185410088415, 1), (0.8091482649714642, 1), (0.8091743118523683, 2), (0.8091993185000675, 2), (0.8092307691062708, 1), (0.8092307691685193, 1), (0.8092485548821085, 1), (0.8092485548821102, 4), (0.809248554897701, 1), (0.8092613009030593, 2), (0.8092783504111699, 1), (0.8092827003877937, 1), (0.8093220338125705, 1), (0.8093749999873492, 1), (0.8093947605411533, 1), (0.8094117646963566, 1), (0.8094575798596019, 2), (0.8095515433802041, 1), (0.8095823095723652, 1), (0.8096054887813374, 2), (0.8096192383958266, 1), (0.8096385541973614, 1), (0.809659090897589, 1), (0.8096828046068709, 1), (0.8096885812868626, 1), (0.8096885813055373, 1), (0.8097165991574998, 1), (0.8097447795635829, 1), (0.8097686374800933, 2), (0.8097928436148989, 1), (0.809836065560496, 3), (0.8098591548582851, 1), (0.8098591549153201, 1), (0.809885931543538, 1), (0.8099290780084389, 1), (0.8099808061109479, 1), (0.8099808061368521, 1), (0.8099999999190023, 1), (0.8099999999595022, 1), (0.8100289295890059, 4), (0.8101265822442973, 3), (0.8101265822656591, 1), (0.810150375932236, 1), (0.8102040816161147, 2), (0.8102189779543386, 1), (0.8102288020443805, 1), (0.8102345414050701, 1), (0.8102444702954523, 1), (0.8102564102148563, 1), (0.8102564102148622, 1), (0.8102633355293557, 1), (0.8103130754915235, 1), (0.8103448275512816, 1), (0.8103448275722355, 1), (0.8103896102843644, 1), (0.8104089218326663, 1), (0.8104448742589867, 1), (0.8105263155761737, 1), (0.8105494505316362, 1), (0.8105646630089137, 1), (0.8106312291820127, 1), (0.8106508875339931, 1), (0.8108108107560257, 3), (0.8108108107795061, 1), (0.810810810788897, 4), (0.8108108107899401, 1), (0.8108108108008502, 2), (0.8108747043958718, 1), (0.8109028960127026, 1), (0.8109028960541408, 2), (0.8110333470530626, 1), (0.8110344826467533, 2), (0.8110539845237114, 2), (0.8110795453969396, 3), (0.8110831233235412, 1), (0.8110831233848346, 2), (0.8110964332785859, 1), (0.8111111110209889, 2), (0.8111111110660506, 2), (0.8111111110885816, 1), (0.81113084664522, 1), (0.8111533585790666, 3), (0.8112094395160594, 1), (0.8112149532558669, 2), (0.8112244897545331, 1), (0.8112493239545089, 1), (0.8112798264290153, 2), (0.8113207545639065, 1), (0.8113207546914676, 1), (0.8113879003270059, 1), (0.8114035087363416, 1), (0.8114285713770523, 1), (0.8114460909472498, 1), (0.8114754097695556, 1), (0.8114754097806374, 1), (0.8114754098194359, 2), (0.8114754098227628, 2), (0.8114856428450089, 1), (0.8115015974311303, 1), (0.8115384615072494, 1), (0.8115449914972592, 1), (0.8115577889345279, 1), (0.8115942027809276, 1), (0.8116157854942972, 1), (0.8116343489180582, 1), (0.8116469517595716, 1), (0.8116591927887103, 1), (0.8117154811036267, 1), (0.8117489986432125, 2), (0.8117647058346128, 1), (0.8117647058505209, 1), (0.8117953164950737, 2), (0.81180811800629, 1), (0.8118081180212681, 2), (0.8118466898883989, 1), (0.8118518518277997, 3), (0.8118644067659022, 1), (0.8118701007384165, 1), (0.8119266054673445, 4), (0.8119469026458856, 1), (0.8119507907184612, 1), (0.8120393120293352, 2), (0.8121212120719982, 3), (0.8121606948527594, 1), (0.8121645795919111, 1), (0.8121990368920634, 2), (0.8122448979260345, 1), (0.812244897942611, 1), (0.812260536388093, 1), (0.8122699385506417, 2), (0.8122866891425609, 1), (0.8122866891425647, 2), (0.8123076922910277, 1), (0.8123543123495793, 1), (0.8124999998730443, 1), (0.8124999999365209, 4), (0.8124999999746094, 2), (0.8124999999884551, 1), (0.8124999999933203, 1), (0.8125356125309823, 1), (0.8125727590031984, 1), (0.8126064735253328, 1), (0.8126410834847574, 1), (0.8126649076409931, 1), (0.8126801152269351, 2), (0.8126888217277156, 3), (0.8127090300867431, 2), (0.8127272726533882, 2), (0.8127294981441222, 1), (0.812749003962475, 1), (0.8127659574295119, 1), (0.8127696289764815, 1), (0.8127853881154835, 1), (0.8127962085259887, 1), (0.8128149747990914, 1), (0.8128342245771999, 2), (0.8128872365783297, 1), (0.812903225701555, 2), (0.8129496399953382, 1), (0.8129496402780234, 1), (0.8129770992056085, 1), (0.8129870128814346, 1), (0.8129899215670202, 1), (0.8130081300592686, 1), (0.8130277442505907, 1), (0.813036020569243, 1), (0.8130563797978393, 2), (0.8131021194291688, 3), (0.8131147540850294, 2), (0.8131147540939184, 3), (0.8131487888991996, 1), (0.8132183907929132, 1), (0.8132832079690911, 1), (0.8132863613405802, 1), (0.8132911392276387, 1), (0.8133333332248919, 1), (0.8133333332429622, 1), (0.8133333332971832, 1), (0.8133891213321078, 1), (0.8133971287974244, 1), (0.8134110787132462, 1), (0.8134328357601912, 1), (0.8134328357905415, 2), (0.8134328358057192, 1), (0.8134490237729449, 1), (0.8134556572435915, 1), (0.8134556574425982, 1), (0.8134831460491363, 2), (0.8135095446676225, 2), (0.8135198135008503, 1), (0.8135593218960023, 1), (0.8135593219572903, 1), (0.8135593219649537, 1), (0.8135593219787417, 2), (0.8135593220032538, 1), (0.8135593220109195, 1), (0.8135593220201092, 1), (0.8136363635439048, 1), (0.8136363635993843, 1), (0.8136419001019851, 1), (0.8136531364563052, 1), (0.813725490116309, 1), (0.8137384412045724, 1), (0.8137535816385711, 1), (0.8137931033360254, 1), (0.8138195777038872, 1), (0.8138195777299171, 1), (0.8138888888662796, 1), (0.8139097744284421, 1), (0.8139183055729565, 1), (0.8139235066539396, 2), (0.8139825217460682, 1), (0.8140043762785625, 1), (0.8140350876621746, 1), (0.8140350877050165, 2), (0.8141112618503629, 2), (0.8141263940217838, 1), (0.8141321043921569, 1), (0.8142076502583887, 1), (0.8142076502687748, 1), (0.814215024737678, 1), (0.8142532221318103, 2), (0.8142548596083002, 1), (0.8142857142624491, 2), (0.814310051037963, 1), (0.8143100510795753, 1), (0.8143459914752778, 1), (0.8143982002158071, 1), (0.8144192256124312, 3), (0.814432989585766, 1), (0.8144329896067581, 1), (0.8144578313056802, 2), (0.8144654087794198, 1), (0.8144846796203624, 1), (0.8144952545157081, 1), (0.8145265888245293, 1), (0.8145956607093374, 2), (0.8146067414586221, 2), (0.8146067415615921, 1), (0.8146582099496368, 2), (0.8146718146403618, 1), (0.8146911518926665, 1), (0.8147239262803997, 1), (0.8148148147107527, 1), (0.8148148147142267, 1), (0.8148148147745771, 1), (0.8148148147906722, 1), (0.8148148147997257, 1), (0.8148148148044054, 1), (0.8148558758269683, 1), (0.814910025654569, 1), (0.8149405772357383, 4), (0.8149532709975701, 1), (0.8150470219307993, 1), (0.8150646430120808, 1), (0.8150684931367332, 2), (0.8150943395611215, 1), (0.8151041666613581, 1), (0.8151147098478846, 1), (0.8151260503859167, 1), (0.8152506471919212, 2), (0.8152866241889875, 1), (0.8152866241908393, 4), (0.8153153153061352, 1), (0.8153310104458567, 1), (0.8153409090793278, 1), (0.8153477217834356, 1), (0.8153564897960921, 1), (0.8153655514048255, 1), (0.8153756552030832, 1), (0.8153846153218909, 2), (0.8153846153427996, 5), (0.8153846153428055, 2), (0.815405046459088, 1), (0.8154093097651589, 2), (0.8154929577436087, 1), (0.8154981549665048, 1), (0.8155156102021702, 1), (0.8155619596306765, 1), (0.8155922037757745, 1), (0.8156028368601522, 1), (0.8156249999745125, 1), (0.815624999987253, 1), (0.8156862744938084, 1), (0.8157099697638753, 3), (0.8157099697803054, 1), (0.8157181571594668, 2), (0.8157423971231539, 1), (0.8157543390643675, 1), (0.815765352872304, 1), (0.8157894736126506, 1), (0.8158508158317989, 2), (0.8158730158082668, 1), (0.8158765158968175, 1), (0.8159340658219906, 1), (0.8159609120454714, 1), (0.8159722221938879, 1), (0.8159999993471854, 2), (0.8159999999564775, 1), (0.8160136285505931, 1), (0.8160143949580911, 1), (0.8160535116783927, 1), (0.816053511692043, 1), (0.8160676531044216, 2), (0.8161120839915842, 1), (0.8161209067598968, 1), (0.8161290322317363, 2), (0.8161953726981908, 1), (0.8163120567317986, 1), (0.8163265303742505, 1), (0.816326530545606, 1), (0.8163265305567131, 1), (0.8163265305705947, 1), (0.8163265305752229, 1), (0.8163265305844793, 1), (0.8163265305955852, 6), (0.816363636289418, 1), (0.8164665522875989, 2), (0.8164794006471346, 1), (0.816494845343988, 1), (0.81651376139298, 1), (0.8165137614304379, 1), (0.8165517240253015, 1), (0.8165997322077236, 1), (0.8166037735725782, 1), (0.8166089965115374, 1), (0.8166089965303752, 1), (0.8166259168504497, 1), (0.8166666665986073, 2), (0.8166666666212925, 1), (0.8166666666212988, 6), (0.8167092924056565, 1), (0.8167202572084679, 1), (0.8167938930985891, 1), (0.816855753640055, 1), (0.8168789808787106, 1), (0.81690140825894, 1), (0.8169014082863384, 1), (0.8169014084315128, 1), (0.8169312168447731, 1), (0.81693989065458, 1), (0.8169440241439537, 1), (0.8169533169432809, 1), (0.8169556839762273, 1), (0.8170212765262226, 1), (0.8170844938888504, 1), (0.8170894525816498, 2), (0.8171091445307229, 1), (0.8172043010125019, 1), (0.8172043010313309, 1), (0.8172588830413122, 1), (0.8172588832072474, 1), (0.817275747453998, 3), (0.8173138128060251, 1), (0.8173195876254948, 1), (0.8173374612876613, 1), (0.8173431734166535, 1), (0.8173690932207237, 4), (0.8173913042767491, 1), (0.8174077577896446, 1), (0.817412333726511, 1), (0.8174386920535446, 1), (0.8174474958291691, 1), (0.8174603173792201, 3), (0.8174863387933491, 2), (0.817518248026003, 1), (0.817558299028566, 1), (0.8175675675123274, 6), (0.8175779253876587, 1), (0.817589576502846, 1), (0.8176583492968266, 3), (0.8176706826652487, 1), (0.8176914777974478, 1), (0.8177172060632267, 1), (0.8177172060632281, 2), (0.8177172061050175, 2), (0.8177215189666389, 1), (0.8177339900672157, 1), (0.8177419354772734, 1), (0.8177676536654029, 1), (0.8177777776869151, 1), (0.8177777777414311, 4), (0.8177777777414361, 2), (0.8177777777535448, 1), (0.8177966101521661, 1), (0.8178025033633094, 2), (0.8178137651490675, 1), (0.8178137651711468, 3), (0.8178438661507346, 1), (0.817866769346099, 1), (0.8179012345552799, 2), (0.8179104477367748, 1), (0.8179162608745952, 1), (0.8179271708454365, 1), (0.8179419524958059, 1), (0.8179959100037205, 1), (0.8180019782353204, 1), (0.8180076628274139, 1), (0.8180327868718371, 1), (0.8180451126589395, 1), (0.8180839611605969, 1), (0.8180943214550706, 1), (0.8181096107372438, 1), (0.818181817252075, 4), (0.8181818174380259, 3), (0.8181818180330578, 3), (0.8181818180888419, 1), (0.8181818181074381, 5), (0.8181818181142003, 3), (0.8181818181322315, 2), (0.8181818181446281, 1), (0.8181818181627474, 1), (0.8181818181717658, 1), (0.818311873988797, 2), (0.8183306055579511, 1), (0.8183556405040824, 1), (0.8183673469220724, 1), (0.8184306569305719, 1), (0.8184892897222475, 1), (0.8184931506709181, 1), (0.8184955141363927, 1), (0.8185185185033574, 1), (0.8185328183748013, 5), (0.8185328185012131, 2), (0.8185328185117479, 1), (0.8185483870912673, 1), (0.8185538881086348, 1), (0.8185654008208547, 1), (0.8186046511374105, 1), (0.8186356072938872, 1), (0.8186528497126564, 1), (0.8186753528328621, 1), (0.8186813185688634, 1), (0.8186915887697432, 1), (0.8187134501966461, 1), (0.8187134502887149, 1), (0.818749999872071, 1), (0.8187499999744156, 3), (0.8187499999872084, 2), (0.8187579213157455, 1), (0.8187693172009334, 1), (0.8187919461255557, 1), (0.8188865397590641, 1), (0.8188976376663195, 2), (0.8189262966183992, 1), (0.8189415041554617, 1), (0.8189655172272593, 1), (0.8190224570565513, 1), (0.8191126277067778, 1), (0.8191304347113789, 1), (0.8191489360830676, 1), (0.819148936083076, 3), (0.8191489361266479, 2), (0.8191881918063484, 1), (0.8191881918214631, 2), (0.8191881918516932, 1), (0.8191964284800001, 2), (0.8192307691992586, 1), (0.8192307692150131, 2), (0.8192771082363122, 1), (0.819277108335034, 4), (0.8192771083679293, 1), (0.8192904656273882, 1), (0.8192999053771188, 1), (0.8193786202833424, 1), (0.8193979932836328, 1), (0.8194103194002537, 1), (0.8194174755690495, 7), (0.8194207835758582, 1), (0.8194317140088095, 2), (0.8195266271785233, 1), (0.8195555554827096, 1), (0.819557625126434, 2), (0.8196078430970791, 3), (0.8196202531515906, 1), (0.8196248196011657, 1), (0.8196319017399227, 1), (0.8196392784749852, 1), (0.8196721310803555, 3), (0.8196721310915532, 1), (0.8196721311139448, 1), (0.8196721311307452, 6), (0.8196721311430619, 3), (0.819696969690762, 1), (0.8197226501048172, 1), (0.8197596795508746, 1), (0.8197879858367515, 1), (0.8198307134120957, 1), (0.819838914759653, 1), (0.8198924730962398, 1), (0.8199026500766898, 1), (0.8199566160164934, 1), (0.8199737187856779, 1), (0.8199791883284111, 1), (0.8199999999254529, 2), (0.8199999999794989, 1), (0.8200175591905152, 1), (0.8200371057361727, 1), (0.8200455579931597, 1), (0.8200836819397389, 4), (0.8201438848527501, 1), (0.8201754385785045, 1), (0.8202175303850265, 1), (0.8203124999359124, 1), (0.8203221808966437, 1), (0.8203292769634682, 1), (0.8203592814125674, 2), (0.8203677509447878, 1), (0.8203753350986499, 1), (0.8203957381914712, 1), (0.820403825699884, 1), (0.8204081630978712, 1), (0.8204225351968226, 1), (0.8204318061705951, 1), (0.8204334365198086, 2), (0.8205128203725509, 1), (0.8205128203725703, 1), (0.8205128204286654, 1), (0.8205128204707429, 1), (0.8205128204917818, 4), (0.8205128204959895, 1), (0.8205555555327614, 1), (0.8205574912820512, 1), (0.8205804749232094, 1), (0.8206185566841148, 1), (0.8206388206287387, 1), (0.8206521738907442, 1), (0.8207407407164239, 1), (0.8207440811539872, 1), (0.8207461328331093, 2), (0.8207964601679137, 3), (0.8208955223635555, 2), (0.8209366390732264, 1), (0.8209677419288609, 2), (0.8209876543083229, 1), (0.821033210256361, 1), (0.8210526314554812, 1), (0.8210526315213328, 1), (0.8210526315357293, 1), (0.8210526315357353, 1), (0.8210922785647683, 1), (0.8211243610884884, 2), (0.821124361130452, 2), (0.821132075459305, 1), (0.8211382113598601, 1), (0.821150855339933, 3), (0.8211678830618301, 1), (0.8211678832079333, 1), (0.8211764704916285, 2), (0.821192052871355, 1), (0.8212039532056462, 1), (0.8212824010689945, 1), (0.8213114753963705, 1), (0.8213256483913153, 1), (0.821333333322381, 3), (0.8213507625093353, 1), (0.8214285713157402, 1), (0.8214285713470768, 1), (0.8215053763264203, 1), (0.8215488212722053, 1), (0.821548821493498, 1), (0.8215767634173072, 1), (0.8215892052741246, 1), (0.8215962439385914, 2), (0.8216062544303969, 1), (0.8216123498437714, 4), (0.8216216215994182, 1), (0.8216432864084914, 1), (0.8217054262291801, 1), (0.8217317487127044, 1), (0.8217488788777028, 1), (0.8217522658113794, 1), (0.8217522658362018, 1), (0.8217522658527557, 1), (0.8217636020972273, 1), (0.8217636022359815, 1), (0.821782178177141, 1), (0.8217967599168834, 1), (0.8218029349932539, 1), (0.8218111002120925, 2), (0.8218125959430236, 1), (0.821818181668757, 1), (0.8218262805320911, 1), (0.8218749999743151, 4), (0.8218749999871567, 1), (0.8219178081941573, 4), (0.8219178082121398, 1), (0.8219633942743789, 1), (0.8220064724653071, 2), (0.822018348573577, 1), (0.8220451526678585, 2), (0.8220689654038498, 1), (0.8221574341626326, 1), (0.822174226058955, 5), (0.8222222221308617, 1), (0.8222222221765407, 6), (0.822222222185679, 2), (0.8222222222069892, 1), (0.8222490930976749, 1), (0.8222523743796127, 2), (0.8222621183442957, 1), (0.8222891565026744, 2), (0.8223234623209229, 2), (0.8223748773145754, 1), (0.822384428183824, 1), (0.8223844282138381, 1), (0.8223938223620687, 1), (0.8224043715285225, 2), (0.8224299057734309, 1), (0.8224299065200932, 5), (0.8224299065266836, 2), (0.8224637680861436, 1), (0.8224776500533486, 3), (0.8224874855570968, 1), (0.8225381779451005, 1), (0.8225806451546566, 1), (0.8226018396792194, 2), (0.8226221079162845, 1), (0.8226299693938051, 1), (0.8226415093718744, 1), (0.822641509421545, 3), (0.822695035402646, 1), (0.8226950354493234, 3), (0.8227012758107027, 1), (0.8227272726898719, 1), (0.822784810113563, 1), (0.8228004956425583, 1), (0.8228043142029527, 2), (0.8228279386011235, 1), (0.822869955110826, 1), (0.8228782287063762, 1), (0.8228941684635593, 1), (0.822916666661309, 2), (0.822927328548384, 1), (0.8229426432889116, 1), (0.8229508196586409, 2), (0.8229508196676362, 1), (0.8230008983986548, 1), (0.8230277185150059, 1), (0.8230452674558433, 1), (0.823068309024463, 1), (0.8230769230452654, 1), (0.8230769230744901, 1), (0.8231173379314247, 1), (0.8232189973506128, 1), (0.8232758620600954, 1), (0.8232931726742319, 1), (0.8233009707139229, 3), (0.8233082706689553, 1), (0.8233695651055192, 1), (0.8233766232696936, 1), (0.8233970753563153, 1), (0.8234126983310107, 2), (0.8234597156349313, 1), (0.8235294116766307, 1), (0.8235294116839664, 1), (0.8235294117041542, 1), (0.8235294117324106, 1), (0.8235294117362091, 1), (0.8236363635614878, 1), (0.8236559139607806, 1), (0.8236607141937866, 4), (0.8236744759352971, 1), (0.823677581760245, 1), (0.8237097598280652, 1), (0.8237245955693199, 1), (0.8237704917695193, 1), (0.8237791931709634, 2), (0.8238482384600588, 1), (0.8239202657259832, 2), (0.8239316239269286, 1), (0.8239999999176009, 1), (0.8239999999890157, 1), (0.8240109140293541, 1), (0.8240165631356212, 1), (0.8240277242940937, 1), (0.8240601502520187, 1), (0.8240740740613588, 1), (0.8241206029943663, 1), (0.8241269840746598, 2), (0.824150943383785, 1), (0.8241525422855804, 1), (0.8241758241305377, 2), (0.8241935483804486, 1), (0.8242049469891847, 1), (0.8242074927716363, 1), (0.824218749967806, 1), (0.8242424241425244, 1), (0.8242424242091206, 1), (0.8242603550271482, 1), (0.8242612752465244, 1), (0.8242950108102275, 1), (0.8243340532727714, 1), (0.8243478260152732, 1), (0.8243801652040943, 1), (0.8244491826464196, 1), (0.8245315161558865, 1), (0.8245614034726045, 1), (0.8245931283607733, 1), (0.8246013666486796, 1), (0.8246153845984704, 2), (0.8246575342352761, 2), (0.824691357922889, 1), (0.8247011951862679, 2), (0.8247232471563914, 2), (0.8247317322347988, 1), (0.8247422679349509, 2), (0.8247422680169433, 1), (0.8247422680169446, 1), (0.8247422680290896, 1), (0.8247734137726892, 2), (0.8247734138723615, 3), (0.8248175180976622, 1), (0.8248175181879669, 1), (0.8248175182381426, 1), (0.8248275860931298, 1), (0.8249312557135658, 1), (0.824940047922071, 2), (0.824974411455219, 1), (0.8249999999312481, 2), (0.82499999995875, 1), (0.8249999999742181, 1), (0.824999999987105, 1), (0.8250319284696668, 1), (0.825040128384431, 1), (0.8251001334893179, 1), (0.8251121075863164, 1), (0.8251273344511835, 1), (0.8251366119654958, 1), (0.8252299605727638, 1), (0.8252788103884674, 1), (0.8252840908504754, 1), (0.8253055355265791, 1), (0.8253164556753062, 1), (0.8253358925091152, 1), (0.8253424657392877, 1), (0.8253477587596025, 1), (0.82536487165752, 2), (0.8253968253749918, 2), (0.8254237287995699, 1), (0.8254397834837586, 1), (0.8254545453044665, 1), (0.825511431989759, 1), (0.8255159473122797, 1), (0.8255319148233629, 1), (0.8255319148497042, 1), (0.8256333829858257, 1), (0.8256410255986862, 4), (0.8256410256198566, 1), (0.8256880731419889, 2), (0.8256880733187438, 2), (0.8256880733439934, 2), (0.8256880733566215, 1), (0.825688073369244, 1), (0.8257241040705658, 1), (0.8257575756950174, 1), (0.8257575757513201, 1), (0.8257804632343833, 2), (0.8258064515596298, 1), (0.8258145362891108, 1), (0.8258542610093637, 1), (0.8258801140983898, 2), (0.8258928571059878, 2), (0.8259187620729954, 1), (0.8259259259106294, 2), (0.8259423503280154, 1), (0.8259493669579201, 3), (0.8259493670755389, 1), (0.8259561667311898, 1), (0.8259587019836803, 1), (0.826074740072321, 1), (0.8260869564020107, 1), (0.8261327713295409, 1), (0.8261603375178823, 1), (0.8262331838101891, 1), (0.8262350936263838, 1), (0.8262548262229243, 1), (0.8262548262484459, 1), (0.8262711863531507, 3), (0.82627737225071, 1), (0.8262910796829029, 1), (0.826325411183484, 1), (0.8263374484916635, 1), (0.8263624840524246, 1), (0.8264352469408257, 2), (0.8264462809063583, 1), (0.826446280968967, 1), (0.8264957264604059, 2), (0.8264984226998993, 1), (0.8265060240764742, 1), (0.8265306122167838, 1), (0.8265424912496723, 2), (0.8265682656064041, 2), (0.8265682656216498, 1), (0.8265835929215648, 3), (0.8266228430431112, 1), (0.8266666666141805, 2), (0.8266666666207405, 1), (0.8266666666299269, 2), (0.8266666666421756, 2), (0.8266666666497086, 1), (0.8266871165010193, 1), (0.8267045454427988, 1), (0.8267419961556711, 1), (0.8267509214941172, 1), (0.8267800212364107, 1), (0.8268156423657175, 1), (0.8268292681918618, 1), (0.8268292682725187, 1), (0.8268456375727927, 1), (0.8268551236676082, 2), (0.8268656716171099, 1), (0.8268684957270247, 2), (0.8268733849701865, 1), (0.8268733849701912, 1), (0.8268792709764363, 3), (0.8268876610656669, 1), (0.8269230768435646, 1), (0.8269961977029086, 1), (0.827004219374386, 1), (0.8270181218837924, 2), (0.8270676690692936, 2), (0.8270676691211114, 1), (0.8270893371519574, 1), (0.8270980787839151, 1), (0.8271092669204088, 1), (0.8271186440117239, 1), (0.8271604938144018, 2), (0.8271844658588074, 3), (0.827292110697805, 2), (0.8273092367816675, 1), (0.8273195875222527, 1), (0.8273572377103127, 1), (0.8273779567103436, 1), (0.8273809522988674, 1), (0.8274231678291399, 1), (0.8274231678389202, 1), (0.8274839347462797, 1), (0.8275229357038975, 1), (0.8275456150628152, 1), (0.8275862067908542, 1), (0.8275862068608822, 2), (0.8275862068693731, 1), (0.8276533592183398, 1), (0.8277189605310126, 4), (0.8277404919848432, 1), (0.8277703604585366, 3), (0.8277777777317888, 2), (0.8277777777317952, 2), (0.8277777777547828, 2), (0.8277945618084924, 1), (0.8277945618835163, 1), (0.827794561883522, 1), (0.8278260868845377, 1), (0.8278388277781783, 2), (0.8278481012448659, 1), (0.8278529980497454, 1), (0.8278688524024691, 1), (0.8278965129265695, 1), (0.8279301743571219, 3), (0.8279483036822318, 1), (0.827956989158283, 2), (0.8279999998343972, 1), (0.8280254776718476, 1), (0.8280254776938204, 1), (0.8280701753804831, 3), (0.8281249999353038, 2), (0.8281249999741211, 3), (0.8281249999870605, 1), (0.8281338626870031, 3), (0.8282208588787671, 1), (0.8282442747775396, 2), (0.8282504011511652, 2), (0.8282582216607012, 1), (0.8282630029278075, 1), (0.8282828281991618, 1), (0.828300258829537, 2), (0.8284023668148885, 1), (0.8284023668614544, 1), (0.8284132840564193, 2), (0.8284518827758607, 1), (0.8284671531334945, 1), (0.8284671532808944, 1), (0.8284789643744842, 1), (0.8285163776173986, 1), (0.8285229201896704, 1), (0.828534031359396, 1), (0.8285714282755086, 1), (0.8285714284530629, 4), (0.8286252353736878, 1), (0.8286445012717069, 1), (0.8286516852768734, 1), (0.8286852589311255, 4), (0.8287013643170416, 1), (0.8287112561039324, 1), (0.8287461773446828, 1), (0.8287878787816009, 1), (0.828789531061531, 1), (0.8288135593079878, 1), (0.8288707799574183, 2), (0.8288770053032666, 1), (0.8288973382979892, 1), (0.8289473684132623, 1), (0.8289676423992327, 1), (0.829015544012815, 1), (0.8290322580377673, 1), (0.829048843134382, 2), (0.8290713323244883, 1), (0.8290713323802766, 1), (0.8290909089401657, 2), (0.8291139239194418, 1), (0.8291139240375149, 1), (0.8291203234753164, 1), (0.8291621327439692, 1), (0.8292011019055276, 1), (0.82926829263589, 2), (0.8292682926757036, 1), (0.829310344813294, 1), (0.8293153326744584, 1), (0.8293216629289639, 1), (0.8293333333222731, 1), (0.8293460924775322, 1), (0.8293577980129633, 1), (0.829373650072168, 1), (0.8293910417631674, 2), (0.8294117646814859, 1), (0.8294314381132194, 1), (0.8294434468887869, 1), (0.8295042321544179, 1), (0.8295053003460295, 1), (0.8295081967077116, 1), (0.8295254831582587, 2), (0.8295652173191675, 1), (0.8295819935424551, 1), (0.8296007788870898, 1), (0.8296296295067249, 2), (0.8296296295272131, 2), (0.8296529968323387, 1), (0.8296943231078703, 1), (0.829763246880956, 1), (0.8297872339542751, 2), (0.8298086606160107, 1), (0.8298136644931919, 1), (0.8298245613889497, 1), (0.8298368298174874, 1), (0.8298453139066471, 1), (0.8298587760033739, 1), (0.8298611110822977, 1), (0.8298636036733804, 1), (0.829875518603333, 1), (0.8298755186377638, 1), (0.8298755186549811, 1), (0.8299711815322784, 1), (0.8299999999170068, 1), (0.8299999999584955, 4), (0.8300283285883844, 1), (0.8300835654133638, 1), (0.8300835654549856, 1), (0.8301158300837801, 1), (0.8301404853022974, 3), (0.8301886791706939, 1), (0.8302180684711685, 1), (0.8302469135674378, 1), (0.8302583025064345, 5), (0.8302872062229613, 1), (0.8303030302527117, 1), (0.8303030302967395, 1), (0.8303249097173171, 1), (0.8303715670302059, 1), (0.8303797468144197, 1), (0.8304542546332039, 1), (0.8304597701030143, 1), (0.8305084744355257, 1), (0.8305084745058885, 1), (0.8305084745586769, 1), (0.8305400371666172, 1), (0.8305489260044081, 2), (0.8305785123795348, 1), (0.8306010928810426, 1), (0.8306203255243889, 1), (0.8306451612679931, 1), (0.8306527909019776, 1), (0.8306878306658583, 1), (0.8306942752538187, 1), (0.830769230684026, 1), (0.8307692307266237, 1), (0.8307692307266296, 2), (0.8307692307372746, 1), (0.8307692307372834, 1), (0.8307692307408269, 1), (0.8308157098442871, 1), (0.8308351177374406, 2), (0.8308605340999734, 1), (0.8309455587154463, 1), (0.8309659090318909, 6), (0.8309859154344374, 1), (0.8310104529544324, 1), (0.8310344827442973, 1), (0.831050228285202, 1), (0.831067961003681, 1), (0.8310810810249233, 3), (0.8311111110741749, 1), (0.8311111111049535, 1), (0.831147540969982, 1), (0.8311688310608876, 1), (0.8311688311448402, 1), (0.8311688311534127, 1), (0.8311990686651618, 2), (0.8312101910695666, 1), (0.8312499999740243, 2), (0.8313043477971672, 1), (0.8313120175489179, 1), (0.8313253011046557, 1), (0.8313253011332785, 1), (0.8313725489870067, 1), (0.8313725490033083, 1), (0.831428571309795, 2), (0.8314606740238413, 1), (0.8314960629659328, 1), (0.8315371525336621, 1), (0.8315565031628318, 1), (0.8315789473596675, 1), (0.8316008314279412, 2), (0.831619537221618, 1), (0.8316326528490676, 1), (0.8316326528490736, 1), (0.8316326530187992, 1), (0.8316831681795933, 1), (0.8316831682756575, 1), (0.8316831683050702, 1), (0.8317073169717503, 1), (0.8317107092953643, 1), (0.8317289179790852, 1), (0.8317515099079902, 1), (0.8317669172854159, 1), (0.8317802844450037, 1), (0.8318042812946842, 1), (0.831892411063216, 1), (0.8319018403887267, 1), (0.8319088319040917, 1), (0.8319185059281495, 4), (0.8319467553384406, 1), (0.831967213057927, 1), (0.8319672130806521, 1), (0.831967213080656, 1), (0.8319999993343709, 2), (0.8319999999958382, 1), (0.8320373249741833, 1), (0.8320413436262454, 2), (0.8320545609477228, 1), (0.8320610686705289, 2), (0.8320802004943006, 1), (0.8320987653293751, 2), (0.8321033209564471, 1), (0.8321167883090201, 1), (0.8321464902510529, 1), (0.832151300216736, 1), (0.8321554770244509, 3), (0.8321579688530105, 1), (0.8321678321484359, 1), (0.8321678321629843, 1), (0.8322147650820485, 1), (0.832244008678335, 1), (0.8322784809994873, 2), (0.8322851152865351, 1), (0.8323699421644546, 1), (0.8323699421644571, 1), (0.8324125230049253, 2), (0.83242258650578, 1), (0.8324324322824407, 1), (0.8324324324099331, 1), (0.8324324324260058, 1), (0.8324413338788279, 1), (0.832460732929816, 2), (0.8324697754462025, 1), (0.8325358850878009, 2), (0.8325652841142397, 1), (0.832625318535886, 1), (0.8326271185558675, 1), (0.8326315789386053, 1), (0.8326417703780716, 1), (0.8326530610545564, 4), (0.8326653306571528, 1), (0.8326693226759921, 2), (0.832671582482549, 3), (0.8326947636228992, 2), (0.8327316485960877, 1), (0.8327351040321093, 1), (0.8327868852322488, 1), (0.8328075709516511, 1), (0.8328358208830947, 1), (0.8328474246801101, 1), (0.8328530259125962, 1), (0.8328767122527065, 1), (0.8328826392194206, 1), (0.8328958879411289, 1), (0.8329411764313931, 1), (0.8330206378830602, 1), (0.8330484330436854, 1), (0.8330494036769142, 1), (0.833103448160954, 2), (0.8331360946720924, 1), (0.8331515812250136, 1), (0.8331977217114209, 1), (0.8332075471572352, 2), (0.8333333324652827, 2), (0.8333333326388968, 2), (0.8333333327991665, 1), (0.8333333328373326, 4), (0.8333333331790115, 1), (0.8333333332407408, 1), (0.8333333332602335, 1), (0.8333333332638889, 2), (0.8333333332702028, 1), (0.8333333332764117, 1), (0.8333333332870371, 4), (0.8333333332922396, 1), (0.8333333332936508, 1), (0.8333333332947522, 2), (0.8333333333043962, 2), (0.8333333333179013, 1), (0.8333333333187135, 2), (0.8333333333194445, 1), (0.8333333333204738, 1), (0.8334388853652084, 1), (0.8335273573729078, 1), (0.8335358444613172, 1), (0.8336520076163073, 1), (0.8336713995858643, 1), (0.8336842105175406, 1), (0.8337129840166835, 1), (0.833827893051364, 1), (0.8338368578800818, 1), (0.8339222614767325, 1), (0.8339483394218448, 5), (0.8339622641194739, 1), (0.8339622641352049, 1), (0.8339643050252341, 2), (0.8339768339446357, 1), (0.8340425531205224, 1), (0.83404255317374, 3), (0.8340707963679129, 1), (0.8340707964509507, 1), (0.8340727595237961, 1), (0.8341511285410376, 1), (0.8341523341420879, 1), (0.8342857142327447, 1), (0.834293026226269, 1), (0.8343195265778534, 2), (0.8343558281568747, 1), (0.8343848580310051, 1), (0.83442265793389, 1), (0.8344370860374579, 2), (0.8344370860769306, 1), (0.8344549124045125, 1), (0.8344549124606669, 1), (0.8344827585631407, 2), (0.834482758591916, 2), (0.8344923503707246, 1), (0.8345238095188411, 1), (0.8345323739806539, 2), (0.8345679011315372, 1), (0.8346456691598881, 8), (0.8346456692650506, 1), (0.8346709468965172, 1), (0.834670947003703, 1), (0.8346839546123601, 1), (0.8346883468608479, 1), (0.8346994534948964, 1), (0.834703196270803, 1), (0.8347107437326727, 1), (0.8347338935106632, 1), (0.8347457626234377, 1), (0.8347529811895443, 4), (0.8347529812322054, 1), (0.8348056537028724, 1), (0.8348214285341626, 1), (0.834825061011637, 1), (0.8348457349969217, 1), (0.834862385129613, 1), (0.8348623852445071, 2), (0.8349146109740063, 2), (0.8349404423803212, 1), (0.8349514561485544, 2), (0.8349514562836576, 1), (0.834983498322285, 1), (0.8349999999582522, 2), (0.8349999999791273, 1), (0.8349999999860819, 1), (0.8350168349606037, 1), (0.8350197975875487, 1), (0.8350626117918598, 1), (0.8350877192396413, 2), (0.8350877192396493, 1), (0.8351177729835059, 1), (0.8351351351125664, 2), (0.8351368554528856, 1), (0.8351383874648604, 1), (0.8351648351189349, 1), (0.8351648351189473, 1), (0.8351648351546379, 1), (0.8351769911412039, 1), (0.8351870575495263, 1), (0.8352365415850672, 1), (0.835249042038918, 1), (0.8352490421349223, 1), (0.8352941176143004, 1), (0.8353057198799173, 1), (0.8353140916666287, 1), (0.8353413652941148, 1), (0.8353413653947507, 1), (0.8353765323261518, 1), (0.835380835370573, 1), (0.8354011579127039, 1), (0.8354430379535331, 1), (0.8354646206237388, 1), (0.8354755783524758, 1), (0.8355029585774114, 1), (0.8355555555025042, 1), (0.8356713426686252, 2), (0.8356729975089074, 1), (0.8357256778042839, 2), (0.8357810413661986, 3), (0.8357933579181582, 1), (0.8358208954997047, 1), (0.8358531317464514, 1), (0.8358556460806539, 2), (0.8358620688502262, 1), (0.835897435854567, 1), (0.8358974358545729, 2), (0.8359133126805598, 2), (0.83592400687959, 1), (0.8359374999346864, 1), (0.8359374999346908, 2), (0.835990888287476, 1), (0.8360277136129963, 1), (0.8360655737133849, 1), (0.8360655737567858, 1), (0.8360655737659232, 1), (0.8360742705126749, 1), (0.836086403959834, 2), (0.8361204013238114, 1), (0.8361581919329261, 2), (0.836158192058905, 1), (0.8361904761864961, 1), (0.8362676055601868, 1), (0.8363080061107978, 1), (0.8363292336644048, 1), (0.8363636362115744, 1), (0.8363636362550171, 4), (0.8363636362875971, 6), (0.8363636363129586, 1), (0.8364249577944661, 1), (0.8364368394480491, 2), (0.8364565587021745, 3), (0.8365019011247811, 1), (0.8365180466736053, 1), (0.8365937859560582, 1), (0.8366013071530917, 1), (0.8366247755083802, 3), (0.8366412213101788, 1), (0.8366477272133044, 1), (0.8366533864208497, 2), (0.8366863905300695, 1), (0.8366972476296608, 1), (0.8367346937921785, 1), (0.8367952522006888, 2), (0.8368055555264947, 4), (0.8368200836469958, 1), (0.836842105254349, 1), (0.8368794325647557, 1), (0.8368794326122428, 2), (0.8369230769059084, 1), (0.836947791097436, 1), (0.8369829683290968, 1), (0.8369905955981654, 1), (0.8369977255433133, 1), (0.837037037021533, 1), (0.8371212120894966, 1), (0.8371246587654748, 1), (0.837138508345901, 1), (0.837146702500864, 1), (0.8371710526246964, 1), (0.8372093021092496, 1), (0.837209302195772, 2), (0.8372093022699462, 3), (0.8372093022699494, 1), (0.8372093022823162, 2), (0.8372569088962424, 1), (0.8372670806413347, 1), (0.8372739916317831, 1), (0.8372781065063987, 1), (0.837310195136948, 1), (0.837389380521711, 1), (0.8373904575620844, 1), (0.837438423604069, 1), (0.8374433819744598, 1), (0.8374558303812938, 1), (0.8374655647152072, 1), (0.8374999994765705, 1), (0.8374999999476619, 1), (0.8374999999738268, 2), (0.8374999999869126, 2), (0.837552742527685, 1), (0.8375886524763285, 1), (0.8376068374636498, 2), (0.8376068374636693, 1), (0.8376288658714375, 1), (0.8377049180190526, 1), (0.8377281947176699, 1), (0.8377358490439587, 1), (0.8378033205512406, 2), (0.8378216636644191, 1), (0.8378378376760981, 1), (0.8379120877969931, 1), (0.8379204892453888, 1), (0.8379272325426762, 2), (0.8379310344538629, 1), (0.8379446639985035, 1), (0.8379530916665676, 1), (0.8379530916755009, 1), (0.8379746835336942, 1), (0.837979094069356, 1), (0.8379888266595916, 1), (0.8380634390371221, 1), (0.8380765456165257, 1), (0.8380952380553245, 1), (0.8380952380553299, 1), (0.8381201044277011, 1), (0.8381601362576399, 1), (0.8381742738415328, 1), (0.8381818181056171, 2), (0.8382458662229894, 1), (0.8382978723149448, 1), (0.8382978723225817, 1), (0.8383141762323637, 2), (0.8383233532432147, 1), (0.8383437322269802, 1), (0.8384279475616435, 1), (0.8384279475738431, 1), (0.8384615384292882, 1), (0.8384925975209606, 1), (0.8385036496312086, 1), (0.8385093167528267, 4), (0.8385269121575474, 2), (0.8385321100148119, 1), (0.8385650223839246, 1), (0.8386206895394984, 2), (0.8386734119820869, 1), (0.8387096773111342, 1), (0.8387096773291773, 1), (0.8387096774051156, 1), (0.838775510186962, 1), (0.8387824126079199, 1), (0.8388349512934389, 5), (0.8388791592960696, 1), (0.8388888888422789, 1), (0.8388888888422852, 1), (0.8389513107043161, 2), (0.8389610388520858, 1), (0.8389830507763587, 1), (0.8389830508296833, 1), (0.8390284067482959, 3), (0.8390367552802255, 2), (0.8390410958832261, 1), (0.8390804597580616, 1), (0.8391608390434767, 1), (0.8391608391021592, 1), (0.8391608391315005, 2), (0.8391608391412788, 1), (0.8391670358511658, 1), (0.8392007610999864, 1), (0.8392261507615804, 1), (0.8392370571749773, 3), (0.839256865878866, 2), (0.8392857142482449, 2), (0.8393162392803714, 1), (0.8393285369689828, 1), (0.8393891521411585, 2), (0.8394160582409809, 1), (0.8394160583839482, 1), (0.839436619694669, 2), (0.8394495410918594, 1), (0.8394495412458995, 3), (0.8394781621758655, 1), (0.8395061727358754, 1), (0.8395061727704097, 2), (0.8395348837014042, 1), (0.8395461912411692, 1), (0.8395522387668121, 1), (0.8395677472286329, 2), (0.839590443399462, 1), (0.8395989973885211, 1), (0.8396226414302226, 1), (0.8396396394883531, 1), (0.8397163120507829, 1), (0.8397212543480849, 1), (0.8397246803500736, 1), (0.8397328880768179, 1), (0.8397790054320522, 1), (0.8398384925410611, 2), (0.8398637137274397, 4), (0.8398791539516797, 1), (0.839879154053174, 3), (0.8398950131013159, 1), (0.8398950131123368, 1), (0.8399071925559215, 1), (0.8399999998472736, 1), (0.8399999999300011, 1), (0.8399999999440015, 1), (0.8399999999579977, 3), (0.8399999999580091, 1), (0.8399999999626656, 1), (0.8400239664419423, 1), (0.8400281888062008, 1), (0.8400556327065243, 1), (0.8400597907073188, 1), (0.8400770712585698, 1), (0.8401084010612417, 1), (0.8401114205660088, 1), (0.8401135288393577, 1), (0.8401253918231963, 1), (0.8401253918231969, 1), (0.8401253918363579, 1), (0.8401360543931948, 1), (0.8401639343688428, 1), (0.8402002310325752, 1), (0.8402061854587318, 2), (0.8402255639018786, 1), (0.8402366863491033, 1), (0.8402555910408903, 1), (0.8402991640633396, 1), (0.8403148007087078, 1), (0.840322580638383, 2), (0.8403361343831646, 1), (0.8403361343949344, 2), (0.8403361344302417, 1), (0.8404040403700829, 1), (0.8404255318701932, 1), (0.8404802744137063, 1), (0.8405063290713737, 1), (0.8405063290784597, 1), (0.8405122234961461, 1), (0.8405172413430816, 1), (0.8405253281725108, 1), (0.8405405405178209, 1), (0.8405466969429894, 1), (0.8405603735767804, 1), (0.8405797101275232, 2), (0.8406125921247524, 2), (0.8406249999737299, 1), (0.8406349205815475, 1), (0.8406374501657072, 2), (0.8406466510760575, 1), (0.8406524466222915, 1), (0.8406779660304515, 1), (0.840677966044706, 1), (0.8406779660732036, 1), (0.8406909788813784, 1), (0.8407534246503331, 1), (0.8407643311744875, 1), (0.840816326359017, 1), (0.8408304497978942, 1), (0.8409090908135339, 1), (0.8409090908453881, 1), (0.8409090908493656, 1), (0.8409586056278434, 2), (0.8409999999579496, 1), (0.8410256409825103, 1), (0.8410256409825162, 1), (0.8410757945799012, 2), (0.8410914926418783, 1), (0.841095890399432, 2), (0.8411037106716399, 1), (0.8411214945410451, 1), (0.8411214952484942, 2), (0.8411214952484987, 1), (0.841121495295659, 1), (0.8411214953113809, 1), (0.8411497730456534, 1), (0.8411633109243298, 2), (0.8411669367841044, 1), (0.8411867364453313, 2), (0.8412228796429394, 1), (0.8412256267253243, 1), (0.8412322274831672, 1), (0.8412537916237361, 1), (0.841257050697723, 1), (0.8412698411863827, 13), (0.8412698412253294, 1), (0.8412852968995818, 1), (0.8413284132065182, 1), (0.8413284132220398, 4), (0.8413461538057041, 1), (0.8413510747099122, 1), (0.8413793102287744, 1), (0.8413793102287784, 1), (0.8414096915681767, 1), (0.8414201183407075, 1), (0.8414376321175219, 1), (0.8414481896577489, 1), (0.8414481897417887, 2), (0.8414918414722273, 1), (0.8414985590535594, 1), (0.8415672912830743, 2), (0.8415716095257828, 1), (0.841596130582325, 1), (0.8416230365941371, 1), (0.8416578108216428, 1), (0.8416666665965297, 3), (0.8416886543424548, 1), (0.8416988415363531, 2), (0.8416988416663427, 2), (0.8416988416771771, 1), (0.8417266186949401, 1), (0.841818181741652, 1), (0.8418491483775229, 1), (0.8419047618513088, 1), (0.8419150857414688, 1), (0.8419380460014362, 1), (0.8419705694123991, 1), (0.8419753085380375, 2), (0.8419999999158015, 1), (0.8421052624192479, 1), (0.842105263069252, 2), (0.8421052630840274, 1), (0.8421052630987996, 5), (0.8421052631135734, 2), (0.8421052631238072, 1), (0.8421052631435947, 3), (0.8421052631509709, 1), (0.8422018347851192, 1), (0.8423236514173282, 2), (0.8423457730367028, 1), (0.8423645319782116, 1), (0.8424170616063819, 1), (0.8424242422966016, 1), (0.8424242423731919, 1), (0.8424507657721669, 1), (0.8425096029651054, 1), (0.8425196850062043, 1), (0.8425487098029196, 1), (0.8425925925795957, 1), (0.8426270136098477, 1), (0.842666666621722, 2), (0.8426738689505312, 2), (0.8426966290951247, 1), (0.8426966292040146, 1), (0.8427299703014043, 1), (0.8427835050460336, 1), (0.8428324697463612, 1), (0.8428405122038896, 2), (0.8428499241956261, 1), (0.8428571427367314, 1), (0.842857142817009, 1), (0.8428720083071211, 1), (0.8428805237246897, 1), (0.842886597934667, 1), (0.8428927680097381, 1), (0.8429065743361321, 1), (0.8429203538890561, 2), (0.842923794686069, 2), (0.8429334082370629, 1), (0.8429752065825422, 1), (0.8430451127740322, 1), (0.8430493273164549, 1), (0.8430583500836372, 1), (0.8430769230509851, 1), (0.8430769230583943, 1), (0.8431372548688966, 1), (0.8432267884065998, 1), (0.8432563790906059, 1), (0.8432601880613397, 1), (0.8432708687527035, 1), (0.8433544303664013, 1), (0.8433734938742912, 1), (0.8433734939555815, 1), (0.8433734939589692, 1), (0.8434048082622888, 1), (0.8434782608328962, 1), (0.8434925864631507, 1), (0.8435013261480795, 2), (0.8435114503494794, 1), (0.8435483870899706, 1), (0.8435814454321902, 1), (0.8435852371100907, 1), (0.8436103663910313, 1), (0.8436268068275719, 1), (0.8436578170261885, 1), (0.8436724565058985, 1), (0.8437113402027041, 1), (0.8437499999340777, 4), (0.8437499999340822, 1), (0.8437499999400724, 1), (0.8437499999472656, 1), (0.843749999967043, 1), (0.8437499999736329, 4), (0.8437499999945055, 1), (0.8437724981971062, 1), (0.8437917222738607, 1), (0.8437956204256406, 1), (0.8438228438031758, 1), (0.8438485804283308, 1), (0.8438538205419315, 2), (0.8438948995232792, 1), (0.8439024389214853, 1), (0.843910806030209, 7), (0.8439108061460079, 1), (0.8439153438930156, 1), (0.8439306358056345, 1), (0.8439999999887491, 1), (0.8440158819714114, 3), (0.8440366969895895, 1), (0.8440366970928358, 1), (0.8440366971702704, 2), (0.8440944881623893, 1), (0.8441558440462132, 2), (0.8441558440873227, 1), (0.8441558441010301, 1), (0.8441717790375238, 1), (0.844186046501816, 1), (0.844192634536998, 1), (0.8442437922869342, 1), (0.8442622950127624, 1), (0.8442622950646639, 2), (0.8442622950681269, 3), (0.8442776733875632, 2), (0.844290657410232, 1), (0.8443017655145544, 4), (0.8443496801525711, 1), (0.8443786982223556, 1), (0.8443804034338804, 1), (0.8444444442880653, 1), (0.8444444443908297, 1), (0.8444444443975334, 7), (0.8444444444069136, 1), (0.8444444444176374, 1), (0.8444444444194239, 1), (0.8444444444209871, 1), (0.8444730076578129, 1), (0.8445092322602309, 1), (0.8445945945375267, 1), (0.8446069468291405, 1), (0.8446115287691333, 1), (0.8447339847532724, 1), (0.8447619047578804, 1), (0.8448275861777645, 1), (0.8448275861923306, 1), (0.8448844883930827, 1), (0.8448979591664326, 2), (0.844974446265335, 2), (0.8449931412778467, 1), (0.8449999999577432, 1), (0.8449999999577545, 1), (0.8450184501689105, 1), (0.8450244698067658, 1), (0.8450704224029606, 1), (0.8450704224360223, 1), (0.8450704224608222, 2), (0.8450704225153758, 2), (0.8450805008793372, 1), (0.8451025055985094, 4), (0.8451327433441295, 1), (0.8451612902680555, 1), (0.8451688009116383, 1), (0.8451704544854267, 2), (0.8452950557944079, 1), (0.8453159041026, 1), (0.8453608245679667, 1), (0.8453608246551231, 1), (0.8454106279784853, 1), (0.8454469507030475, 1), (0.8454545453776922, 1), (0.8454545454161115, 1), (0.8454661557030079, 1), (0.8454661558001837, 4), (0.8455008488820817, 3), (0.8455284551127047, 1), (0.845528455257056, 1), (0.8455467868268827, 1), (0.8455598455271983, 3), (0.8455621301750137, 1), (0.8455882352319406, 3), (0.8455882352630284, 1), (0.845614035013541, 2), (0.8456189151364238, 3), (0.8456284152427854, 1), (0.845665961885436, 1), (0.8456790123326318, 2), (0.8456824512063682, 1), (0.8457831325097436, 1), (0.8457899716017849, 2), (0.8458149778493648, 1), (0.8458149779114658, 1), (0.845839017712256, 2), (0.8458646616011374, 1), (0.8458646616461857, 1), (0.845871559555424, 3), (0.8458904109299332, 1), (0.8459016393165263, 1), (0.8459016393303936, 1), (0.8459119496589341, 1), (0.8459214501255004, 2), (0.8459302325458485, 1), (0.8459323254109227, 1), (0.8459459459230814, 1), (0.8459530025667943, 1), (0.8459869846321083, 1), (0.8459869847238639, 1), (0.845999999915398, 1), (0.8460111317097184, 1), (0.8460236886489672, 1), (0.8461538459911218, 1), (0.8461538460946709, 1), (0.8461538460996103, 1), (0.8461538461037763, 3), (0.8461538461073446, 1), (0.8461538461073571, 1), (0.8461538461213017, 1), (0.8462104488283217, 1), (0.8462238398390126, 2), (0.846251588202512, 1), (0.8462623412064506, 1), (0.8462709284369457, 1), (0.8462847418691836, 1), (0.8462867011797486, 2), (0.8463251669436198, 1), (0.846332046266696, 1), (0.8463476070102645, 1), (0.8463611859805699, 1), (0.8463855421559435, 1), (0.8464419475338363, 1), (0.8464419475444117, 1), (0.8464528668569156, 1), (0.8464566928800615, 1), (0.8464584249517614, 1), (0.8464619491526709, 1), (0.8464619492430854, 1), (0.8464730289754034, 2), (0.8464818763235996, 1), (0.8465517241233417, 1), (0.8465608464712644, 1), (0.8465608465384519, 1), (0.8466019415831858, 1), (0.8466257667672887, 1), (0.8466413180169046, 1), (0.8466617754331112, 1), (0.8466666666626358, 1), (0.8466780237779652, 1), (0.8467153284632929, 1), (0.8467532465333097, 5), (0.8467874793790194, 1), (0.8467874793929698, 1), (0.8467943380163685, 1), (0.8468125593866006, 1), (0.8468468466942602, 1), (0.8468634685565612, 2), (0.8468694096449576, 1), (0.8468720821622434, 1), (0.846874999973536, 1), (0.8468749999867647, 2), (0.8469055374133077, 1), (0.8469387754929196, 2), (0.8471001757171505, 1), (0.8471177944437528, 3), (0.8471337579078205, 1), (0.8472151251829599, 1), (0.847222222104557, 1), (0.8472222221986884, 1), (0.847277556418402, 1), (0.8472906403662637, 1), (0.8473034437396185, 1), (0.8473436448656809, 1), (0.8473520248693247, 1), (0.8473684210437119, 1), (0.8473804099262661, 1), (0.8473895580627804, 2), (0.8473967682500201, 1), (0.8474148801910831, 1), (0.8474576269750105, 2), (0.8474576269880639, 1), (0.8474576270228866, 1), (0.8474576270388454, 2), (0.8474576270611893, 2), (0.8474576270947025, 1), (0.8474810213823681, 1), (0.8474970896193817, 1), (0.8475247524668598, 1), (0.847533632248988, 1), (0.8475675675217519, 1), (0.8475836430911754, 1), (0.8475849731512063, 1), (0.8476027397187692, 1), (0.8476118271353488, 1), (0.8476190475786827, 1), (0.8476357267208741, 1), (0.8476821191741087, 1), (0.8476953907645748, 2), (0.8477011494131088, 1), (0.8477043672537665, 1), (0.8477064218628065, 1), (0.8477064219405778, 2), (0.8477508650225698, 1), (0.8477611940045404, 1), (0.8477905073580366, 1), (0.8477970626937383, 2), (0.8478146392391891, 1), (0.8478260869196598, 1), (0.8478802991813935, 1), (0.8479087450859465, 1), (0.8479381442206223, 1), (0.8479427549043301, 1), (0.8480204342056717, 2), (0.8480565370949814, 1), (0.8480921526247358, 1), (0.8481012657959544, 1), (0.8481439819927054, 1), (0.8481581311007945, 1), (0.8481581311693757, 1), (0.8482142856764199, 1), (0.8482220294147274, 2), (0.848223896658513, 1), (0.8482490271713481, 1), (0.8482972136157263, 1), (0.8483005366574551, 1), (0.8483353883884497, 1), (0.8483412322224605, 1), (0.8483606556797587, 1), (0.8483606557029387, 1), (0.8483606557203232, 1), (0.8483709272651385, 1), (0.848375451232911, 1), (0.848381601333951, 1), (0.8483870967605085, 1), (0.8484848483730579, 1), (0.8484848483991402, 1), (0.8484848484577873, 1), (0.8484848484614714, 1), (0.8484848484650702, 1), (0.8485536017669574, 1), (0.8485915492808321, 1), (0.8486055776554314, 1), (0.8486140723137326, 2), (0.8486140724584835, 1), (0.848623853172081, 1), (0.8486646884021131, 3), (0.8486842105193356, 1), (0.8487084870065765, 1), (0.8487084870222348, 3), (0.8487084870535543, 1), (0.8487155089582542, 1), (0.8487179487070653, 1), (0.8487229862141968, 1), (0.8487804877013738, 1), (0.84879673073884, 1), (0.8488063660027161, 1), (0.8488120950293434, 1), (0.8488372092776426, 1), (0.8488888888511564, 2), (0.8488964346205607, 4), (0.8489090160524942, 2), (0.8489135927150181, 2), (0.8489361701676081, 1), (0.8489795918194067, 2), (0.8490284004709986, 1), (0.8491048593277991, 1), (0.8491228069579578, 7), (0.8491281273627809, 1), (0.8491295937940218, 1), (0.8491321761782942, 1), (0.8491525423009169, 1), (0.8491761722624619, 1), (0.849230769213351, 1), (0.8493150684155896, 1), (0.8493150684640633, 2), (0.8493150684672987, 2), (0.8493870402058329, 1), (0.8494129657555166, 1), (0.8494208493880503, 1), (0.849420849388054, 2), (0.8494318181214878, 5), (0.8494623655000543, 2), (0.8495297805509426, 1), (0.8495394063372612, 1), (0.8495575213720872, 1), (0.8495575220299151, 1), (0.8495742667767379, 1), (0.8496143958322886, 2), (0.8496551722965988, 1), (0.8496551724020787, 1), (0.8496835442903533, 1), (0.8497854076523884, 1), (0.8498023715247053, 1), (0.849823321547263, 1), (0.849840255577477, 1), (0.8498527968429855, 1), (0.8498583569164357, 2), (0.8498622589239004, 1), (0.8498942916948633, 1), (0.8498999332831866, 1), (0.849933598915009, 2), (0.8499641061844984, 1), (0.8499999989375266, 1), (0.8499999998365356, 1), (0.8499999998671863, 1), (0.849999999915, 2), (0.8499999999527752, 5), (0.8499999999575, 3), (0.849999999973439, 2), (0.8499999999931422, 1), (0.8499999999949416, 1), (0.8500619578475805, 1), (0.8500851788032304, 1), (0.8500948766280783, 1), (0.850111856785229, 3), (0.8501228499139851, 1), (0.8501228501124071, 1), (0.8501362397356814, 1), (0.8501440921945194, 1), (0.8501827039987807, 1), (0.8502024291153748, 1), (0.8502109703744515, 1), (0.8502415458526438, 2), (0.8503289473614296, 1), (0.8503401359965794, 1), (0.8503937006534746, 1), (0.8503937007682683, 1), (0.850393700777835, 1), (0.8504137491501951, 1), (0.8504594820313256, 1), (0.8504672895871493, 1), (0.8504801097277042, 1), (0.8504983388139167, 6), (0.850505050419142, 1), (0.8505263157715699, 2), (0.8505747116660121, 1), (0.8506184585299186, 1), (0.8506616256928027, 1), (0.8506998444128527, 2), (0.8507223112599155, 1), (0.8507223113691588, 1), (0.8507462686249732, 1), (0.8507462686313211, 1), (0.8508474576126983, 1), (0.8508771929451355, 1), (0.8508771929451426, 1), (0.8509090907543814, 1), (0.850912778896037, 1), (0.8509249183802938, 1), (0.8509316769305426, 1), (0.8510204081458939, 3), (0.8510638296226158, 1), (0.8510638296966923, 1), (0.8510638296966974, 3), (0.8510638297268736, 1), (0.8510638297671154, 3), (0.8510638297691263, 2), (0.8510638297751622, 1), (0.8511198944860153, 1), (0.8511235953860762, 2), (0.8511326860565968, 1), (0.8511450381354493, 1), (0.8511627906580833, 1), (0.8511821974728426, 1), (0.8512195120913181, 1), (0.8512241053812423, 1), (0.8512518409174886, 1), (0.8512658227713394, 1), (0.851265822771343, 2), (0.8512736236507586, 1), (0.8512820512383912, 2), (0.851282051238397, 3), (0.8513513513408921, 1), (0.8513591671437154, 1), (0.8513761466327721, 1), (0.8514190316484623, 1), (0.8514412416473799, 3), (0.8515337422268048, 2), (0.8515406162226474, 2), (0.8515624999334691, 1), (0.8515742127658793, 1), (0.8515789473594579, 1), (0.8516012629602938, 1), (0.8516129031983307, 1), (0.8516320473513936, 1), (0.8516483516015556, 1), (0.8516949151640117, 1), (0.8517699114950017, 2), (0.8518024031474097, 2), (0.8518024031815288, 2), (0.8518057284968434, 1), (0.8518518517729755, 2), (0.8518518518455419, 1), (0.851913477509086, 1), (0.851936218581786, 3), (0.8519568916136148, 1), (0.8519593613314984, 1), (0.8519637461720836, 1), (0.8519637461978268, 1), (0.8519855595462851, 1), (0.8520055324798885, 2), (0.8520179371815234, 1), (0.8520286396079648, 2), (0.8520325202974963, 1), (0.8520547945088734, 1), (0.8521536670348738, 1), (0.8521607278176487, 1), (0.8522025524872282, 1), (0.8522427440520804, 1), (0.85229202035904, 1), (0.8523206750815099, 1), (0.852348993259991, 1), (0.8523592084976446, 1), (0.8524590163585047, 1), (0.852459016379468, 3), (0.8525033829422424, 1), (0.8525469168672256, 1), (0.8525641025367726, 2), (0.8526037068973884, 1), (0.8526315788576201, 1), (0.8526315789324084, 1), (0.8527724665065939, 1), (0.8528329653843676, 1), (0.8528481012523292, 1), (0.8528784646369133, 2), (0.852878464806641, 1), (0.8529411762615359, 1), (0.8529411764078638, 1), (0.8530120481242572, 4), (0.8530259365748404, 2), (0.8530571991689835, 1), (0.8530579824580579, 1), (0.8530612243157022, 3), (0.8530927833952184, 1), (0.853107344552438, 1), (0.8531249999733385, 1), (0.8531249999866685, 3), (0.8531289910382371, 1), (0.8531468530871984, 1), (0.8531468531269674, 2), (0.8531914893163172, 2), (0.8531951640465236, 1), (0.8532110090960363, 2), (0.8532423205279016, 2), (0.8532423208045535, 1), (0.8532555879453205, 1), (0.8533094812011932, 1), (0.8533333332574835, 1), (0.8533333332791533, 1), (0.8533333332878209, 2), (0.8533333332954094, 5), (0.8533333333219555, 1), (0.8533469596233687, 1), (0.8533772652107642, 1), (0.8533834585931478, 1), (0.8534201953934103, 1), (0.8534278959609107, 1), (0.8534883720731758, 2), (0.8534923338284957, 1), (0.8535178777294861, 2), (0.8535211267004555, 1), (0.853543307059728, 1), (0.8535612535563885, 1), (0.8535825544506538, 1), (0.8536082474191604, 2), (0.8536121672841532, 2), (0.8536285361803727, 2), (0.8536335721509357, 1), (0.8536585364812623, 2), (0.8536585365680144, 1), (0.853731343258095, 1), (0.8537414965695982, 1), (0.8537549406777152, 1), (0.8537782139184736, 1), (0.853808353797865, 1), (0.8538102643192998, 1), (0.853813559303944, 1), (0.8538681948179438, 1), (0.8538899430415974, 1), (0.8539638386410583, 1), (0.8539823008471661, 2), (0.8539985325859129, 1), (0.854014598536254, 1), (0.8540245565933411, 1), (0.8540245566049908, 1), (0.8540305010521134, 1), (0.8540305010707148, 1), (0.8540433924628196, 2), (0.8540540540309691, 2), (0.8540623796655613, 1), (0.854092526659996, 2), (0.8541353383201757, 2), (0.8541666665678028, 1), (0.8541666666370029, 1), (0.854202401298952, 1), (0.8542141229095427, 3), (0.8542413381020993, 1), (0.8542458807535837, 1), (0.854285714163672, 1), (0.8542857142613088, 1), (0.854430379611638, 1), (0.8544378698199578, 1), (0.8544520547872052, 1), (0.8544600937629939, 1), (0.8544726301165214, 1), (0.8544726301507475, 3), (0.8544819557426173, 1), (0.8545454544344759, 3), (0.8545454544677665, 4), (0.8545454545343559, 3), (0.8545659526301129, 1), (0.8545688545468587, 1), (0.8546409806607146, 1), (0.8546637743107736, 1), (0.8547008546765038, 1), (0.8547008546959847, 2), (0.8547368420962663, 2), (0.8548387096084842, 1), (0.8548387096705254, 1), (0.8549295774045804, 1), (0.8549382715917467, 1), (0.8549618319958039, 1), (0.8549905837236337, 2), (0.8550057537350128, 2), (0.85500747381599, 1), (0.8550295857566557, 2), (0.8550724637557235, 1), (0.8551724136751471, 1), (0.8551724136751548, 1), (0.855191256772186, 1), (0.8551959113848278, 2), (0.8552380951566457, 1), (0.8552522745363729, 1), (0.8552631578866988, 1), (0.8553191488906732, 1), (0.8553191489179681, 2), (0.8554216867212239, 2), (0.8554720133596038, 1), (0.8554744525422545, 1), (0.8554778554579159, 1), (0.8555078682610138, 3), (0.8555133079685279, 1), (0.8555240792958865, 1), (0.8555431130539988, 3), (0.8555555555080234, 5), (0.8555555555397086, 1), (0.8555678058593638, 1), (0.8555758682947385, 1), (0.8555858310160458, 1), (0.8555956678391502, 1), (0.8556067587668488, 1), (0.8556149731705204, 1), (0.8556832694654452, 1), (0.8556876060975268, 1), (0.8557377047777466, 1), (0.8557894736752018, 2), (0.855807743601081, 2), (0.8558282207932628, 1), (0.8558558557273477, 1), (0.8558730158186759, 1), (0.8558823529160042, 1), (0.8558951964691676, 1), (0.8559139783105589, 1), (0.8559738134136161, 1), (0.8559999999144002, 1), (0.8560126582143016, 1), (0.8560606059957588, 2), (0.8560669455708781, 1), (0.8560885608224298, 3), (0.8561278863131295, 1), (0.8561341570294655, 1), (0.8561403508020917, 1), (0.8561403508171161, 3), (0.8561643835323235, 1), (0.8561643835469822, 1), (0.8561643835543123, 4), (0.856194690170774, 1), (0.8561946902560157, 1), (0.8562499999732416, 3), (0.8562691128879869, 4), (0.8562962962709273, 1), (0.8563484707269385, 1), (0.8563829786778496, 2), (0.8563829786778613, 1), (0.8563899867119377, 2), (0.856412876843572, 1), (0.8564307078336777, 1), (0.8564920271397463, 1), (0.8564920272372994, 2), (0.8564971750444688, 1), (0.8565022421140559, 2), (0.8565310492138523, 1), (0.8565356004068748, 1), (0.8565573769906706, 1), (0.8565656565310497, 1), (0.8565676899762813, 1), (0.8566108006651183, 2), (0.8566243193881424, 1), (0.8566978191811976, 1), (0.8567493112711599, 1), (0.8567530695537008, 1), (0.8568019092976487, 1), (0.8568102444503646, 1), (0.8568207440618526, 1), (0.8568232662000692, 1), (0.8568904593563875, 1), (0.8569072164913125, 1), (0.8569800569751744, 2), (0.8571428566326627, 2), (0.8571428570052766, 1), (0.8571428570315388, 10), (0.8571428570363959, 2), (0.8571428570471907, 2), (0.8571428570553903, 1), (0.8571428570658474, 1), (0.857142857085902, 5), (0.8571428570871991, 1), (0.8571428570884354, 1), (0.8571428571020409, 1), (0.8571428571093146, 1), (0.8571428571097609, 2), (0.8571428571129927, 1), (0.8571428571137049, 2), (0.8571428571147091, 1), (0.8571428571199661, 1), (0.8571428571240189, 1), (0.8571428571241613, 1), (0.8571428571253645, 2), (0.8571428571256082, 1), (0.8571428571272603, 1), (0.8571428571348019, 1), (0.8573256557846624, 2), (0.8573315719833883, 1), (0.8573743921509406, 1), (0.857392825821753, 1), (0.8573964497016059, 1), (0.8574091331912943, 1), (0.8574277168067078, 1), (0.8574317491549645, 1), (0.8574358974183082, 1), (0.8574712643579538, 1), (0.8576300085178373, 1), (0.8576388888591093, 1), (0.8576850094551164, 3), (0.8576923076593178, 1), (0.8577738515825293, 1), (0.8577777777396574, 2), (0.8577878103708377, 1), (0.8578088577888617, 2), (0.85781990517261, 2), (0.8578236695108963, 1), (0.8578431372128518, 1), (0.8578553613820793, 1), (0.8578947368270541, 3), (0.8578947368330747, 1), (0.857901726404836, 1), (0.8579234972521295, 1), (0.8579310343644231, 1), (0.8579439252176103, 1), (0.8579465541249535, 1), (0.8579545453936102, 1), (0.8579710144803199, 1), (0.8580060422442344, 1), (0.8580121703766934, 1), (0.8580246913447898, 2), (0.8580441640243228, 2), (0.8580542264479112, 1), (0.8580858084392575, 1), (0.8581081080501303, 2), (0.8581081080791165, 1), (0.8581314878595794, 3), (0.8581314878595838, 2), (0.8581818181038015, 2), (0.8582089551918575, 1), (0.8582375478795672, 1), (0.8582375478817604, 1), (0.8582677164678519, 2), (0.8583333332618017, 1), (0.8583690986387683, 1), (0.858387799526868, 1), (0.8583959899211535, 1), (0.8584070795510645, 1), (0.8584126983581967, 1), (0.8584247257797408, 1), (0.8584568216570416, 1), (0.8584758942190188, 1), (0.858490566010739, 1), (0.8585247883813958, 2), (0.8585365853379368, 1), (0.8585526315718882, 1), (0.8585567010273867, 1), (0.8586572438010802, 1), (0.8586666666208723, 2), (0.8586762074980563, 1), (0.8586810227646445, 1), (0.8587155962514947, 2), (0.8587196467675221, 1), (0.8587223587118106, 2), (0.8587570619851682, 2), (0.8587699315650625, 1), (0.8587896253354825, 1), (0.8589341692655343, 1), (0.8589398022588559, 2), (0.8589473684029734, 1), (0.8590163934285423, 1), (0.8590225563829049, 1), (0.8590263691596437, 1), (0.8590831918360059, 4), (0.8590909090518636, 1), (0.8591224018078947, 1), (0.8591385331581095, 4), (0.8591836734606186, 1), (0.8592870543928881, 1), (0.8593040846941215, 1), (0.8593155892446982, 1), (0.8593252704736262, 1), (0.8593481988971386, 1), (0.8593749999328606, 2), (0.8593749999389625, 1), (0.8593749999731446, 1), (0.8594202898426164, 1), (0.8594249201140709, 2), (0.859459459413001, 1), (0.8594657375045367, 1), (0.8595271208818472, 1), (0.8595271209774834, 1), (0.8595317725465061, 1), (0.8595419846672102, 1), (0.8595505617736051, 1), (0.8595744680668099, 1), (0.8595988538435624, 2), (0.8596961572756036, 1), (0.8597014925116494, 1), (0.8597168596947325, 1), (0.8597603945835297, 2), (0.8598130840891908, 2), (0.8598425196579563, 1), (0.859872611451275, 1), (0.8598848368467067, 1), (0.8598979012558198, 1), (0.8599508599402956, 4), (0.859967051042509, 1), (0.8599857853466963, 1), (0.8599999999139966, 1), (0.8599999999570023, 2), (0.8599999999754261, 1), (0.8599999999828001, 1), (0.8600989653582536, 1), (0.8601398601198103, 1), (0.8601769911199921, 1), (0.86026200871484, 1), (0.8602941175838038, 1), (0.860310421266954, 1), (0.8603351954345992, 1), (0.8603531298779526, 1), (0.860465116259059, 1), (0.8604774535352548, 1), (0.860534124603544, 2), (0.8605466012010844, 1), (0.860548271731573, 1), (0.8605504586366459, 1), (0.8605577688900132, 1), (0.8605577689185916, 1), (0.8605697150134065, 1), (0.8605737158047989, 1), (0.8605769230355477, 1), (0.8606060605017475, 1), (0.8607594936466707, 1), (0.8607594936587782, 1), (0.8607594936599904, 1), (0.8607843136832948, 1), (0.860784313708614, 2), (0.8607863974312275, 2), (0.86086086077469, 1), (0.8609022555851582, 1), (0.8609154929425918, 1), (0.8609271522608677, 1), (0.8609271522862048, 1), (0.8609625667988721, 1), (0.8609625668219012, 1), (0.8610038609706167, 2), (0.8610169490941714, 2), (0.8610323312047067, 2), (0.8610478358928193, 1), (0.8610871440748743, 1), (0.86111111103139, 1), (0.8611111110632717, 2), (0.8611111110812077, 1), (0.8611111110978257, 1), (0.8611644273777274, 1), (0.8611698378533376, 1), (0.8611713665009574, 1), (0.8611898016753242, 2), (0.8612064737531997, 2), (0.8612440191112835, 1), (0.8612836438804522, 1), (0.8613026819791377, 1), (0.8613138684035714, 1), (0.8613138684559638, 1), (0.8613138685502665, 1), (0.8613138685712218, 1), (0.8613138686005647, 1), (0.8613496931458607, 1), (0.8613636362657558, 1), (0.8613861385712178, 1), (0.8614097968833746, 1), (0.8614232209415182, 1), (0.8614232209522751, 1), (0.8614800758686355, 3), (0.8614864863409639, 6), (0.8614916285886894, 1), (0.8614958447560294, 1), (0.8615384614942777, 1), (0.8615384615053245, 2), (0.8615384615207891, 1), (0.8615916954719172, 3), (0.8616666666523064, 1), (0.8617142856157999, 1), (0.8617543859346753, 1), (0.86175942541636, 1), (0.861776061709518, 1), (0.8617886178581532, 1), (0.8618504434902627, 1), (0.8618556700853264, 2), (0.8618693134109277, 1), (0.8618784529910566, 1), (0.8619047618637199, 2), (0.8619079386199989, 1), (0.861924686120338, 2), (0.8619402983466561, 1), (0.8619402984913799, 1), (0.8619957536788959, 1), (0.8620689654577883, 1), (0.8620689655023782, 1), (0.8620689655079501, 1), (0.8621190129998458, 2), (0.8621553884171587, 1), (0.8621722846119044, 1), (0.8622047243755081, 2), (0.8622159090296713, 6), (0.8622222221839053, 1), (0.862288135501875, 1), (0.8622908622686665, 1), (0.8622950819389397, 1), (0.8623376622256683, 10), (0.8623853209031178, 1), (0.8623853210217995, 5), (0.8623853210613611, 1), (0.8624787775744929, 3), (0.8624833109662868, 1), (0.8624999999730477, 2), (0.8624999999865205, 2), (0.8625093914220529, 1), (0.8625235404084273, 1), (0.8625336927190513, 1), (0.8625792811231453, 1), (0.8625792811474574, 1), (0.8625954198143998, 1), (0.8626023657713822, 1), (0.8626373625188685, 1), (0.8626373625899528, 1), (0.862637362613667, 1), (0.862676056322841, 1), (0.8627450979969263, 1), (0.8627450980053826, 3), (0.8627760252229857, 1), (0.8628192998890709, 2), (0.8628318583116329, 2), (0.8628659474787594, 3), (0.8628762541517424, 1), (0.8629032256904724, 2), (0.8629032257994927, 1), (0.8629629629469805, 1), (0.8630338733177285, 1), (0.8630609896383015, 1), (0.8631578946459881, 3), (0.8631578946611239, 2), (0.8631578946762665, 1), (0.8631743549580675, 4), (0.863213811398056, 1), (0.8632653061048351, 1), (0.8633038120875498, 2), (0.8633093525076332, 1), (0.863313609464902, 1), (0.8633405639538737, 1), (0.8633879781184864, 1), (0.8633879781373586, 1), (0.8634020617444034, 2), (0.8634482757429713, 1), (0.8634686346226165, 4), (0.8634686346544872, 1), (0.8634920634646489, 1), (0.863505154635613, 1), (0.8635294117545478, 2), (0.8635346755958913, 1), (0.8635634028615264, 1), (0.8635749662236519, 1), (0.8636363626549896, 1), (0.8636363635750237, 1), (0.8636363635872875, 2), (0.863636363608324, 2), (0.8636363636132772, 1), (0.8636363636257535, 1), (0.8636836628332228, 1), (0.8637532133120979, 1), (0.8637873753578872, 2), (0.863821138193824, 1), (0.8638297871421458, 2), (0.8638297872156613, 1), (0.863833477808864, 1), (0.8638497651230272, 1), (0.8638573743852186, 2), (0.8638920134885922, 1), (0.8639053253926708, 1), (0.8639455781725278, 1), (0.8639455782270947, 1), (0.8639825897620868, 1), (0.8639999993087872, 3), (0.8639999999539224, 1), (0.8640406606271877, 1), (0.8640674394007992, 1), (0.8640973630743995, 1), (0.8641975307575102, 1), (0.8641975308523445, 1), (0.8642105263066939, 1), (0.8643702906304391, 1), (0.864406779579623, 1), (0.8644067796121784, 2), (0.8644067796427025, 1), (0.8644168146320607, 1), (0.8644338117746629, 1), (0.8644939965398137, 1), (0.8644970414175629, 1), (0.8645016796344367, 1), (0.8645161289207135, 3), (0.8645161289764813, 2), (0.864516129004369, 1), (0.8645418326348798, 1), (0.8646125116672968, 1), (0.8646288209229465, 2), (0.8646288209418249, 1), (0.8646616540811634, 1), (0.8646864685041864, 1), (0.8646967340322016, 4), (0.8647140864472879, 1), (0.8647166361183971, 1), (0.8647450110481284, 3), (0.8648648648181154, 1), (0.8648648648414902, 1), (0.8648915186950277, 2), (0.8649425287232033, 1), (0.8649999999567477, 2), (0.8649999999567591, 1), (0.865051903084255, 5), (0.8650519031042089, 1), (0.8650793649077264, 1), (0.8650904033139022, 1), (0.865116279054292, 1), (0.8651436993240218, 3), (0.8651535380276342, 3), (0.8651685393015385, 1), (0.8651778328482074, 1), (0.8651851851595515, 1), (0.8651942116629677, 1), (0.8652037617283649, 1), (0.8652246255951686, 1), (0.8652631578856292, 2), (0.8652849739811818, 1), (0.8653061223783443, 1), (0.8653061224313222, 2), (0.8653295128691809, 1), (0.8653766982261605, 1), (0.8653846153608417, 1), (0.865443425049984, 1), (0.8654970759221603, 3), (0.8654970759221793, 1), (0.8655172413494617, 1), (0.8655256722658324, 1), (0.8655462184833513, 1), (0.8655737704776129, 1), (0.8655737704776165, 1), (0.8656015037512645, 1), (0.8656249999729507, 2), (0.8656265727139844, 1), (0.8656410256232653, 1), (0.8656716417587449, 1), (0.8657105605129448, 1), (0.8658008657758766, 1), (0.8658146964717905, 2), (0.8658367911240427, 1), (0.865874363312972, 1), (0.8658777119888637, 2), (0.8658847526683757, 1), (0.8659003831307036, 1), (0.86595949853682, 2), (0.8659793813540214, 1), (0.8659793813837824, 1), (0.8659932659349474, 1), (0.8660317459767608, 1), (0.8660624370506946, 1), (0.8660779984964636, 2), (0.8660968660919312, 1), (0.8661181750122299, 1), (0.866120218520075, 1), (0.8661233992813451, 1), (0.8661290322510766, 1), (0.8661417321470611, 3), (0.8661417322493653, 1), (0.8661800486196479, 1), (0.8662207357714716, 1), (0.8662420381613776, 2), (0.8662827895018161, 1), (0.8663484486770119, 1), (0.8663853726901156, 1), (0.8663967610985285, 1), (0.8663967611297057, 1), (0.8664169786683631, 1), (0.8664383561495522, 1), (0.8664495113442084, 1), (0.8664495113536124, 1), (0.8664596273157388, 1), (0.8664688427042526, 1), (0.8664886514775355, 2), (0.8666017525933211, 1), (0.8666035950640195, 1), (0.8666077738439354, 1), (0.8666666665222298, 1), (0.8666666665885895, 1), (0.8666666666141386, 1), (0.8666666666185134, 1), (0.8666666666185198, 6), (0.866666666622221, 1), (0.8666666666222269, 1), (0.8666666666281482, 2), (0.8666666666425876, 1), (0.8666666666491601, 2), (0.8666666666555544, 2), (0.8666666666602469, 1), (0.8666666666625398, 1), (0.866738894898519, 1), (0.8667601682968702, 1), (0.8667736756233138, 1), (0.8667736757346146, 1), (0.8667763157823469, 1), (0.8667917448242602, 2), (0.8668106551444694, 2), (0.8668280871565789, 1), (0.8668320925668449, 1), (0.866855524054762, 2), (0.8668941976563357, 1), (0.8669527896809633, 1), (0.8669623059818881, 1), (0.8669796555763776, 1), (0.8669950738062049, 1), (0.8670120897800698, 1), (0.8670309653758251, 2), (0.8670520231070675, 1), (0.8671209539295467, 1), (0.8671328671025456, 1), (0.867153284658875, 1), (0.8671586715067184, 2), (0.867187499932252, 1), (0.8672364672315247, 1), (0.8672413792953956, 1), (0.8672566364006555, 2), (0.8672566371489496, 1), (0.8672566371553534, 1), (0.8672839505905173, 1), (0.8672985781579449, 1), (0.8673469387460093, 1), (0.8673765730712991, 1), (0.8674033148692056, 1), (0.867420349345587, 1), (0.8674351584764424, 4), (0.8674388674165403, 1), (0.8674418604550339, 1), (0.8674698794135621, 1), (0.8675105485158875, 1), (0.8675324675212003, 1), (0.8675496688167188, 1), (0.867549668816722, 1), (0.8675496688422527, 1), (0.8675623800328368, 1), (0.8675914249575363, 1), (0.8675958187851007, 1), (0.8676012460383475, 1), (0.8676789586911412, 1), (0.8676789587476078, 1), (0.867692307674508, 1), (0.8677354709244938, 2), (0.8677685949696083, 2), (0.8677966101106548, 2), (0.8678071539387929, 2), (0.8678343948906387, 1), (0.867846607667056, 1), (0.8678468505522119, 1), (0.8678815488760959, 2), (0.8678881388453634, 2), (0.8678899081772581, 1), (0.8679245282109103, 1), (0.8679245282200095, 1), (0.867924528260954, 1), (0.867986798536634, 1), (0.8680203045538396, 1), (0.8680555555254127, 1), (0.8680555555254161, 1), (0.8680851063368031, 1), (0.8680947012205612, 1), (0.8681135225085759, 1), (0.8681318680841639, 1), (0.8681541582062052, 1), (0.8681898065257992, 1), (0.8681898066478687, 2), (0.8681948423819995, 1), (0.8682634730018995, 1), (0.868263473001901, 1), (0.8683473388869262, 1), (0.8683473389112497, 1), (0.8683914510588464, 2), (0.8684210525553993, 1), (0.8684210525858725, 1), (0.8684210525934879, 1), (0.8684210526244373, 1), (0.8684516879890938, 2), (0.8684536082438392, 1), (0.8684546615470189, 1), (0.8685121106965927, 1), (0.8685376661486421, 1), (0.8685503685396991, 1), (0.8685567009189994, 1), (0.8685790526960051, 2), (0.8686244202676014, 1), (0.8686327077670339, 1), (0.8686567163919777, 1), (0.8686765457243874, 1), (0.8687116563351318, 1), (0.8687258685581599, 4), (0.8687499999728502, 4), (0.8687499999864314, 1), (0.8687719297940778, 1), (0.8688245314865811, 1), (0.8688387635683469, 1), (0.8688419705638605, 1), (0.8688524588739546, 1), (0.8688524589451787, 1), (0.8688524589807874, 1), (0.8689138576562068, 1), (0.8689407540082893, 1), (0.8689655171215236, 2), (0.8689956331498303, 1), (0.8689956331687998, 1), (0.8690095846506576, 1), (0.8690213391880418, 1), (0.8690702086956693, 2), (0.8690782503392325, 1), (0.8691258211129947, 1), (0.8691358023618483, 1), (0.8691358023976018, 1), (0.869158878488427, 1), (0.8691834942169304, 1), (0.8692307692281981, 1), (0.8692493946626006, 1), (0.8692699490514512, 1), (0.8692810456948146, 1), (0.8692913385552951, 1), (0.86932599722505, 1), (0.8693356796801865, 2), (0.869379014952058, 2), (0.8693809595869992, 1), (0.8693957114840277, 1), (0.8694096600762291, 1), (0.8694798822204217, 1), (0.8695255474412911, 2), (0.8695652172652761, 1), (0.8695652172652832, 1), (0.8695652173331401, 1), (0.8695652173708667, 1), (0.8695652173767638, 1), (0.8696264974721922, 1), (0.8696319017737998, 1), (0.8697247704826205, 1), (0.8697247705624118, 3), (0.869776482017153, 1), (0.8698539176049228, 1), (0.8698817106302141, 1), (0.8699315428715195, 1), (0.8699360340780433, 1), (0.8699360341027712, 1), (0.8699999999129988, 2), (0.8699999999565046, 2), (0.8700102354056289, 1), (0.8700128699904742, 1), (0.8700564970768354, 1), (0.8700696055482602, 1), (0.8700729926880267, 1), (0.8701030927655612, 3), (0.870109546029719, 2), (0.8701215610948811, 1), (0.8701472556311817, 1), (0.8701517706087605, 1), (0.8701594532038526, 2), (0.8701754385354247, 3), (0.8701783491965928, 1), (0.8701799485301953, 1), (0.8702127658648712, 1), (0.8702127659512738, 1), (0.8702290076003697, 1), (0.8702928869564598, 1), (0.8703170028567635, 1), (0.8703374777872068, 1), (0.870349492652306, 1), (0.8703703702897835, 1), (0.8703703703542525, 1), (0.8703703703569406, 1), (0.8703878902389725, 1), (0.8704028020253595, 1), (0.8704156479004748, 1), (0.8704663212134574, 1), (0.8704918032644168, 1), (0.8704939919660715, 2), (0.870523415953976, 1), (0.8705281089548118, 1), (0.870624048692989, 1), (0.8707070706191204, 1), (0.8707070706894788, 2), (0.8707204905378546, 2), (0.870730073671327, 3), (0.8707482992604942, 1), (0.8707482992901082, 3), (0.870769230702248, 1), (0.8707931277742811, 1), (0.8708086784580441, 1), (0.8708133970458583, 1), (0.870848708379975, 2), (0.8708487084228115, 1), (0.8708571427576168, 1), (0.8708791208551975, 1), (0.8709175738453843, 1), (0.8709256843714555, 1), (0.8709273182411696, 1), (0.8709677416545507, 1), (0.8709677418418328, 1), (0.8709677419284599, 1), (0.8710801392210648, 1), (0.8710990501798859, 1), (0.871111111072391, 1), (0.871111111072396, 3), (0.8711111110853031, 1), (0.8711256116034111, 1), (0.8711340205062938, 1), (0.8711484593796871, 1), (0.8711656440648898, 1), (0.871181938887883, 1), (0.8712446351744366, 1), (0.8712871285690897, 1), (0.8712871287050294, 1), (0.871369294569652, 1), (0.8714011516259019, 2), (0.8714107364704888, 1), (0.8714285713507653, 1), (0.8714285713870781, 1), (0.8714285714107836, 2), (0.8714524206720673, 2), (0.8714555765430714, 2), (0.8714733542046592, 1), (0.8714788731627189, 1), (0.8714788732240945, 1), (0.8714859436001114, 1), (0.8715184186804, 1), (0.8715365238197079, 2), (0.8715596329475629, 1), (0.8715596329475651, 1), (0.8715596329875427, 1), (0.8715874619947855, 2), (0.8716049381640103, 2), (0.8716136631228304, 1), (0.871621621562726, 1), (0.8716794236751781, 1), (0.87170154684492, 1), (0.8717047450137547, 1), (0.8717241378107957, 1), (0.871755725124295, 1), (0.8717948716085923, 2), (0.8717948716458476, 3), (0.871794871645856, 2), (0.8717948717518857, 2), (0.8717948717769889, 1), (0.8717948717899043, 1), (0.8718703976179087, 1), (0.8718703976179135, 2), (0.8718749999727533, 1), (0.8718749999863726, 1), (0.8719211822230623, 1), (0.8719346048571142, 2), (0.8719397362644112, 1), (0.8719723183089305, 2), (0.871989860472499, 1), (0.8720112517335579, 2), (0.8720112517335592, 1), (0.8720812182696859, 1), (0.8720930232304602, 1), (0.8721174003278703, 1), (0.8722044728295174, 2), (0.8722109533380108, 2), (0.872222222173768, 8), (0.8722293141454431, 1), (0.8722580645048729, 1), (0.8722741431663138, 1), (0.872280037826451, 1), (0.8722826086837964, 1), (0.8722860791714905, 1), (0.8723404254391197, 5), (0.8723404254700421, 1), (0.8723404255133546, 3), (0.8723809522978708, 2), (0.8723958333106153, 1), (0.8724035608049748, 4), (0.8724035608049807, 2), (0.8724137930733634, 1), (0.8724373575316158, 3), (0.8724409447444925, 1), (0.8724453840118117, 1), (0.8724832213789183, 2), (0.8724832214569906, 1), (0.8725212464342126, 1), (0.8725490195222978, 1), (0.8725490195650715, 1), (0.8725806451542519, 1), (0.8725868724184148, 1), (0.8726287262754376, 1), (0.872635561149151, 1), (0.872665534789938, 2), (0.8726708074398638, 1), (0.8726877040166185, 1), (0.8727272725685971, 4), (0.8727272726391165, 1), (0.8727272726479256, 5), (0.8727272726479359, 1), (0.8727272726743857, 1), (0.8727272726920073, 1), (0.8727272727159392, 1), (0.8727272727209257, 3), (0.872750642617435, 1), (0.8727534147467501, 1), (0.8727810650457218, 1), (0.8728179548945579, 1), (0.8728179550033882, 1), (0.8728652751091884, 1), (0.8728813558952122, 3), (0.8729016786466091, 1), (0.8729641693242415, 1), (0.8729752770599075, 1), (0.8730158729927785, 1), (0.8730606487980515, 1), (0.8730769230433406, 2), (0.8731082654045808, 1), (0.8731428570430678, 1), (0.8731466227059912, 1), (0.8731642189352963, 2), (0.8731665228494686, 1), (0.8731836195393221, 1), (0.8731836195393251, 1), (0.8731942213686658, 1), (0.8732106339289679, 1), (0.8732394365582101, 2), (0.8733087329799161, 3), (0.8733233978875312, 1), (0.8733333333109389, 1), (0.8733572281855019, 1), (0.8733624453767056, 3), (0.8733624453767099, 1), (0.8733889310017161, 1), (0.8733944952525861, 1), (0.8733944953327166, 2), (0.8734065933873979, 1), (0.8734092431287748, 1), (0.8734177214821331, 1), (0.8734363502254051, 1), (0.873453853389772, 1), (0.8734693875768363, 1), (0.8735632183621173, 1), (0.8735632183796496, 1), (0.8735919899765521, 1), (0.8736141906486139, 3), (0.8736263735783625, 1), (0.8736842104343442, 2), (0.8736842104496746, 2), (0.8737474948148813, 1), (0.8737864076821557, 1), (0.8738229754356069, 2), (0.8738548272816196, 1), (0.8738938052130666, 1), (0.873917228095536, 1), (0.8739205526468409, 1), (0.8739495797952131, 1), (0.8739495798074646, 1), (0.8739583333181608, 1), (0.8739837398196337, 1), (0.8740031897647869, 1), (0.8740259740146225, 2), (0.874035989661053, 1), (0.8740458014933503, 1), (0.8740740739122074, 1), (0.8740740740578842, 2), (0.8740740740675995, 1), (0.8740740740690942, 1), (0.8740894900962738, 1), (0.8741204065607974, 2), (0.8741258741054988, 1), (0.8741496598342148, 2), (0.8741573033380471, 1), (0.8741935483588941, 1), (0.874226804105688, 4), (0.874251496901299, 4), (0.8743235117152824, 1), (0.8743768693482373, 1), (0.8743809094923509, 1), (0.8744326777345109, 1), (0.8744710860335883, 1), (0.8744804654302208, 1), (0.8744827585000718, 1), (0.8745046235023153, 2), (0.8745046235023183, 1), (0.8745098039044197, 2), (0.8745247147180564, 1), (0.8745247148122711, 1), (0.8745270167990401, 1), (0.8745562130151652, 2), (0.8745762711271535, 1), (0.874602164170934, 1), (0.8746113988730991, 1), (0.8746177369495607, 3), (0.8746518105362342, 1), (0.8746803068979137, 1), (0.8746867167371749, 1), (0.8747044917050908, 1), (0.8747152618593725, 1), (0.8747315675823405, 1), (0.8747591521820942, 1), (0.8748068004830323, 1), (0.8748387096661334, 1), (0.8749999989062545, 1), (0.8749999998521968, 2), (0.8749999999073086, 1), (0.8749999999088524, 2), (0.8749999999316389, 1), (0.8749999999316433, 1), (0.874999999935667, 1), (0.8749999999453125, 1), (0.8749999999502938, 1), (0.87499999995625, 4), (0.8749999999609394, 1), (0.8749999999696175, 2), (0.8749999999726563, 2), (0.8749999999781223, 1), (0.874999999986328, 1), (0.8749999999905695, 1), (0.8750877192951739, 1), (0.8750934928879961, 1), (0.8751608751383481, 1), (0.8751926038713107, 1), (0.875197472307783, 2), (0.8752293577178677, 7), (0.8752374920780527, 1), (0.8752399232189698, 1), (0.8752535496868662, 2), (0.8753246753133057, 1), (0.8753387533638114, 1), (0.8753387533756695, 1), (0.8753568029614364, 1), (0.8754325259212644, 1), (0.875486381288892, 1), (0.8755001176541418, 1), (0.8755555553609872, 1), (0.875555555516644, 4), (0.8756058157966217, 1), (0.875629043790394, 1), (0.8756388414927072, 1), (0.8756506651192824, 1), (0.8756613756382088, 1), (0.8756830600494755, 1), (0.875706214606808, 1), (0.8757396449185938, 1), (0.8757841906052992, 1), (0.8758303525715275, 1), (0.8758344459045149, 1), (0.8758526602762369, 2), (0.8758620689353143, 2), (0.8758620689504194, 1), (0.8758974358794698, 1), (0.875912408746337, 1), (0.8759213759106149, 1), (0.8759231904818346, 1), (0.8759493670664295, 1), (0.8760330577788445, 1), (0.8760611205284171, 1), (0.8760806916174023, 1), (0.876080691639045, 1), (0.8761220824279811, 1), (0.8761261261162572, 2), (0.876132930460659, 1), (0.876142975820771, 1), (0.8761819000371368, 1), (0.8762169678892544, 1), (0.8762322015238094, 1), (0.8762376237190008, 1), (0.876304023818892, 1), (0.8763102724999453, 1), (0.8763402430244743, 1), (0.8763557482780509, 1), (0.8763557483350859, 1), (0.8763693269364109, 1), (0.8763837637567921, 3), (0.8763853367359236, 1), (0.8764044942413509, 3), (0.876404494357396, 1), (0.8764044943573988, 1), (0.8764044943710748, 1), (0.8764367816029004, 1), (0.8764478764140354, 2), (0.876494023881103, 1), (0.8765432098404713, 1), (0.8765652951542658, 1), (0.8765859284789316, 1), (0.8765957446621963, 2), (0.8766283524769872, 1), (0.8766404199244979, 2), (0.8767123286870561, 1), (0.8767576508786794, 1), (0.8767857142074301, 1), (0.8768074031181231, 1), (0.8768361580930188, 1), (0.8768406960591154, 1), (0.8768472905540049, 3), (0.8769230768556195, 2), (0.8769230768781077, 2), (0.8769230768893473, 2), (0.8769230769005871, 1), (0.8769931661871292, 1), (0.8770226536933016, 1), (0.8770764119018502, 4), (0.8771138668684197, 1), (0.877138413658567, 1), (0.8771929823462176, 2), (0.877192982394583, 3), (0.8771929824176687, 1), (0.8771929824407511, 1), (0.8772413791893479, 2), (0.8772478498758599, 1), (0.8772919603840202, 3), (0.8773049645327838, 1), (0.8773109242960236, 1), (0.877323419965634, 1), (0.877330716371398, 2), (0.8773424190053374, 1), (0.8773584904832619, 1), (0.8773584904832696, 1), (0.8773584905246514, 1), (0.8773903261894842, 2), (0.8774193548316315, 3), (0.8774509801770888, 1), (0.8774603174046071, 1), (0.8775981523844074, 1), (0.8776041666609506, 1), (0.8776371307646565, 1), (0.8776371307770015, 1), (0.8776699027422066, 1), (0.87767969734076, 1), (0.8776978416003359, 2), (0.8777120315149078, 2), (0.8777648428200728, 2), (0.8777777777290098, 5), (0.8778409090285615, 8), (0.8779149518685966, 1), (0.8779149519769849, 2), (0.8779220778080663, 1), (0.8779828905819186, 1), (0.8780207134587008, 1), (0.8780487803807325, 1), (0.8780487804488668, 1), (0.8780903665739296, 1), (0.8781249999725594, 1), (0.8781302169990579, 3), (0.878166465515304, 1), (0.8782161233485081, 2), (0.8782287822068047, 1), (0.8782287822230065, 1), (0.878251821001495, 1), (0.8782742679694463, 1), (0.8782816229012131, 2), (0.8783068780745199, 1), (0.8783454987620839, 1), (0.8783505154458054, 1), (0.8783658309305163, 1), (0.8783783782300014, 1), (0.8784530386254912, 1), (0.8784773059386183, 1), (0.8785046720761672, 3), (0.8785046728737397, 1), (0.8785529715308231, 1), (0.8785529715648756, 1), (0.8785714285557448, 1), (0.8785942491872443, 1), (0.8786127167291445, 1), (0.8786279683261388, 1), (0.8786324786274712, 1), (0.8786610877925815, 1), (0.8786717751112819, 1), (0.8786717752010585, 2), (0.8786982248087438, 1), (0.8787346221132258, 1), (0.8787878787213064, 2), (0.8787878787346189, 2), (0.8788321167754888, 2), (0.8788732394335264, 1), (0.8788774002305101, 2), (0.8788819875639924, 1), (0.8788962697917331, 1), (0.8789013732614529, 2), (0.8789473684118005, 1), (0.8790322580574271, 1), (0.8790459965628962, 1), (0.8790697674316429, 1), (0.8790786947839175, 1), (0.87915006637771, 1), (0.879237288042455, 1), (0.8792569659306657, 1), (0.8792657095580312, 1), (0.8793503480074437, 1), (0.8793774318381845, 1), (0.87940761635797, 1), (0.8794153471162128, 1), (0.879432624051101, 1), (0.8794326241010009, 1), (0.8794567062669041, 3), (0.8794788272660701, 3), (0.8795180721125588, 1), (0.8796147671140269, 1), (0.8796400449844791, 1), (0.8796844181025799, 1), (0.8796934865765578, 3), (0.879759519020448, 1), (0.8797696184273582, 1), (0.8797872339957535, 2), (0.8798751948705327, 1), (0.8798944126317682, 2), (0.8798977853417402, 2), (0.8799182421984667, 1), (0.8799424873558641, 1), (0.8799489143754843, 1), (0.8799999997799954, 1), (0.8799999997929433, 2), (0.8799999998786201, 1), (0.879999999902224, 2), (0.8799999999120068, 1), (0.8799999999511097, 1), (0.8799999999530667, 1), (0.8799999999559954, 2), (0.879999999960892, 1), (0.8799999999886428, 1), (0.8800931315278201, 3), (0.8800931315278216, 1), (0.8801128348547099, 1), (0.8801369862712262, 1), (0.8801386824942999, 1), (0.8801431126697612, 1), (0.8801681849418238, 1), (0.8802071075340024, 2), (0.880222841220723, 1), (0.8802456499398128, 1), (0.8802588996478902, 1), (0.8802816900633544, 1), (0.880281690125348, 3), (0.8803039898614289, 1), (0.880324543601622, 4), (0.8803329864632639, 2), (0.8803418801537728, 1), (0.8803827750353753, 2), (0.8804204993371849, 1), (0.8804347825950227, 1), (0.8804733727784613, 1), (0.8804878047706768, 1), (0.8805008944386323, 1), (0.8805166845123248, 1), (0.8805194804051272, 6), (0.8805309734415863, 1), (0.8805870580328174, 1), (0.880597014859655, 1), (0.8805970148990867, 1), (0.8806584360931913, 1), (0.8807339448733311, 1), (0.8807692307353542, 1), (0.8807947019543487, 1), (0.8808007279184578, 1), (0.8808290155394776, 1), (0.8808353808245605, 1), (0.8808510637360792, 4), (0.8808664259609832, 2), (0.8809020436306624, 2), (0.8809523804280266, 1), (0.8809634089815599, 1), (0.8810126582166948, 1), (0.8810198300033691, 2), (0.8811188810572609, 1), (0.8811475409234182, 1), (0.8811748998429583, 4), (0.8812260536285927, 1), (0.8812499999724624, 1), (0.8812664907535421, 1), (0.8812698412138873, 2), (0.8813387423845723, 1), (0.8813559320539993, 3), (0.8813559321038035, 2), (0.8813559321286959, 2), (0.8814749779735345, 1), (0.8815789473297558, 1), (0.8816120905690668, 4), (0.881632652881297, 1), (0.8816326530432284, 1), (0.8816568044728892, 1), (0.8816568046902521, 1), (0.8816568047311194, 1), (0.8816705336222369, 1), (0.8816901407208881, 1), (0.881720430012722, 2), (0.8817635270364381, 3), (0.8818181818067278, 1), (0.8818316099791856, 2), (0.8818565400471775, 1), (0.8818681317469982, 1), (0.8818897636406476, 2), (0.8818897637023722, 3), (0.8818897637596878, 1), (0.8819444444138225, 1), (0.882005899692009, 1), (0.8820224717862306, 2), (0.8820224718853229, 1), (0.8820286658343967, 1), (0.8820512820462546, 2), (0.8820638820530455, 2), (0.8820754716565109, 1), (0.8820882088129414, 1), (0.8820960698304647, 1), (0.8820960698304791, 1), (0.8821548818578526, 1), (0.8821656050814947, 1), (0.8821752265594518, 1), (0.882181109943313, 1), (0.8821879382827356, 1), (0.8822055136739128, 1), (0.8822429906377159, 1), (0.8822580645090111, 1), (0.8822652756816002, 1), (0.8822703006214585, 1), (0.8822800494569678, 1), (0.8823114869564301, 1), (0.8823529410899664, 1), (0.8823529411115902, 3), (0.8823529411393902, 2), (0.88235294114594, 1), (0.8823529411517566, 1), (0.8823529411675226, 1), (0.8823970037387101, 1), (0.882421420235565, 5), (0.8824662812762114, 1), (0.8824742267859321, 1), (0.8824833702491095, 2), (0.8825606024739335, 1), (0.8825688073313509, 1), (0.8825910930816823, 1), (0.882599580620272, 1), (0.8826479438137881, 1), (0.8826530611794531, 1), (0.882681564147185, 1), (0.8827433628220932, 1), (0.8827586205678922, 2), (0.8827586205678961, 2), (0.8827586206287721, 1), (0.8827586206592121, 1), (0.8827586206693641, 1), (0.8827586206774791, 1), (0.8827930173829768, 2), (0.882812499931026, 1), (0.8828124999310304, 4), (0.8828181163995121, 2), (0.8828250399867028, 1), (0.8828522919454265, 1), (0.8828522920053832, 3), (0.8829071331841915, 2), (0.8829174664051, 1), (0.8829629629367999, 1), (0.8829787233103187, 1), (0.8829787233572978, 1), (0.8829953196750352, 1), (0.8830508473827928, 1), (0.8830811554089907, 1), (0.8831168828875049, 2), (0.8831168830021937, 6), (0.8831908831845922, 1), (0.8832116786709467, 3), (0.8832391712915962, 1), (0.8832807570838603, 1), (0.8832923832815334, 2), (0.8833034109724763, 2), (0.8833034110993387, 2), (0.8833034110993406, 1), (0.8833087148535212, 1), (0.8833333331861225, 1), (0.8833333332597241, 1), (0.883333333284258, 2), (0.8833333332842643, 2), (0.8833592534717463, 1), (0.8833671399504728, 1), (0.8834019204268423, 4), (0.883408071709268, 1), (0.8834355828040145, 1), (0.883464566922176, 1), (0.8834882058550165, 1), (0.8835027365059923, 1), (0.883522727209975, 2), (0.8835227272601734, 1), (0.8836329233513055, 1), (0.883636363475705, 1), (0.8836919239136767, 1), (0.883720930186882, 1), (0.8837209302097173, 1), (0.8837675350524281, 2), (0.8838268791704058, 3), (0.8838421444494248, 1), (0.883845126812177, 3), (0.8838709677134191, 1), (0.8838862559189323, 1), (0.8839050131809516, 1), (0.8839779005036466, 2), (0.883994126155064, 1), (0.8840125391572431, 1), (0.8840148698851936, 1), (0.8841269840568191, 1), (0.884156729055863, 1), (0.884160756480283, 3), (0.8841698841357467, 1), (0.8841843088198217, 1), (0.8841893252680365, 1), (0.8842105262382253, 1), (0.8842105262537412, 3), (0.8842337374989837, 1), (0.8842592592456131, 1), (0.8842729970064057, 4), (0.8842975206367921, 1), (0.8843226788297648, 1), (0.8843537414364392, 1), (0.8843537414923007, 1), (0.8843749999723619, 1), (0.8843881856465468, 1), (0.8843984962322909, 2), (0.8844036695624931, 4), (0.8844036696436309, 1), (0.8844444443461705, 1), (0.8844444444051348, 1), (0.8844765342640987, 2), (0.8844827586054431, 1), (0.8845208845100184, 1), (0.8845283018734397, 2), (0.8845528454996908, 1), (0.8846153845667721, 1), (0.8847117793931899, 1), (0.8847352023544015, 1), (0.8847352024370904, 1), (0.8847457626368849, 1), (0.8847858197278569, 3), (0.8847926266465631, 1), (0.8848092152595954, 1), (0.8848314605498825, 1), (0.8848484847948659, 1), (0.884848484812737, 1), (0.8848484848216659, 1), (0.8848553601313184, 1), (0.8848848847963044, 1), (0.8849315068371977, 1), (0.8849557514292239, 2), (0.8849797022924223, 1), (0.8849840255449711, 1), (0.8849999999557523, 3), (0.8850574712516512, 2), (0.8850771868880719, 1), (0.885093167688121, 2), (0.8850967006956607, 1), (0.8851063829410574, 2), (0.8851063829598895, 3), (0.8851224104627919, 1), (0.8851351350753296, 4), (0.8851454822534234, 1), (0.8851590105928873, 1), (0.8851802402613365, 2), (0.8852459016001195, 1), (0.8852459016103198, 3), (0.8852459016248321, 1), (0.885245901628185, 3), (0.8853211007143762, 2), (0.8853333332861167, 3), (0.8853410739560701, 1), (0.8853955375163779, 3), (0.8854166666359227, 1), (0.8854368931694958, 1), (0.8854568854340957, 1), (0.8854838709605987, 1), (0.8854961831385095, 1), (0.8854961831723008, 1), (0.8855721392908982, 1), (0.885608856006863, 1), (0.8856088560722215, 1), (0.8856937454431562, 1), (0.8857142855561196, 1), (0.8857142855877534, 1), (0.8857142856721045, 1), (0.88571428567211, 1), (0.8857142856962118, 2), (0.885714285710068, 1), (0.8857545837960851, 1), (0.8857715430684228, 4), (0.885775862049879, 1), (0.8857758620594189, 3), (0.8857808857602387, 1), (0.8858093126336712, 1), (0.8858131487582779, 3), (0.8858447488314778, 1), (0.8858603065684979, 1), (0.885860306613769, 1), (0.8858695651692449, 1), (0.8858800773651537, 1), (0.8858988159263405, 1), (0.8859198354690718, 1), (0.8859416445153343, 1), (0.8859649122029871, 1), (0.8859649122612722, 2), (0.8859709743686285, 1), (0.8860500766388733, 1), (0.886075949342165, 1), (0.8860759493446564, 2), (0.8860759493546273, 1), (0.8860759493558724, 1), (0.886104783498169, 2), (0.8861952861356063, 1), (0.8862068965364464, 1), (0.8862275448040455, 1), (0.8862385320287847, 3), (0.8862629246021968, 3), (0.8862815884076622, 1), (0.886315789464355, 2), (0.8863492062929307, 1), (0.886363636313275, 1), (0.8863636363233471, 1), (0.8863833477115042, 1), (0.8863905325417574, 2), (0.8863920099653846, 1), (0.8864097362993282, 2), (0.8864353312023165, 1), (0.886440677890977, 1), (0.8864468863819485, 2), (0.8864628820573636, 1), (0.8864696733783376, 2), (0.8864864864625263, 1), (0.8865153537814017, 2), (0.8865398167099016, 2), (0.8865979380529314, 1), (0.8866096866046342, 2), (0.8866155157639678, 1), (0.8866459627191513, 2), (0.8866498740498266, 1), (0.886699507301805, 2), (0.886699507360043, 1), (0.8867102396320922, 1), (0.8867313914901065, 1), (0.8867667121176878, 1), (0.8867924528092722, 1), (0.886810102816946, 1), (0.8868686868507722, 1), (0.8868894600972442, 1), (0.8869123251732023, 1), (0.8869179600493624, 3), (0.8869309837821622, 1), (0.8869715271632974, 1), (0.8869814018759673, 2), (0.8869822485180864, 1), (0.8870026524728397, 1), (0.8870056496339931, 1), (0.8870292886658037, 1), (0.8870967741220079, 1), (0.8870967741220099, 2), (0.8871181938675431, 1), (0.8871242200290905, 2), (0.8871442590601161, 1), (0.8871681414947845, 1), (0.8871758934206615, 1), (0.8871794871339884, 1), (0.8871794871339943, 2), (0.8871892925090966, 1), (0.8871989859458572, 1), (0.887218045057191, 1), (0.8872180451053718, 1), (0.8872222221975787, 1), (0.8872266973481728, 1), (0.8872340424588047, 3), (0.887259395034148, 1), (0.8872727271114041, 1), (0.8872901678550674, 1), (0.8873329089186924, 1), (0.8873435325608698, 1), (0.8873563218288788, 1), (0.8873626372407478, 1), (0.8873684210432904, 1), (0.8873720133490255, 5), (0.8873812754168906, 1), (0.8874172184842775, 2), (0.8874239350822785, 2), (0.8874388254341312, 1), (0.8874734606841823, 1), (0.887499999972265, 1), (0.8875638840811281, 3), (0.8875739644445234, 1), (0.8876117496693796, 1), (0.8876404493135304, 1), (0.8876811593881268, 1), (0.8876909253470179, 1), (0.8877192982300405, 1), (0.8877284594836706, 1), (0.8877492877442279, 1), (0.8877551019955231, 1), (0.8877551020226989, 2), (0.8877705082950402, 1), (0.8878504672067487, 1), (0.8878923766417961, 1), (0.88796680490557, 2), (0.8879668049424062, 1), (0.8879999999881587, 1), (0.8880308879165975, 1), (0.888030887996598, 1), (0.8880308880080297, 1), (0.8880358285291887, 1), (0.8880516684559311, 1), (0.8880733944139384, 1), (0.8880733944872629, 1), (0.888086642278688, 1), (0.8880866425672224, 2), (0.8880866425779073, 1), (0.8881118879566212, 1), (0.8881239242379345, 1), (0.8881239242583104, 1), (0.8881355931601203, 1), (0.888143176713912, 1), (0.88814691148954, 1), (0.8881578947295388, 1), (0.8881789137238308, 1), (0.8882438315755997, 1), (0.8882586499779774, 1), (0.8882655446428783, 1), (0.8882833786981826, 1), (0.8883826878259257, 2), (0.8884165780139851, 1), (0.8884462151040433, 1), (0.888501742005485, 2), (0.8885135135035092, 1), (0.8885714284444937, 1), (0.8885754582667748, 1), (0.8886255923960032, 1), (0.8886389201249874, 2), (0.8886894074606222, 1), (0.888695652096635, 1), (0.8887434554392226, 1), (0.8887499999444548, 1), (0.8888888887369464, 3), (0.8888888887753645, 1), (0.8888888887791588, 2), (0.8888888887860075, 2), (0.8888888887990996, 1), (0.8888888887991028, 1), (0.8888888888395061, 3), (0.8888888888429528, 1), (0.8888888888618307, 1), (0.8888888888638822, 1), (0.8888888888653721, 1), (0.8888888888661894, 1), (0.8888888888691359, 1), (0.8888888888704265, 1), (0.8888888888709316, 3), (0.888888888872428, 3), (0.8888888888775358, 1), (0.8891069675978579, 2), (0.8891170430298658, 2), (0.8891377379121415, 1), (0.8891820580357584, 1), (0.8891855807506204, 1), (0.8891891891651595, 1), (0.8892405061884084, 2), (0.8892548373779773, 1), (0.8892674616392034, 1), (0.8893129770652901, 1), (0.8893203881768379, 2), (0.8893241919599504, 2), (0.8893442622343339, 1), (0.889344262258632, 1), (0.8893572180306251, 1), (0.8893617020330475, 3), (0.889370932716298, 1), (0.8894514767857438, 1), (0.8894842598734799, 1), (0.8895184135725387, 2), (0.8895348836692111, 1), (0.8896103895988362, 1), (0.8896434634823492, 1), (0.8896551723831138, 5), (0.8896672503599272, 1), (0.8896952103853625, 1), (0.889719626134962, 1), (0.8897338402365271, 1), (0.8897637794574961, 1), (0.8897637795042059, 3), (0.8898186889570486, 1), (0.8898305083803124, 2), (0.8898305084368707, 1), (0.8898426322046009, 2), (0.8899082567990895, 2), (0.889908256799097, 1), (0.8899082568399133, 1), (0.8899521530248816, 1), (0.8899628252755006, 1), (0.8899999999110091, 2), (0.8899999999752769, 1), (0.8900284900234177, 1), (0.8900523560142866, 1), (0.8901098900854397, 1), (0.8901251737287696, 1), (0.8901408450453456, 1), (0.8901453957637248, 1), (0.8901734103703222, 1), (0.8901856763453471, 1), (0.8902077151071144, 1), (0.8902147971254144, 1), (0.8902229844862586, 1), (0.8902439023847369, 1), (0.8903225805733578, 1), (0.8904214559250496, 2), (0.890449438177229, 1), (0.8904761902641709, 2), (0.890476190433789, 3), (0.8905109489010511, 1), (0.8905187835261087, 1), (0.8905275098757496, 3), (0.8905325443523497, 1), (0.8905380333786528, 2), (0.8905519175967663, 1), (0.890590809530576, 1), (0.8906048905819637, 1), (0.8906249999304173, 2), (0.890624999972168, 4), (0.8906249999860839, 2), (0.890645586180414, 1), (0.8906455861804214, 1), (0.8906605921536824, 3), (0.890663390652449, 2), (0.8906666666191668, 1), (0.8906942392252079, 1), (0.8906976744082519, 1), (0.8907563024461564, 1), (0.8907563024461586, 1), (0.8908045976883516, 2), (0.8908238446022038, 1), (0.8908296942842436, 1), (0.8908296942842481, 2), (0.8908730157846363, 1), (0.890909090828095, 2), (0.8909090908685909, 1), (0.8909657320317191, 1), (0.8909952606212768, 1), (0.891069676135602, 1), (0.8910891080286257, 1), (0.8911138923431535, 2), (0.8911174784844933, 2), (0.8911465891951252, 1), (0.8911564625244134, 1), (0.8912280701128955, 1), (0.8912280701128995, 2), (0.8912280701441666, 1), (0.8912710565250764, 1), (0.891304347812246, 1), (0.8913043478131695, 1), (0.8913043478139739, 1), (0.8913525498496052, 6), (0.891358024581321, 4), (0.8913649024573062, 1), (0.891373801902698, 2), (0.8913857677680076, 5), (0.8913857677791251, 1), (0.8913963327374603, 3), (0.8914386583502713, 1), (0.8914431672938512, 1), (0.8914549653442432, 1), (0.8914893616547069, 1), (0.8915789473590364, 2), (0.8915921287854813, 1), (0.891592920255353, 1), (0.8915989159649973, 1), (0.8916666665923649, 1), (0.8917018283856086, 1), (0.8917018283981436, 1), (0.8917197451093357, 1), (0.8917345750665494, 1), (0.8917525772046708, 1), (0.8917748917491555, 1), (0.8917835670449076, 1), (0.8917835671163976, 2), (0.8918406071767795, 2), (0.8918558077198451, 2), (0.8918918917412344, 1), (0.8918918917713683, 1), (0.8918918918316313, 5), (0.8918918918574492, 1), (0.8918918918617628, 1), (0.8918918918677868, 1), (0.8918918918818465, 1), (0.8919330288921767, 2), (0.891938250398219, 1), (0.8919803600581667, 1), (0.8919860626866916, 2), (0.8920086393056459, 1), (0.89217134413908, 1), (0.892177589814284, 1), (0.8921933085170196, 1), (0.8922077921962056, 1), (0.892223738038407, 1), (0.892223738050584, 1), (0.892268694436979, 2), (0.8923076922619376, 1), (0.8923076923026074, 1), (0.8923076923050535, 1), (0.8924012157512229, 1), (0.8924050631499347, 2), (0.8924889543183336, 1), (0.8925049309224601, 1), (0.8925925925760598, 1), (0.8925964546216344, 1), (0.892597968004892, 1), (0.8926315789379717, 1), (0.8926553671307779, 1), (0.8926746166646379, 1), (0.8926746166874576, 2), (0.8927038625332305, 1), (0.8927038626481696, 1), (0.8927335639829496, 2), (0.8927392739200251, 1), (0.8927680795778582, 1), (0.8927680797262876, 1), (0.8927963697735217, 1), (0.8928121059156041, 2), (0.892815076455496, 1), (0.8928150765501447, 1), (0.892857142629376, 2), (0.8928571427685646, 6), (0.8928571427774243, 1), (0.8928571428172841, 1), (0.8928571428281536, 2), (0.8928571428326144, 1), (0.8929292929112549, 2), (0.8929384964814456, 1), (0.8929663605831879, 2), (0.8929663608289615, 1), (0.8929889298233966, 4), (0.8930390492208284, 1), (0.8930581613340881, 3), (0.8930817609782091, 1), (0.8931116387427249, 1), (0.8931506849192694, 2), (0.8931541906532745, 1), (0.893181818080322, 1), (0.8932038833217059, 1), (0.8932203389073551, 1), (0.8932481751784042, 1), (0.8932506886744761, 1), (0.893258426840834, 1), (0.8933161953153417, 1), (0.8933333331844467, 1), (0.8933333332936306, 1), (0.8933687002178574, 1), (0.8934426228775856, 2), (0.8934426229325104, 1), (0.8934467233527388, 1), (0.893455098920952, 1), (0.8934579439085327, 1), (0.8935030140596516, 1), (0.8935064934948889, 3), (0.8935091277799846, 1), (0.8935094127312869, 1), (0.8935185185047316, 1), (0.893526405443838, 1), (0.8935483870679441, 1), (0.8935611038049042, 3), (0.8935672513574747, 2), (0.8935779815693968, 1), (0.8936170210864615, 1), (0.8936170211815302, 5), (0.893617021181542, 2), (0.8936170212639203, 1), (0.8936170212692811, 1), (0.8936484489738792, 2), (0.8936970837211025, 1), (0.893732969978547, 1), (0.8937499999720712, 3), (0.8937931033249926, 1), (0.893827160383483, 1), (0.893854748503481, 1), (0.8939292861848299, 2), (0.8939790575331235, 1), (0.8939828079972997, 1), (0.8939974456074096, 1), (0.8939974457101666, 1), (0.8939999999105998, 1), (0.8940092165074669, 2), (0.8940217391182823, 1), (0.8940269749173826, 1), (0.8940397350401318, 1), (0.8940397350664425, 1), (0.8940493468146548, 1), (0.8940628637742928, 2), (0.8941176470507336, 1), (0.8941605839375274, 1), (0.8941979519132425, 2), (0.8942632170475654, 1), (0.8943089429076584, 1), (0.8943089430603477, 1), (0.8943089430773107, 2), (0.8943488941291508, 1), (0.8943661970781255, 1), (0.8943894387963076, 1), (0.8944099378743102, 1), (0.894444444394748, 5), (0.8944543827464704, 4), (0.8944773175101323, 1), (0.8944881889482008, 1), (0.894526034653235, 3), (0.8945386063187812, 1), (0.894568689952936, 1), (0.8945868945817973, 1), (0.8946015423934544, 2), (0.8946428570629776, 1), (0.894714224315472, 1), (0.8947368420110803, 1), (0.8947368420660189, 2), (0.8947368420758331, 1), (0.8947368420856431, 1), (0.894736842089566, 1), (0.8947368420979073, 1), (0.8948374760652112, 1), (0.8948453608062937, 1), (0.8948545860897148, 1), (0.894854586109734, 1), (0.8948751642516748, 1), (0.894988066815096, 1), (0.8949999999552432, 1), (0.8949999999552546, 1), (0.8950437317653809, 2), (0.8950542821598273, 1), (0.8950542822569925, 3), (0.8950563745971334, 1), (0.8950819671837663, 1), (0.8950819671984398, 1), (0.8951048950423001, 1), (0.895125553848219, 2), (0.8951255538878822, 1), (0.8951486696564774, 1), (0.8951612899616329, 2), (0.8951612902503937, 1), (0.8951707891531772, 1), (0.8951841359519764, 2), (0.8951965065111277, 1), (0.8952164008092023, 2), (0.8952380951812544, 1), (0.8952380951954627, 3), (0.8952635090000299, 1), (0.8952879580917492, 1), (0.8953488371572501, 1), (0.8953488371884804, 1), (0.8953488371988912, 1), (0.8953547727975836, 1), (0.895412843954548, 1), (0.895424836542785, 1), (0.8954248365971266, 1), (0.8954344624183963, 1), (0.895454545352789, 1), (0.8954703831192522, 1), (0.8954703832440583, 2), (0.8955114054122317, 1), (0.8955223880374239, 1), (0.8955555554560496, 1), (0.8955696202389921, 1), (0.8955773955663947, 3), (0.895591647311007, 1), (0.8956043955551847, 1), (0.895638629213735, 1), (0.8956521739000624, 1), (0.8956587965806806, 1), (0.895660203056726, 1), (0.8956884560645774, 1), (0.895705521362487, 1), (0.8957264957213908, 1), (0.8957401741375443, 1), (0.895744680755773, 3), (0.8957528955799666, 1), (0.8957528957183093, 1), (0.8957584470959224, 1), (0.8957746478747093, 1), (0.895787139649848, 5), (0.8957894736747826, 1), (0.895808383179893, 1), (0.8958333332400202, 1), (0.8958333333022243, 1), (0.8958333333022278, 1), (0.8958579881630305, 2), (0.8958707360700919, 1), (0.8958990535995001, 1), (0.8959156785125691, 1), (0.8959899748812055, 1), (0.8959999992832036, 1), (0.8960396039160393, 1), (0.8960674157051624, 1), (0.8960739029609203, 1), (0.8961130741416193, 1), (0.8961303461956787, 1), (0.8961424332078426, 1), (0.896153846119377, 4), (0.8961937715952873, 1), (0.8962264150097881, 2), (0.8962264150732028, 1), (0.8962432915119617, 4), (0.8962655600916053, 2), (0.8962655601287858, 1), (0.8962962961856451, 1), (0.8963093144294733, 1), (0.8963093145554903, 1), (0.8963795255706306, 1), (0.8963795255818161, 1), (0.8963815789399975, 1), (0.8963855419526835, 1), (0.8963911524820363, 2), (0.896405919598564, 1), (0.8964252978754098, 1), (0.8964346349593153, 1), (0.8964401294208293, 1), (0.8964497041393596, 1), (0.8964705882141987, 1), (0.8965517231074411, 1), (0.8965517240035156, 1), (0.8965517240234284, 1), (0.896551724049605, 1), (0.8965517240760998, 1), (0.8965517241053914, 1), (0.8965517241070154, 3), (0.8965517241282683, 1), (0.8966026587225547, 1), (0.8966124064717715, 1), (0.8966318234402645, 1), (0.8967551622392427, 1), (0.8967741935411535, 1), (0.8968058967948798, 2), (0.8968660968609871, 1), (0.8968749999719742, 1), (0.8968749999859877, 1), (0.8968978102148889, 1), (0.896969696879093, 1), (0.8969696969153462, 1), (0.8969929622463396, 1), (0.8969957081352563, 1), (0.8970251714194477, 2), (0.8970297029614192, 1), (0.8970588234634534, 1), (0.8970588234854426, 1), (0.8970588235074238, 1), (0.8971193415514828, 1), (0.8971332208349793, 1), (0.8971962608437549, 1), (0.897196261562452, 1), (0.8972926514748822, 1), (0.8973166368354683, 1), (0.8973214285313715, 1), (0.897325280398665, 3), (0.8973277074416728, 1), (0.897414512085925, 1), (0.8974358968606548, 2), (0.8974358973208403, 2), (0.8974358973783715, 1), (0.8974358974128863, 2), (0.8974923008844025, 1), (0.897494305136959, 2), (0.8975265017562097, 1), (0.8975377282845489, 1), (0.8975409835881698, 1), (0.8975468975209894, 1), (0.8975563909690081, 1), (0.8975834292238335, 1), (0.8976377951342293, 1), (0.8976377951342343, 1), (0.8976377952049094, 3), (0.8976377952113375, 1), (0.8976660682118776, 1), (0.8976897688287634, 2), (0.8977189109309144, 1), (0.8977272726635128, 1), (0.89773755655296, 1), (0.8977423638182115, 1), (0.8977433004199672, 1), (0.8977635782604175, 2), (0.8977777777207769, 1), (0.8977777777378786, 7), (0.8978102189740038, 1), (0.8978153628683718, 1), (0.8978359335591564, 1), (0.8978873238646206, 1), (0.8978947368326532, 2), (0.8979591834902068, 1), (0.8979591836123875, 1), (0.897959183612391, 1), (0.897959183636818, 1), (0.8979591836551437, 6), (0.8979591836568099, 1), (0.8979591836691062, 1), (0.898032200341718, 1), (0.8980343980233647, 1), (0.8980582523835934, 1), (0.8980716252948707, 1), (0.8980891719173107, 1), (0.8981001726805495, 1), (0.8981481481342891, 1), (0.8981595090922558, 1), (0.8981723237480648, 1), (0.8982300884558276, 3), (0.8982456139720497, 4), (0.8982785601098189, 1), (0.8982826948362176, 1), (0.8983050845935033, 3), (0.8983050846696405, 3), (0.8983451536430662, 2), (0.8983870967669455, 1), (0.8984263231904978, 1), (0.8984374999298088, 1), (0.8984575834898174, 1), (0.8984685195179546, 4), (0.8984962405930607, 1), (0.8985507246232161, 1), (0.8985507246246587, 1), (0.8986340761395665, 1), (0.8986591830343069, 1), (0.8986928104281466, 1), (0.898722627733127, 1), (0.8987341772038134, 1), (0.8987447698707174, 1), (0.8987701040511129, 2), (0.8987854250648175, 1), (0.8987905791916727, 2), (0.8987951807012383, 1), (0.8988030467704291, 1), (0.8988505747023099, 1), (0.8988613529745533, 1), (0.8988764039893931, 2), (0.8988764043821623, 1), (0.8989139515380197, 1), (0.8989169673467704, 1), (0.898947368411591, 2), (0.8989547038118718, 1), (0.8989690721464112, 2), (0.8989751096780381, 1), (0.8989898988990891, 1), (0.8990276738900663, 1), (0.8990825686423707, 1), (0.8990825687248525, 2), (0.8990825687248554, 3), (0.8990825687523513, 1), (0.8990990990181013, 1), (0.8991452991401743, 1), (0.8991494532090023, 1), (0.8991643453538054, 1), (0.8992248060621223, 1), (0.8992248061550825, 1), (0.8992248061550877, 1), (0.8992537313265047, 1), (0.8992700729795713, 1), (0.8992805755287846, 1), (0.8993055555243286, 1), (0.8993055555243307, 1), (0.899343544759376, 3), (0.8993710690881183, 1), (0.8993710691541063, 1), (0.8994082839172322, 1), (0.8994181212884933, 1), (0.8994384889790997, 1), (0.8994889267385084, 1), (0.8995433789817401, 1), (0.8995633187380028, 1), (0.8995983933936604, 1), (0.8996088655932698, 1), (0.8996539792076216, 1), (0.8996539792076251, 6), (0.8996539792283772, 1), (0.8996655518093795, 1), (0.8996655518244241, 1), (0.8996815286480934, 2), (0.8997429305334355, 1), (0.8997429305450009, 1), (0.8997613365047776, 1), (0.8997867803454193, 1), (0.8998302206977944, 3), (0.8998628257764083, 1), (0.8998664886275071, 3), (0.899873257173658, 1), (0.8999999988750533, 1), (0.8999999992499952, 1), (0.89999999982, 3), (0.8999999998977279, 1), (0.8999999999000026, 1), (0.8999999999042556, 2), (0.8999999999500026, 4), (0.899999999952125, 2), (0.899999999955, 10), (0.8999999999571472, 1), (0.8999999999689624, 1), (0.8999999999709634, 1), (0.8999999999718736, 1), (0.8999999999816308, 1), (0.8999999999859432, 3), (0.8999999999873252, 1), (0.9000636536664491, 2), (0.9000933706732014, 1), (0.9001314060387637, 2), (0.9001406469507709, 1), (0.9001536097618943, 1), (0.9001814881705922, 1), (0.9001883238323738, 1), (0.9002217294501008, 2), (0.9002601907285112, 2), (0.900321543350461, 1), (0.9003690036235832, 2), (0.9003690036568133, 1), (0.9004237287181757, 1), (0.9004893963964009, 1), (0.9004914004803376, 1), (0.9005235601151297, 1), (0.9005474452513652, 1), (0.9005628517654687, 3), (0.9005681818053898, 1), (0.900584795216316, 3), (0.9005847953175856, 1), (0.9006004002608361, 2), (0.9006479481609051, 1), (0.9006622515959828, 1), (0.9006622515959861, 1), (0.9007036747388509, 2), (0.9007633587442406, 1), (0.9008264462561753, 1), (0.9008620689558091, 1), (0.9009009007385838, 1), (0.9009009008777112, 1), (0.9009174311100064, 1), (0.9009584664392847, 1), (0.9009900988612191, 1), (0.9009900989653002, 1), (0.901010100991897, 1), (0.9010356731823888, 1), (0.9010416666432033, 1), (0.9010806316790482, 1), (0.9010989010328847, 1), (0.9010989010493895, 1), (0.901098901074145, 1), (0.9011264079874552, 1), (0.9011373577514342, 1), (0.9011532125057489, 1), (0.9011689691625662, 1), (0.9011857706322511, 1), (0.901185770733174, 1), (0.9011925041821791, 1), (0.9011943539141607, 2), (0.901204819233679, 1), (0.901219512140176, 1), (0.9012345677899832, 6), (0.9012567324631465, 1), (0.9012693935088124, 1), (0.9012875535191273, 1), (0.9013035381414813, 2), (0.9013062408634767, 1), (0.901333333285261, 1), (0.9013980867953861, 2), (0.9014084506724795, 1), (0.9014245014193641, 2), (0.9015025041435211, 1), (0.9015097051832145, 1), (0.9015151514841052, 1), (0.9015384615153444, 1), (0.9015659955055559, 1), (0.9015795868663217, 2), (0.9016100178084407, 1), (0.9016100178568254, 1), (0.9016393442007078, 1), (0.9016697587958843, 1), (0.9016853932330957, 1), (0.9017543858858081, 2), (0.9017543859490936, 1), (0.9017632241359375, 1), (0.9017713365394253, 2), (0.901785714245459, 1), (0.9018718093646136, 6), (0.9019091506977012, 2), (0.9019607842252978, 1), (0.9019607842842498, 1), (0.9019607843095127, 1), (0.9019886362995739, 1), (0.9020217729112909, 2), (0.9020408161424313, 1), (0.9020408161424428, 2), (0.9020618555538558, 3), (0.902068965392817, 1), (0.9020771513085453, 3), (0.9020866772227771, 1), (0.9021052631483993, 1), (0.902106567422289, 1), (0.9021276595552662, 2), (0.9021479713388534, 1), (0.9021479713496158, 1), (0.9021739130107892, 1), (0.9022222221219758, 2), (0.9022222221821214, 1), (0.9022222221821264, 2), (0.9022673963963858, 3), (0.9022727271701964, 1), (0.9022801302441767, 1), (0.9023136246206751, 1), (0.9023861170387861, 1), (0.9024081114192153, 2), (0.90245614034771, 1), (0.9025110782199015, 1), (0.9025641025178184, 3), (0.9025641025409553, 2), (0.9025641025455885, 1), (0.9025915996344711, 1), (0.9026036643991772, 1), (0.9026063100013402, 3), (0.9026548672166999, 1), (0.9026763990048009, 1), (0.9026798306202147, 1), (0.9026798307443491, 1), (0.9026819923233319, 2), (0.9027081243550105, 1), (0.9027237353383096, 2), (0.9027431419195154, 1), (0.9027522934123362, 4), (0.9027777776523934, 2), (0.9027777777464292, 1), (0.9028006589573361, 1), (0.9028006589637124, 1), (0.9028571427998185, 1), (0.9028846153802799, 1), (0.9028944911255673, 1), (0.9029535864026432, 1), (0.9029810297613549, 1), (0.9030062393134989, 3), (0.9030100333844148, 2), (0.9031078608952269, 1), (0.9031141868199629, 1), (0.9031249999717768, 1), (0.9031377898798579, 1), (0.9031578947273347, 1), (0.9031811894757543, 1), (0.9032258061602817, 1), (0.9032258063350677, 1), (0.9032258063544882, 1), (0.9032258064362736, 3), (0.9032258064443288, 1), (0.9032688458912361, 1), (0.9032838506482074, 1), (0.9032846715287267, 1), (0.9033047735397031, 1), (0.9033232628125907, 1), (0.9033423666753964, 2), (0.9033613445283256, 1), (0.9033643521185856, 2), (0.9033856316944121, 1), (0.9034236075533615, 1), (0.9034267911365375, 1), (0.9034267912068997, 1), (0.9034482758309171, 3), (0.9034531359476109, 1), (0.9034749034400206, 2), (0.9035087719139736, 3), (0.9035262807657785, 1), (0.9035532994770985, 1), (0.9035989716642931, 1), (0.9036505086666234, 2), (0.9036544849897836, 3), (0.9036544849897912, 2), (0.9036777582396083, 1), (0.9037037035363493, 2), (0.9037037036869634, 2), (0.9037037036985539, 1), (0.9037267080604996, 1), (0.9037837837349305, 1), (0.9037900874591646, 1), (0.9037974683162955, 1), (0.9038031319506139, 1), (0.9038112522358012, 2), (0.9038208167452161, 1), (0.903825136607081, 2), (0.9038461537220007, 1), (0.9038461538113906, 2), (0.9038461538171773, 1), (0.9038828770907765, 1), (0.9038961037787154, 2), (0.9039010465362614, 1), (0.9039145906401048, 1), (0.9039301309648967, 1), (0.9039548021577458, 1), (0.9039881830942413, 1), (0.903999999987943, 1), (0.9040139615740348, 1), (0.9040462426700511, 1), (0.9040816326346144, 1), (0.9041095890287107, 3), (0.9041353383373677, 1), (0.9041406692623858, 1), (0.9041420118316457, 1), (0.904148783847761, 1), (0.9041533546181444, 4), (0.9041626330899498, 1), (0.9041769041657954, 2), (0.90419708028785, 1), (0.9042089984830022, 1), (0.9042145593176805, 1), (0.904214559375425, 1), (0.9042145593783079, 1), (0.9042553190527355, 1), (0.9042553191008397, 1), (0.9042675893782673, 1), (0.9042709867185784, 1), (0.9042719052045398, 1), (0.9042904289832195, 1), (0.9043392504485043, 1), (0.9043789097327556, 1), (0.9044117646393767, 2), (0.9044117646726271, 1), (0.9044444443439491, 1), (0.9044943819970591, 1), (0.9045226129744208, 1), (0.9045226130426011, 1), (0.9045346061944538, 1), (0.9045592704892228, 1), (0.9045643152776405, 2), (0.904577191614393, 1), (0.9045871558803139, 1), (0.9045936394694234, 3), (0.9046052631504562, 1), (0.9047337278079747, 1), (0.9047485248411138, 1), (0.9047619046485307, 1), (0.9047619047188209, 3), (0.9047954865976575, 1), (0.904827586082093, 3), (0.9048295453902807, 1), (0.9048414023070126, 1), (0.9048433048381476, 2), (0.9048442905791637, 1), (0.9048672565370709, 1), (0.9048811013710596, 1), (0.9048843187079149, 1), (0.9049049048143194, 1), (0.9049373618142245, 1), (0.9049999999547454, 2), (0.9050279328597771, 2), (0.9050632911249165, 2), (0.9051094890469649, 1), (0.9051178837892404, 1), (0.9051321928178755, 1), (0.9051724137800993, 2), (0.9051878353880045, 2), (0.905263157831208, 4), (0.9052631578852077, 1), (0.9052744886926513, 1), (0.9052750992112727, 2), (0.9052969500954531, 1), (0.9053191488880135, 1), (0.9053254437334112, 1), (0.9053497942262657, 1), (0.9053778080265116, 1), (0.9054224463946381, 1), (0.905432595482351, 1), (0.9054373522244578, 1), (0.9054545452899206, 1), (0.9054652879685771, 2), (0.9055118109523227, 1), (0.9055118109998562, 1), (0.9055374591850658, 1), (0.9055501459683023, 1), (0.9055555555052444, 3), (0.9055793991221984, 1), (0.9055876685585539, 1), (0.9056847545102629, 1), (0.9057043073130207, 1), (0.9058116232283419, 1), (0.905821917800464, 1), (0.9058524171875476, 1), (0.9058823529056481, 1), (0.9060509553995857, 1), (0.9060955518796353, 1), (0.9061032861722716, 1), (0.9061111110859416, 1), (0.9061224489611015, 2), (0.9061326658209496, 1), (0.9062049061787535, 1), (0.9062059238331942, 1), (0.9062087186141831, 1), (0.9062499999292002, 5), (0.9062499999356352, 3), (0.9062499999595367, 2), (0.9062499999685277, 2), (0.9062499999763992, 1), (0.9062499999858398, 1), (0.906309751416708, 2), (0.9063545150198596, 1), (0.906382978626981, 2), (0.9063829787041177, 1), (0.9064039408569337, 1), (0.9064516128739825, 1), (0.9064558628581735, 2), (0.9064609450162685, 1), (0.9064748200134599, 1), (0.9064935064817332, 1), (0.9065550905290698, 1), (0.9065550905290733, 1), (0.9065550906302225, 1), (0.9065743944322893, 1), (0.9065743944323007, 2), (0.9065934065435943, 1), (0.9065934065685008, 1), (0.9066059224479923, 1), (0.9066213921747605, 2), (0.9066339066227683, 3), (0.9066666665155552, 1), (0.9066666666183111, 10), (0.9066666666263744, 1), (0.9066937119583517, 1), (0.9067245118912541, 1), (0.9067688377917403, 1), (0.9067796609401015, 1), (0.9068541300208457, 1), (0.9068627450758133, 1), (0.9068923820930237, 1), (0.9069069067707297, 1), (0.9069111424509626, 1), (0.9069212410284725, 1), (0.906934306565203, 1), (0.9069423928429127, 3), (0.9069585613689832, 2), (0.9069767441157346, 1), (0.9069767441333076, 1), (0.9069767441333172, 1), (0.9070208728480669, 1), (0.9070247932947281, 1), (0.9070270269779986, 1), (0.9070294784169143, 2), (0.9070422534700271, 1), (0.9070866141446573, 1), (0.9070866141660845, 1), (0.9071005917132937, 1), (0.9071038251118251, 1), (0.9071117561025317, 1), (0.9071225071173373, 1), (0.9071428570618654, 1), (0.907180385209531, 1), (0.9071986122370158, 1), (0.9072398189993905, 1), (0.9073170730600912, 1), (0.9073359073008719, 1), (0.9073405535281047, 1), (0.9073482427825138, 1), (0.9073482427970115, 1), (0.9073684210430808, 2), (0.9073724007389896, 1), (0.9074074072393691, 1), (0.9074273412222418, 1), (0.9074410163010018, 1), (0.907477819910337, 2), (0.9074975656370495, 2), (0.9075342465598011, 1), (0.9075439591090448, 3), (0.9075630251338187, 8), (0.9075829383671169, 1), (0.9075907590684188, 1), (0.9076682314698522, 1), (0.9076923076457617, 4), (0.907692307669036, 3), (0.907721280517162, 1), (0.907730673090337, 1), (0.907790143069831, 1), (0.9078014183324111, 1), (0.9078014184268397, 1), (0.9078498290416959, 2), (0.907862407851256, 7), (0.9078771695351692, 2), (0.9078947368271671, 1), (0.9079365078788619, 3), (0.9079754600112949, 1), (0.9079754601041317, 1), (0.9080118694092539, 4), (0.9081481480808772, 1), (0.9081632652752313, 1), (0.9081632652875886, 2), (0.908224076259638, 1), (0.9082568805950685, 1), (0.9082568806506184, 1), (0.9082969431917813, 1), (0.9083094555613684, 2), (0.9083155649932451, 1), (0.9083215796865026, 1), (0.9083333332954866, 1), (0.9083333333081032, 1), (0.9084380609597468, 1), (0.9084628669807082, 1), (0.9084745761685369, 1), (0.9084967319667627, 1), (0.9085365853104619, 1), (0.9085457270002201, 2), (0.908622908599519, 1), (0.9086479902336505, 1), (0.9086783890579301, 2), (0.908722109349146, 1), (0.9087540527980129, 1), (0.9087719298086213, 2), (0.9088050314179626, 1), (0.9088639200771853, 1), (0.9088838267757555, 2), (0.9090909082644675, 3), (0.9090909089256198, 6), (0.909090908972845, 3), (0.9090909089807162, 1), (0.9090909090082645, 1), (0.9090909090220394, 1), (0.9090909090392609, 3), (0.9090909090505964, 6), (0.9090909090619104, 1), (0.9090909090624116, 2), (0.9090909090666025, 1), (0.9090909090697187, 2), (0.9090909090725436, 1), (0.9090909090779962, 2), (0.9090909090791027, 4), (0.9090909090797411, 7), (0.9092702169176902, 1), (0.909294512827027, 2), (0.9093406593156756, 2), (0.9093749999857952, 1), (0.9093904447955583, 1), (0.9093931836318041, 1), (0.9094017093965272, 1), (0.9094076654973038, 1), (0.9094412331056104, 1), (0.9094736842009539, 1), (0.9094827585814892, 2), (0.9094827586141566, 1), (0.9095554419937703, 1), (0.9095607234672004, 1), (0.9095607234907034, 4), (0.9095780308043566, 1), (0.9095816463991979, 1), (0.9096045196883631, 1), (0.9096349491213693, 2), (0.9097363083072024, 1), (0.9097472920903639, 1), (0.9097472923777217, 1), (0.9097560974500354, 1), (0.9097744360816747, 1), (0.9098360655116235, 2), (0.9098712445050241, 2), (0.9098712446156647, 2), (0.9098966025915881, 1), (0.9099099098279334, 1), (0.9099099098689223, 1), (0.9099099098996606, 1), (0.9099378881846307, 1), (0.9099526065919411, 1), (0.9099526066135041, 1), (0.9099678456299024, 1), (0.9099756690776205, 1), (0.9099999999544909, 2), (0.9099999999545023, 2), (0.9100169779132397, 6), (0.9100257068823906, 1), (0.9100529100288322, 1), (0.9100529100288381, 2), (0.9100591715949418, 1), (0.9101796406095658, 3), (0.9102990032617689, 1), (0.9102990032617765, 3), (0.9103139013044678, 1), (0.9103139013044701, 2), (0.9103214888476611, 2), (0.9103260869441514, 1), (0.9103448275722565, 2), (0.9103608847285127, 1), (0.9104046241458985, 1), (0.9104761904415092, 3), (0.910505836505012, 1), (0.9105058365404468, 1), (0.9105367792878493, 1), (0.9105413105361208, 1), (0.9105431309758713, 2), (0.9105485231683299, 1), (0.9105691056699063, 1), (0.9105858170512782, 1), (0.9106002554162119, 1), (0.9106382977754637, 2), (0.9106508875712709, 1), (0.9106967615130381, 1), (0.9107142856239366, 4), (0.9107142856329719, 1), (0.9107142856736338, 1), (0.910746812369566, 3), (0.9107505070901573, 1), (0.9108159392443705, 2), (0.9108327192201816, 1), (0.9108367626761231, 2), (0.9108433734720324, 1), (0.9108910882070215, 1), (0.9108910890638167, 1), (0.9109159346981849, 1), (0.9109176155330806, 1), (0.9109518935423644, 1), (0.9110684580875821, 1), (0.9111111110604989, 3), (0.9111111110942354, 1), (0.9111389236488677, 1), (0.9111584932350936, 1), (0.9111617311035122, 1), (0.9112426035475999, 2), (0.9112709831697222, 1), (0.9112709831697272, 1), (0.911290322573296, 2), (0.9112978524700667, 1), (0.9113149844307885, 1), (0.9113530326310615, 1), (0.911360798978494, 1), (0.9114058354954168, 1), (0.9114139692579699, 1), (0.9114219114006672, 1), (0.9114331722880605, 1), (0.9114470842135753, 2), (0.9114703618027522, 1), (0.9114963503608027, 1), (0.9115044247585902, 2), (0.9115103127018519, 1), (0.9115191986340031, 1), (0.9115281498896671, 1), (0.9115462525259173, 1), (0.9115523465292631, 1), (0.9115646258193337, 1), (0.911646586162326, 1), (0.9116607773690482, 1), (0.9116666666286803, 1), (0.9116809116549374, 1), (0.9116883115699116, 2), (0.9117174958408142, 1), (0.9117460316881439, 1), (0.9117647058153165, 3), (0.9118343195239317, 2), (0.9118387908860478, 4), (0.9118457300024244, 1), (0.9119097955664656, 2), (0.9119718309056364, 2), (0.9119999999513612, 2), (0.9120287252814355, 1), (0.9120521169667555, 1), (0.9120521172044253, 1), (0.9120580235665625, 1), (0.9120879119626233, 1), (0.9121140142084547, 1), (0.9121338911370589, 1), (0.9121540312656554, 1), (0.9121621621005289, 5), (0.9121951218399796, 1), (0.9122017109328052, 2), (0.9122203098002042, 1), (0.9122257053005586, 3), (0.9122448979405627, 1), (0.9122572002618045, 1), (0.9122657580842258, 2), (0.9122807016903662, 4), (0.9123434704503656, 1), (0.912408758957589, 1), (0.9124087591199259, 3), (0.9124423962292639, 2), (0.9124594719735408, 1), (0.912472647602579, 1), (0.9124767223626623, 1), (0.9124999999714859, 1), (0.9125475284014516, 1), (0.9126213590461058, 1), (0.9126213591937684, 1), (0.9126576365757735, 1), (0.9126691265790169, 1), (0.9126925898083174, 1), (0.9126984126259767, 1), (0.9127516776481507, 1), (0.9127516778319226, 2), (0.9127659573497066, 2), (0.9128205127736965, 1), (0.9128205127736991, 1), (0.9128205128153106, 2), (0.9128481581229748, 1), (0.9128630704636662, 1), (0.912903225799088, 1), (0.9129082425417643, 1), (0.912921348186385, 1), (0.9129886506820573, 1), (0.9130434782466924, 1), (0.9130434782484599, 1), (0.913090128706379, 2), (0.91310861419801, 1), (0.9131147540833886, 1), (0.913131313112867, 1), (0.9131403117023227, 1), (0.9131560366930301, 1), (0.9131714495616929, 1), (0.913216108853476, 3), (0.9132176233760679, 1), (0.9132176234736126, 1), (0.9132420091046192, 1), (0.9132791327665766, 1), (0.913294797652667, 1), (0.9133333333130376, 1), (0.9133574006890554, 1), (0.9133858266278028, 1), (0.913385826699736, 2), (0.9133858267428855, 1), (0.9133858267644615, 1), (0.9134125636517265, 1), (0.91341579439454, 1), (0.9134396354312689, 3), (0.9134948096569724, 1), (0.9135254988508392, 4), (0.9135278514104247, 1), (0.913533834577881, 1), (0.9135593219564748, 1), (0.913580246899483, 3), (0.9135802469010487, 3), (0.9136125654211094, 1), (0.9136490250187361, 1), (0.913669064737243, 1), (0.9136842104621963, 1), (0.9137323942857615, 1), (0.9137380191547311, 2), (0.9137709137473928, 1), (0.9137931033695053, 1), (0.9137931034167658, 4), (0.9137931034325208, 1), (0.9137931034384265, 2), (0.9138576778341675, 1), (0.9138840069977548, 1), (0.9139072847076873, 1), (0.9139307896909681, 1), (0.9139465875099761, 1), (0.9139465875099824, 1), (0.9139534883508373, 1), (0.9139633285029692, 1), (0.9139784945253775, 1), (0.9139941690895468, 1), (0.9140461214974801, 1), (0.9140518417213089, 2), (0.914081145573817, 1), (0.9141347423921484, 1), (0.9141630901091358, 1), (0.9141791044435004, 2), (0.9142053445593752, 2), (0.9142185663709891, 1), (0.9142335766381642, 1), (0.9142857141550987, 8), (0.9142857141986416, 1), (0.9142857142276701, 1), (0.9142857142421736, 1), (0.9142857142421791, 4), (0.9142857142595919, 2), (0.9142857142738386, 2), (0.9143121815613027, 1), (0.9143279172145993, 1), (0.914357682504488, 1), (0.9143610011970532, 1), (0.9143610013054762, 1), (0.9143686501513495, 3), (0.9143730886570545, 1), (0.914389799619041, 3), (0.9143968871239538, 1), (0.9144144144041153, 1), (0.9144316729355748, 2), (0.9144316730406835, 1), (0.9144385026248892, 2), (0.9144444444190422, 1), (0.9144634525376528, 1), (0.9144736842030051, 1), (0.9144851657621494, 1), (0.9144927536099335, 2), (0.9145038167240811, 1), (0.9145496535743929, 1), (0.9145569620108479, 1), (0.914560770134428, 3), (0.9145728642909703, 2), (0.9145962732777227, 1), (0.9146005509389822, 1), (0.9146341463228725, 1), (0.914644351426167, 1), (0.914656771782659, 1), (0.9147286820287143, 5), (0.9147286821232765, 1), (0.9147727272207516, 1), (0.9147869673612279, 1), (0.9147928994055797, 1), (0.9148148147978671, 1), (0.9148418491261594, 3), (0.9148580967975022, 2), (0.9148717948530312, 1), (0.9148788926702492, 2), (0.9148936169239463, 1), (0.9148936169239466, 1), (0.9148936169239521, 1), (0.9148936169726166, 1), (0.914893616982345, 1), (0.9148936170018108, 1), (0.9149198519217135, 2), (0.914923291466808, 1), (0.9149277687134902, 1), (0.9149484534903424, 1), (0.9149922718833113, 2), (0.9149999999542477, 2), (0.9150066400454843, 1), (0.9150174621440035, 1), (0.9150174621440049, 1), (0.9150326796388821, 1), (0.9150326797342891, 2), (0.9150460593560389, 2), (0.9150467962530059, 1), (0.9150684931381522, 1), (0.9150823826470161, 2), (0.9150877192340303, 1), (0.9150997150945004, 1), (0.9151291512239732, 1), (0.9151391717272545, 1), (0.9151515150960527, 1), (0.9151515150960597, 1), (0.9151670948804203, 2), (0.9152086136049524, 1), (0.9152542371330075, 3), (0.9152542371688056, 2), (0.9152542371847202, 1), (0.9152542372105718, 1), (0.9152542372260845, 1), (0.9152542372687459, 1), (0.9152542372746478, 1), (0.915282391950557, 1), (0.915294117539374, 1), (0.915315315232852, 1), (0.9153405473637586, 1), (0.9153713298474833, 1), (0.9153846153494065, 1), (0.9153846153819087, 5), (0.9154013014191538, 2), (0.9154013014787272, 1), (0.9154228855493711, 1), (0.9154383242752869, 1), (0.9154639175068996, 4), (0.915470494388662, 1), (0.9154849687512482, 1), (0.9155313350251388, 1), (0.915537017707705, 1), (0.9155555555148601, 3), (0.9155555555301246, 1), (0.9155635062448017, 1), (0.9155844155249648, 1), (0.9155937051622873, 2), (0.9155963301912283, 2), (0.9156249999856919, 1), (0.9157303369500369, 1), (0.9157894736038774, 1), (0.9157894736520784, 1), (0.9157894736681409, 1), (0.915805022088935, 1), (0.9158110881076398, 2), (0.9158200289611164, 2), (0.9158316632348835, 1), (0.9158878496113425, 4), (0.9158878503816845, 1), (0.9158878504428312, 1), (0.9159212879815403, 3), (0.915934755275037, 1), (0.9159561510130084, 1), (0.9159663865161335, 1), (0.915976331252548, 2), (0.9159891598419512, 1), (0.9160530191188164, 1), (0.9160530191188213, 1), (0.9160839160625617, 1), (0.9161021365198951, 2), (0.9161290322285076, 1), (0.9161518092748308, 1), (0.9161735699745484, 2), (0.9162561575451889, 1), (0.9162790697567895, 1), (0.9163090128263781, 1), (0.9163237310128519, 1), (0.9163237311259805, 2), (0.9163265305935463, 1), (0.9163449163213268, 1), (0.9163498098801258, 1), (0.9163636361970285, 2), (0.9164265129154773, 1), (0.916449086149916, 1), (0.9164677804186551, 1), (0.9164750957713943, 2), (0.9165048541909742, 3), (0.9165247018427025, 1), (0.9165545086866378, 1), (0.916568047334567, 1), (0.9165714284666755, 2), (0.9166082690317706, 1), (0.916666665902758, 1), (0.9166666665434582, 1), (0.9166666665711822, 1), (0.9166666665757273, 1), (0.9166666665817927, 1), (0.9166666665972247, 1), (0.9166666666157407, 1), (0.9167567567072028, 1), (0.9167842029736548, 1), (0.9167842030997296, 1), (0.916790490319049, 1), (0.9168081493902056, 3), (0.916814159259577, 1), (0.9168539325774026, 1), (0.9168704156367136, 1), (0.9168765742611158, 1), (0.9168765742611183, 1), (0.916883116871208, 1), (0.9169054440998028, 4), (0.9169230768666533, 1), (0.9169230768948626, 1), (0.9169329073335981, 2), (0.9169435215337541, 1), (0.9169435215337617, 1), (0.9169550172693103, 3), (0.9169675088597515, 2), (0.9169840060230757, 2), (0.916985951351601, 2), (0.9169960473100106, 1), (0.9170182840810938, 1), (0.9170305676455409, 2), (0.9170305676655635, 1), (0.9170731706819998, 1), (0.9170896783558256, 6), (0.9170912459429497, 1), (0.91711711703449, 1), (0.9171270717725345, 1), (0.9171374763731514, 1), (0.9171483621997232, 1), (0.9171597632683844, 4), (0.9172113288761157, 1), (0.9172216935378471, 1), (0.9172259507419577, 2), (0.9172259507624773, 1), (0.9172413792787126, 1), (0.9172821269632706, 1), (0.917293233074087, 1), (0.9173076922900484, 2), (0.9173333333210986, 1), (0.917355371875552, 1), (0.9173789173736902, 1), (0.917431192576382, 10), (0.9174311926324933, 2), (0.9174917491143568, 1), (0.9175257731012847, 3), (0.917537746784726, 1), (0.9175704988158796, 1), (0.9175824175320012, 1), (0.9176029960828435, 2), (0.9176172368925735, 1), (0.9176470586076338, 11), (0.9176788123908871, 1), (0.9177018633397896, 1), (0.9177057354319941, 1), (0.9177631578796349, 1), (0.9177820267510949, 1), (0.9178082191623711, 1), (0.9178082191655095, 1), (0.9178356713242914, 1), (0.9178470254697533, 2), (0.9178571428025122, 1), (0.9178630265728909, 1), (0.9179331306432887, 2), (0.9179331306711895, 1), (0.9179487179016425, 2), (0.9180176007368306, 1), (0.9180327868551464, 2), (0.9180327868601629, 1), (0.9180327868685242, 3), (0.9180327868701962, 1), (0.9180722891013218, 1), (0.9181034482692658, 1), (0.9181084198279326, 1), (0.9181184668909561, 1), (0.9181395348794489, 1), (0.918181818165124, 1), (0.9181818181698943, 4), (0.9181969949609937, 1), (0.9182058047251127, 1), (0.918263090665158, 1), (0.9183098591290593, 1), (0.9183673468762987, 1), (0.9183673468763058, 1), (0.918367346891919, 1), (0.9183673469200334, 3), (0.9183922046061315, 1), (0.9184060720714087, 2), (0.9184149183935075, 1), (0.918439716305543, 1), (0.9184692179394836, 4), (0.9184741959542467, 1), (0.918478260857083, 1), (0.9185185184844976, 1), (0.9185580773752632, 1), (0.918558077412056, 2), (0.9185667751844583, 1), (0.9185784975217332, 1), (0.9186351705795643, 1), (0.9186991868051468, 1), (0.918699186966973, 1), (0.9187227865806418, 1), (0.918749999942581, 1), (0.9188311688013385, 1), (0.9188882585979072, 2), (0.9189189187636955, 3), (0.9189189188692476, 1), (0.9189189188940834, 2), (0.9189189188952667, 1), (0.9189189188973191, 1), (0.918947368411379, 2), (0.91895512390543, 1), (0.9189842805209307, 1), (0.9189907038268511, 1), (0.9189925119066095, 1), (0.919023136187724, 3), (0.9190476190038527, 1), (0.9190751444821058, 1), (0.9191246431095006, 1), (0.9191290823546585, 1), (0.9191489361506526, 1), (0.9191685911815626, 2), (0.9191820836495442, 1), (0.9192100538269543, 1), (0.9192546582709166, 2), (0.9192660549615357, 3), (0.9192751235281975, 2), (0.9192825111695407, 1), (0.9192982455495246, 1), (0.9193083573222084, 1), (0.9193245778439121, 2), (0.9193548386800208, 1), (0.919395465879171, 1), (0.9194232400183305, 1), (0.9194312796154042, 1), (0.9194547706419538, 1), (0.9194805194685776, 20), (0.91949152532632, 1), (0.9194943446379252, 1), (0.9194991055127149, 1), (0.9195088676420282, 1), (0.9195171025231862, 2), (0.9195402298145938, 3), (0.9195402298733142, 1), (0.919587628847017, 1), (0.9195898542407109, 1), (0.9196050774443444, 2), (0.9196337740671796, 1), (0.9196652719280491, 1), (0.9196721311324629, 1), (0.9196787146747734, 4), (0.9196891190518568, 1), (0.919696969690003, 1), (0.9197396962126055, 1), (0.9197396962724663, 1), (0.9197584124086348, 1), (0.9197707736126121, 1), (0.919793966117741, 1), (0.9197994986892373, 1), (0.919847328209161, 1), (0.9198606271563334, 1), (0.9198813055014984, 1), (0.9198813056106848, 2), (0.9199318568211304, 1), (0.9199999998327276, 2), (0.9199999998584556, 1), (0.9199999999079989, 1), (0.9199999999292292, 1), (0.9199999999540045, 2), (0.9199999999591131, 3), (0.9199999999877333, 1), (0.9201127819462406, 1), (0.9201277955124579, 3), (0.9201388888569411, 1), (0.9201520911381307, 3), (0.9201520911847826, 1), (0.9201623815884521, 1), (0.9201741653904086, 1), (0.9201784828497688, 1), (0.9202037351286848, 3), (0.9202363367119462, 1), (0.9202586206698236, 1), (0.920353981486411, 1), (0.9203539822845955, 1), (0.920353982291834, 1), (0.9204152248816481, 2), (0.9204328452628605, 1), (0.9204545454022482, 3), (0.9204545454414722, 1), (0.9204737732345046, 2), (0.9204946996385115, 1), (0.9204984959095779, 1), (0.9205020919731806, 1), (0.9205103042017563, 1), (0.9205298012635417, 1), (0.9205298012906346, 1), (0.9205607476420423, 2), (0.9205776172869806, 1), (0.9205776172952864, 1), (0.9205939315568665, 1), (0.9206137424888546, 2), (0.9206349205618566, 1), (0.9206349206083514, 1), (0.9206349206222103, 1), (0.9206349206263226, 1), (0.9206349206272314, 1), (0.9206842923078798, 1), (0.9206963249338331, 1), (0.920738327804478, 1), (0.9207397622071206, 2), (0.9207622868421126, 1), (0.9207708779048911, 2), (0.9207836456480375, 1), (0.9207920791623386, 1), (0.9207977207924736, 1), (0.9208074534018513, 1), (0.9209138839746623, 1), (0.9209302325367205, 1), (0.9209302325474289, 1), (0.9209677418612131, 1), (0.9209809263803318, 1), (0.920997920978779, 3), (0.9210256410067501, 1), (0.9210320562867792, 1), (0.9210397253465327, 1), (0.9210526314981529, 3), (0.9210526315668283, 1), (0.9210722263554663, 1), (0.9210770658383407, 1), (0.9210884353114909, 1), (0.9210950080366959, 1), (0.9211136890737591, 1), (0.9211267605601382, 1), (0.9211295033182942, 1), (0.9211571184956794, 2), (0.9211618256497015, 1), (0.9211618256879196, 2), (0.9212283043812746, 1), (0.9212598424471403, 2), (0.921273031794935, 1), (0.9212880142288655, 2), (0.9212962961896608, 1), (0.9213161658195546, 1), (0.9213483144773366, 2), (0.9213483145998401, 1), (0.9213793102177417, 1), (0.92139737987243, 3), (0.9214092140796534, 1), (0.9214659684898989, 1), (0.9214659685743264, 1), (0.9214840379478614, 1), (0.9215262778944519, 1), (0.9215328467111252, 2), (0.9215358931244851, 1), (0.921538461467571, 1), (0.9215686273606293, 2), (0.921568627390748, 1), (0.921610169472, 2), (0.9216255442001714, 1), (0.9216300940149958, 1), (0.9216342933628839, 1), (0.9216589860901677, 2), (0.9216757741179992, 2), (0.9216921692086294, 1), (0.921739130394709, 1), (0.9217758984551281, 1), (0.9217809867407514, 2), (0.9218009478454509, 1), (0.9218612817452284, 1), (0.9218749999279786, 1), (0.921914357566509, 2), (0.9219373219320672, 1), (0.9219440353325233, 1), (0.9219600725618211, 1), (0.9219756620671453, 1), (0.9219858154720647, 2), (0.9219858154938488, 1), (0.9219858155374463, 1), (0.9219999999078027, 1), (0.9220183485815617, 1), (0.9220338982009035, 1), (0.922033898226945, 1), (0.9220338982425678, 1), (0.9220779220180475, 1), (0.9220779220180512, 2), (0.9220779220479834, 1), (0.9220907297375703, 1), (0.922155688512316, 1), (0.9221556885438731, 1), (0.9222042139309354, 1), (0.9222096955823644, 1), (0.9222222221197544, 1), (0.9222222221709826, 1), (0.9222222221709889, 5), (0.922237380602394, 1), (0.9222395022611012, 1), (0.9223529409594501, 1), (0.9223602484328843, 1), (0.922384701891509, 1), (0.9224030037489178, 1), (0.9224137930239364, 2), (0.9224137930901938, 1), (0.9224137930935079, 2), (0.9224318657314032, 1), (0.9224452554702485, 1), (0.9224489795730076, 1), (0.9224904701163265, 1), (0.9224973089293738, 1), (0.922502334262734, 1), (0.9225092249787816, 1), (0.922535211202629, 1), (0.9225512527423086, 1), (0.9225589222482905, 1), (0.9225663715793635, 1), (0.9225700164592651, 1), (0.9225806450124864, 1), (0.9225806451315267, 1), (0.9226277372128057, 1), (0.9226361031254183, 1), (0.9226666666174553, 2), (0.9226804122522329, 1), (0.922686945383688, 4), (0.9226932666028156, 1), (0.9227166275914455, 1), (0.9227220299778227, 1), (0.922732362770284, 1), (0.9227799227442944, 1), (0.9228070175276685, 1), (0.9228269699420647, 1), (0.9228426395892251, 1), (0.9228571428307744, 1), (0.9230769224852211, 1), (0.9230769227682046, 1), (0.9230769229191337, 2), (0.9230769229870415, 1), (0.9230769230093016, 3), (0.9230769230201183, 1), (0.9230769230262026, 1), (0.9230769230295831, 1), (0.9230769230295858, 6), (0.9230769230325406, 1), (0.9230769230438977, 1), (0.9230769230532545, 3), (0.9230769230693704, 1), (0.9230769230716634, 1), (0.9230769230741921, 1), (0.9231578947271251, 2), (0.9231905464606216, 1), (0.9232432431933388, 1), (0.9232876712202239, 1), (0.9232914922003763, 1), (0.92329149220038, 1), (0.9232954545323399, 1), (0.9233226836913198, 1), (0.923322683691325, 3), (0.9233333332563876, 1), (0.9233576640650805, 3), (0.9233766233646302, 1), (0.9233817701331102, 1), (0.9233954450963388, 1), (0.9234042551226801, 1), (0.9234042552994943, 2), (0.923423423413025, 1), (0.9234338746885524, 1), (0.9235412473919987, 1), (0.9235880398057394, 1), (0.9235993208671717, 4), (0.9236363634684268, 1), (0.9236641220668873, 1), (0.9237668161020687, 1), (0.923766816102071, 1), (0.9237804877907959, 2), (0.9237875286550118, 1), (0.9237947122574269, 1), (0.9238095237655318, 1), (0.9238095237655372, 1), (0.9238210398920946, 1), (0.923847695298207, 4), (0.9238521835988878, 1), (0.9238754324939858, 2), (0.923898531251817, 2), (0.9238985313504933, 2), (0.9240506328789003, 1), (0.9240837695125547, 1), (0.9240837696093194, 1), (0.924096385486499, 1), (0.924107142815891, 2), (0.9241379309070139, 2), (0.9241573032409884, 1), (0.9241573033448227, 1), (0.9241645243621998, 1), (0.9241773961481841, 2), (0.9241877256095294, 1), (0.9241935483796428, 1), (0.9242282506987077, 1), (0.9242424241724101, 1), (0.9242618741739589, 1), (0.9242700729884866, 1), (0.9242761691621096, 1), (0.9242957745665221, 1), (0.9243027888077977, 1), (0.9243134628203318, 4), (0.9243243242410515, 1), (0.924330616974984, 2), (0.9243697478214811, 1), (0.9243697478603136, 2), (0.9244186045974168, 1), (0.9244186045974203, 1), (0.9244222360446961, 1), (0.9244444443417277, 1), (0.9244444443930857, 1), (0.924444444403356, 1), (0.9244712990378035, 1), (0.924489795899504, 1), (0.9245585873315274, 1), (0.9245585874502541, 1), (0.9245604083423384, 1), (0.9245742092232485, 1), (0.924583741411859, 1), (0.9246935200591349, 1), (0.9247058823420612, 1), (0.9247135842804848, 1), (0.9247648902531428, 2), (0.9247910862994564, 1), (0.9248120300664971, 1), (0.9248226950289027, 1), (0.924852071003182, 2), (0.9248633879149667, 1), (0.9248747912879842, 2), (0.9248895433100303, 1), (0.9248895434190015, 1), (0.9249061326600445, 1), (0.9249448123109847, 1), (0.9249999988437811, 1), (0.9249999999229186, 1), (0.9249999999449444, 1), (0.92499999995375, 4), (0.9250859106465655, 1), (0.925110132117837, 2), (0.9251336897900951, 2), (0.925170067964265, 1), (0.9252077562155997, 1), (0.9252173912238929, 1), (0.9252631578849981, 1), (0.9252669038048326, 1), (0.925301204796983, 1), (0.9253731342593003, 1), (0.9254185692400988, 1), (0.9254437868727308, 1), (0.9254498714058215, 1), (0.9254571026592799, 2), (0.9254658384949486, 1), (0.9254755222920922, 1), (0.9254901960421341, 1), (0.9255014326382371, 1), (0.9255319147951572, 2), (0.9255319147951574, 3), (0.9255474452419641, 2), (0.9256198346852405, 2), (0.9256198346852501, 1), (0.925619834691619, 1), (0.9256474519555096, 1), (0.9256594724109601, 1), (0.9256756756131324, 2), (0.9257003653854895, 1), (0.9258160237113936, 1), (0.9259259257830376, 1), (0.9259259258116179, 1), (0.9259259258401862, 2), (0.9259259258973487, 1), (0.9259259258995458, 1), (0.9259259259116376, 1), (0.9259757738647144, 1), (0.9259796806294637, 1), (0.9259796806832237, 1), (0.9259842519612084, 1), (0.9259896729616859, 1), (0.9260042282906529, 2), (0.9260143197980183, 2), (0.9260372820093082, 1), (0.9260700388384348, 1), (0.9260808925822562, 1), (0.9261083743272073, 1), (0.9261213720194424, 1), (0.9261261260426894, 1), (0.9261576970982178, 1), (0.926157697115605, 1), (0.9262086512816531, 1), (0.9262295081587633, 1), (0.9262295081815373, 1), (0.9262994569361809, 1), (0.9263157893924282, 1), (0.9263157894541829, 2), (0.926342072293843, 1), (0.9264173702139441, 1), (0.9264173703033446, 1), (0.9264214046667846, 1), (0.9264305176606838, 3), (0.9264853977751617, 2), (0.926499032864092, 1), (0.9265175718652513, 1), (0.9265175718701831, 1), (0.9265175718701848, 1), (0.9265367314952746, 2), (0.9265536722116946, 1), (0.926568758319718, 1), (0.9265957446315614, 1), (0.9266055043746205, 2), (0.9266055044454746, 1), (0.9266055045588169, 1), (0.926618704902646, 2), (0.9266409264620394, 1), (0.9266409266051457, 2), (0.9266409266170744, 1), (0.9266547405750724, 1), (0.9266589056827313, 2), (0.9266589056827327, 2), (0.9266666665894449, 1), (0.9266666666048874, 2), (0.9266666666151856, 2), (0.9266666666460751, 1), (0.926677066938116, 1), (0.9267431596710719, 1), (0.9267515923419305, 1), (0.9267900241276996, 1), (0.9268292682603904, 1), (0.9268292682660862, 1), (0.9268817204101727, 1), (0.9269051321640147, 1), (0.9269662920046363, 2), (0.9269926322777795, 1), (0.9269949066056509, 7), (0.9269972451471399, 1), (0.9270072992658481, 1), (0.9270216962067563, 1), (0.9270270270019711, 1), (0.9270298046323733, 1), (0.9271070613978221, 1), (0.927161334234667, 1), (0.9272151898587445, 1), (0.9272237196515593, 1), (0.9272727271884236, 1), (0.92727272721654, 2), (0.9273021001241011, 1), (0.9273182956812476, 2), (0.9273216688474185, 3), (0.9273301737610214, 1), (0.927335640074232, 1), (0.9273356401063197, 1), (0.9273570323141644, 2), (0.9273743015723629, 1), (0.9273885349137057, 1), (0.9274310594392264, 1), (0.9274783765739987, 1), (0.9275184275070332, 2), (0.9275362317496245, 1), (0.9275675675174286, 1), (0.9275862068645692, 4), (0.9276073618493832, 1), (0.9276139407700738, 1), (0.9276139410104779, 1), (0.9276218610836328, 1), (0.9276353276300404, 1), (0.9276437847694319, 1), (0.927659574270707, 1), (0.9276595743693973, 3), (0.927659574389143, 1), (0.9276807977736442, 1), (0.9277108431872094, 1), (0.9277108433176067, 3), (0.9277108433511396, 1), (0.927777777726237, 2), (0.9277942631012455, 2), (0.9278074866062103, 1), (0.9278350514268215, 3), (0.9278350514826222, 1), (0.9278663628756352, 1), (0.9278996864912897, 2), (0.9279279277885923, 1), (0.9279636981889975, 2), (0.9279661016555976, 2), (0.9279999999505054, 3), (0.9280057595358979, 1), (0.9280078895005924, 2), (0.9280575539457068, 1), (0.9280677008564092, 1), (0.9280742459181441, 1), (0.9280821917490355, 1), (0.9280898876195925, 1), (0.9281249999709976, 1), (0.9281249999854995, 1), (0.9281437125192719, 1), (0.9281609195335621, 1), (0.9281690140812402, 1), (0.9282051281575291, 5), (0.9282051281813235, 1), (0.9282296649829499, 2), (0.9282511210346115, 1), (0.9283276447343611, 1), (0.9283333332559711, 1), (0.92836676215105, 2), (0.9283746556218074, 1), (0.9283819628154707, 1), (0.9284023668611592, 1), (0.9284164857995213, 1), (0.9284164858599443, 2), (0.9284210526218065, 3), (0.9284403668021209, 1), (0.928440366887299, 2), (0.9284436492908359, 3), (0.928443649357273, 1), (0.9284467713462996, 1), (0.9284525790040493, 2), (0.9284603420739911, 1), (0.9284802043304164, 1), (0.9285714284977364, 1), (0.9285714285111302, 2), (0.9285714285299687, 1), (0.9285714285299734, 2), (0.9285714285593691, 1), (0.9286871961026835, 1), (0.9287090558408965, 1), (0.9287090558408988, 2), (0.9287833827847214, 1), (0.9288321167840863, 1), (0.9288702928093023, 2), (0.9288702928611191, 2), (0.9288793103348165, 1), (0.9288824383029177, 1), (0.9288888888682485, 1), (0.9289012003521898, 1), (0.9289099525919586, 1), (0.9289156625946449, 1), (0.9289558665181432, 1), (0.9289617485704247, 1), (0.9289855072329118, 1), (0.9289871943904762, 6), (0.9289972899225474, 1), (0.929078014074571, 1), (0.9290780141185052, 1), (0.9291338581945536, 1), (0.9291784702286416, 1), (0.9291835814079468, 1), (0.9291845493362823, 2), (0.9292389852889367, 1), (0.9292929292553821, 1), (0.9293233082427266, 1), (0.929347826074329, 2), (0.9293800539033438, 1), (0.9293849657255853, 1), (0.9294026376964368, 1), (0.9294117646694277, 1), (0.9294117646694366, 1), (0.929411764694948, 2), (0.9294403892491707, 1), (0.9294605808357367, 3), (0.92946058088715, 1), (0.9294797686786747, 1), (0.9295169946166466, 1), (0.9295774646432602, 2), (0.92958579881382, 1), (0.9295859776311293, 1), (0.9296148738132911, 1), (0.9296235679138317, 1), (0.9296482411826733, 1), (0.929655172285566, 1), (0.9296874999273655, 1), (0.9296874999636879, 1), (0.9296987087251151, 3), (0.9297124600490446, 2), (0.9297297296794765, 1), (0.9297484821396585, 3), (0.9297573435267014, 2), (0.9297752807682882, 1), (0.9297912713119616, 3), (0.9298245605878862, 1), (0.9298245612869925, 1), (0.9298486932343903, 1), (0.929859719345701, 1), (0.9298998568054513, 4), (0.929936305614023, 1), (0.9299492385739587, 1), (0.9299999999534955, 2), (0.930015552070606, 1), (0.9300173510646044, 1), (0.9300225733214406, 2), (0.9300411522442316, 2), (0.9300699300374062, 1), (0.9300847456641893, 1), (0.9300857013898954, 1), (0.9301204818716796, 1), (0.9301204819052962, 3), (0.9301397205217508, 1), (0.9302325580563272, 4), (0.9302325580739828, 1), (0.9302325580777248, 3), (0.9302325580854522, 3), (0.9302325580867713, 1), (0.9302325580914598, 1), (0.9302325580914652, 1), (0.9302325581062552, 4), (0.9302325581167651, 2), (0.9302325581287182, 1), (0.9302325581345035, 1), (0.9302325581352082, 1), (0.9302623160529103, 1), (0.9302752292724501, 1), (0.9302884615272807, 1), (0.9303015323730587, 1), (0.9303135888420663, 1), (0.9303547963145172, 1), (0.9303621169398159, 1), (0.9303703703428067, 1), (0.9303904923441377, 1), (0.9304123710141233, 1), (0.9304229194834791, 1), (0.9304240428121429, 1), (0.9304812833229458, 1), (0.9305019303222943, 2), (0.9305084744974151, 1), (0.930538922099968, 1), (0.9305555554632369, 4), (0.930555555512469, 1), (0.9305631492568025, 1), (0.9305654974280198, 1), (0.9305740987362773, 2), (0.9306097927025951, 1), (0.9306122447080377, 1), (0.9306122448789653, 2), (0.930626057372145, 2), (0.9306409129999469, 2), (0.9306451612828144, 1), (0.9306487695541212, 1), (0.9306599832837876, 1), (0.9306683322341869, 1), (0.9306698002131417, 1), (0.9306930691533484, 1), (0.9306930692360458, 1), (0.930693069260855, 1), (0.9306930692972324, 1), (0.9307411907541824, 1), (0.9307616221516777, 1), (0.9307692307334293, 1), (0.9307805596191239, 1), (0.9307923771127238, 1), (0.9307948020493755, 1), (0.9307958477186575, 1), (0.9308072487490817, 1), (0.9308666016620388, 1), (0.9308975376544183, 1), (0.9309056956072291, 1), (0.9309245483330303, 2), (0.930954228076563, 2), (0.9309734512944772, 1), (0.9309878213718481, 1), (0.9310344826783605, 1), (0.9310344826944114, 1), (0.931034482726516, 6), (0.9310344827294368, 1), (0.9310344827467317, 2), (0.9310344827497001, 1), (0.9310734462224792, 1), (0.931091058240643, 1), (0.9310986962884352, 2), (0.9311111110904219, 2), (0.9311294765583682, 2), (0.9311475409530764, 1), (0.9311475409683448, 2), (0.9311639549320255, 1), (0.9311688311567387, 1), (0.9311999999503335, 1), (0.9312169311922982, 1), (0.9312320916638622, 1), (0.9312499999854549, 2), (0.9312681509984253, 1), (0.931271477631224, 1), (0.9312820512629499, 1), (0.931297709805174, 4), (0.9312977098525722, 1), (0.9313131312190615, 1), (0.9313131312943151, 1), (0.9313154830982195, 1), (0.9313247673490757, 1), (0.9313432835542897, 1), (0.9313593539077122, 3), (0.9313669880356565, 2), (0.9313725489891701, 2), (0.9313992142584979, 1), (0.9314079422046493, 1), (0.9314079422158528, 2), (0.9314381270747266, 1), (0.9315068492299993, 1), (0.9315068492831656, 1), (0.9315245477915828, 2), (0.9315673288840478, 1), (0.9315789473586149, 2), (0.9315960911546385, 1), (0.9316420013437905, 1), (0.931645569608459, 1), (0.931662870053342, 3), (0.931692985660454, 1), (0.9316939890073979, 1), (0.9317460316720848, 1), (0.931750741812122, 1), (0.9317803660255661, 1), (0.9317851959226117, 1), (0.9318028358587598, 4), (0.9318181817879291, 1), (0.9319092122581614, 1), (0.9319148935178829, 3), (0.9319371727504722, 1), (0.9319371727679028, 1), (0.9319492502776031, 1), (0.9319587628673787, 1), (0.9319727890522541, 1), (0.9319899243862967, 1), (0.9319971366548307, 3), (0.9319999999813583, 1), (0.9320388348691926, 2), (0.9320531757066439, 2), (0.9320987654033325, 1), (0.9321100915720917, 1), (0.9321663018673806, 1), (0.9321774604698414, 1), (0.9322033896725115, 3), (0.9322033897515073, 1), (0.9322033897515117, 2), (0.9322191271186436, 1), (0.9322429905997522, 1), (0.9323116219548879, 2), (0.9323308269274665, 1), (0.9323308269508367, 2), (0.9323843415264084, 1), (0.9324009323791986, 1), (0.932412432119761, 1), (0.9324208724608738, 1), (0.9324324323694264, 2), (0.9324324324219294, 1), (0.9324577860988268, 1), (0.9324675324554219, 1), (0.9324758842143892, 2), (0.932484076314333, 1), (0.9324960753239429, 1), (0.9325259514764226, 1), (0.9325337329936247, 1), (0.9325626203879553, 1), (0.9325626203879573, 1), (0.9325681491841439, 2), (0.9325842696367196, 1), (0.9326072157867074, 1), (0.9326145552476833, 1), (0.9326241134586384, 1), (0.9326287978740718, 1), (0.9326513213941502, 1), (0.9326530612054524, 1), (0.9326683289444657, 2), (0.9327548805929731, 1), (0.9327731091653146, 2), (0.9327731092044905, 1), (0.9327846363603888, 1), (0.932814021330789, 3), (0.9328165374556476, 1), (0.9328358208259093, 1), (0.9328463051156826, 1), (0.9328947368298315, 1), (0.9329073482279117, 5), (0.9329305135387984, 1), (0.9329388559697784, 1), (0.9329758713053353, 1), (0.9329829172080617, 2), (0.9329896906014177, 2), (0.9330085261648475, 1), (0.9330783938457756, 1), (0.9330889092404572, 1), (0.9330948121478873, 1), (0.9330985914671577, 1), (0.9331532747513075, 4), (0.9331683168085867, 1), (0.9331742242323178, 1), (0.9331973482821707, 1), (0.9332365746782856, 1), (0.933244325705389, 1), (0.9333333325555682, 1), (0.9333333331919175, 1), (0.933333333195055, 2), (0.9333333332555593, 3), (0.9333333332711111, 1), (0.9333333332767731, 1), (0.9333333332814789, 5), (0.9333333332854666, 2), (0.9333333332918519, 2), (0.9333333332967303, 3), (0.9333333333005855, 1), (0.9333333333050561, 1), (0.9333333333056791, 2), (0.9333333333094012, 1), (0.9333333333280137, 1), (0.9334763948297533, 2), (0.9335604769937549, 1), (0.9335727108677242, 2), (0.9335863377254806, 3), (0.9335863377432001, 1), (0.933608247418829, 1), (0.9336358479334304, 1), (0.9336419752942345, 1), (0.9336437718059684, 6), (0.9336670838314455, 1), (0.9336670838489737, 1), (0.9336905559214052, 2), (0.9337386017669475, 2), (0.9337442217359398, 1), (0.9337656322328232, 1), (0.9337676438146706, 2), (0.9337748343752503, 2), (0.9337979093859754, 1), (0.933810375637426, 2), (0.9338103756374297, 42), (0.9338235293774264, 1), (0.9338582677091779, 2), (0.9338758900372451, 1), (0.9338959212048561, 1), (0.9339407743810987, 2), (0.9339513325391895, 1), (0.9339622641068894, 1), (0.9339933991858135, 1), (0.933999999981321, 1), (0.9340101521262321, 2), (0.9340425530921227, 7), (0.9340425531848637, 1), (0.9340659340146095, 1), (0.9340659340402736, 1), (0.9340909089847643, 1), (0.9340974211766685, 4), (0.9341010876459753, 1), (0.9341463413495056, 1), (0.9342105262748152, 1), (0.9342105263081067, 1), (0.9342327149559164, 1), (0.9342560553309953, 1), (0.9342934293345253, 1), (0.9343065692748617, 1), (0.9343065693294261, 2), (0.9343195266244553, 1), (0.9343220338785109, 1), (0.9343246591159482, 1), (0.9343629341825603, 2), (0.9343629343388822, 1), (0.9343715239050672, 1), (0.9343749999708002, 2), (0.9344146685439552, 1), (0.9344262294698996, 1), (0.9344262294928783, 1), (0.9344457687500742, 1), (0.9344729344676099, 1), (0.934482758588463, 2), (0.9344852411773407, 1), (0.934497816553079, 3), (0.934510669575624, 1), (0.9345794383789036, 1), (0.934579439106761, 1), (0.9345794391275584, 2), (0.9345794391851511, 1), (0.93457943922738, 4), (0.9346092503689171, 2), (0.9346153845794362, 1), (0.9346153845974096, 2), (0.9346271705774526, 1), (0.9346405228452732, 1), (0.9346590908958141, 2), (0.9346846846741594, 1), (0.9346938774874353, 1), (0.9346938775414817, 1), (0.9346991036892535, 1), (0.9347368420954233, 1), (0.9347568207669315, 1), (0.934808190140391, 1), (0.9348441926080794, 1), (0.9348659003115072, 3), (0.9348659003712033, 3), (0.9348659003741854, 1), (0.9348739495700114, 1), (0.9348894348779488, 1), (0.9349112424929102, 1), (0.9349112425482287, 4), (0.9349269588065111, 1), (0.9349315068333108, 1), (0.9349315068413074, 1), (0.9349397588108554, 1), (0.9349397589798222, 1), (0.9349397590136204, 2), (0.9349736379284752, 1), (0.9349999999532522, 4), (0.9350318470146431, 1), (0.9350649349434962, 1), (0.9350649350042165, 1), (0.9350649350345777, 1), (0.935064935047589, 1), (0.9350770667475435, 1), (0.9351535832985833, 1), (0.9351535835113536, 1), (0.9351724136641143, 1), (0.9351851850985895, 1), (0.9352112675792912, 1), (0.935251798426584, 1), (0.9352517984650313, 1), (0.9352517985162989, 2), (0.935251798549936, 1), (0.935275080875881, 1), (0.9352818371216997, 1), (0.9352890422616823, 1), (0.9353383457240083, 1), (0.9353448275660511, 2), (0.9353448275761252, 1), (0.9353612166114889, 1), (0.9353612166589147, 1), (0.9353846153270561, 1), (0.9354005166750129, 1), (0.9354005167837831, 1), (0.9354413701007349, 1), (0.9354609929011677, 1), (0.9354838704647916, 1), (0.9354838709601977, 1), (0.9355029585771161, 1), (0.9355281207004783, 1), (0.9355670101887121, 1), (0.9355692850012747, 1), (0.9355742296656716, 1), (0.9355828220141421, 1), (0.935618341820585, 1), (0.9356725145104526, 2), (0.9357429716996569, 1), (0.9357429718687593, 1), (0.9357554275172454, 1), (0.9357798164279085, 2), (0.935789473674361, 1), (0.9358108107791964, 1), (0.9358288769803261, 1), (0.935897435867432, 1), (0.935897435877443, 1), (0.9359145526745044, 1), (0.9359267734500245, 1), (0.9359331475801689, 3), (0.9359605910407941, 1), (0.9359605911022677, 1), (0.9359698680851246, 1), (0.9360146250574024, 1), (0.9360465115734876, 1), (0.936065573755145, 1), (0.9360824742075053, 1), (0.936099889810208, 1), (0.9361022364067715, 2), (0.936114732602852, 1), (0.9361445782568603, 1), (0.9361702125999726, 1), (0.9361702126663566, 1), (0.9361702126663655, 4), (0.936170212699548, 1), (0.9361702127090503, 1), (0.9361702127493604, 1), (0.936170212759318, 1), (0.9362186787088619, 5), (0.9362549800175124, 1), (0.9363295879448447, 1), (0.9363295879799112, 1), (0.9363636361508263, 1), (0.9363636362785186, 2), (0.9363636363514746, 1), (0.9363636363565421, 1), (0.936369725378859, 1), (0.9364248317057927, 1), (0.9364303177339419, 1), (0.9364406779462631, 2), (0.9364705882242758, 1), (0.9364896073848907, 1), (0.936562860427488, 1), (0.9365853657394498, 1), (0.936585365823199, 1), (0.9366197182438938, 1), (0.9366391184314958, 1), (0.9366652304637371, 1), (0.936666666640649, 1), (0.9366963402525377, 1), (0.9367088606112792, 1), (0.936708860719969, 1), (0.9367088607331431, 1), (0.9367088607463254, 1), (0.9367346938584359, 3), (0.9367816091819413, 2), (0.9367816091886713, 1), (0.9368191720112353, 2), (0.9368421052467237, 1), (0.9368421052532964, 1), (0.93687707634971, 1), (0.9368836291451227, 1), (0.9368932037697968, 1), (0.9369828134349464, 1), (0.9369863013570225, 3), (0.9370078739419669, 3), (0.9370277077613531, 2), (0.9371633751907621, 3), (0.937181663821096, 3), (0.9372197308996747, 3), (0.9372384935931382, 2), (0.937238493719928, 1), (0.9372496661965987, 3), (0.9372549019240238, 1), (0.9372549019240328, 2), (0.9372881355137884, 1), (0.9372900335421448, 1), (0.9372937293110741, 1), (0.9372937293420079, 1), (0.9373737373358609, 1), (0.9373737373358655, 1), (0.9373881931686044, 6), (0.9374201787755466, 1), (0.9374398459967533, 2), (0.9374416433196194, 1), (0.9374999994140492, 1), (0.9374999999267569, 6), (0.9374999999414062, 1), (0.9374999999674457, 1), (0.9374999999707032, 2), (0.9374999999853515, 1), (0.937499999986682, 1), (0.9374999999866835, 1), (0.9374999999872604, 1), (0.9374999999922909, 1), (0.9375276915845113, 1), (0.9375907111620062, 1), (0.9377162628946588, 1), (0.937728937614449, 1), (0.9377593360217719, 3), (0.937759336060674, 1), (0.9377664108962022, 1), (0.9377777777360947, 1), (0.9377990429724561, 3), (0.9377990430322893, 5), (0.9378277153487791, 1), (0.9378344997902934, 1), (0.9378378378124922, 1), (0.9378531072563203, 1), (0.9378881987431996, 1), (0.9378960708570461, 3), (0.9378980891570403, 1), (0.9379014988891721, 2), (0.9379310343533904, 2), (0.9379310344180752, 1), (0.9379310344504177, 2), (0.9379398592390404, 1), (0.9379844960513136, 1), (0.9379932356045575, 1), (0.9380530965149794, 1), (0.93805309732853, 4), (0.9380530973375857, 1), (0.9381663112606308, 3), (0.9382022471646435, 1), (0.9382093316401251, 1), (0.938255887909721, 1), (0.9383003492214591, 1), (0.9383003492214606, 1), (0.9383259911480898, 1), (0.9383333332551381, 2), (0.9383429672266165, 2), (0.9383886255627703, 1), (0.9384236452624124, 1), (0.9384288745353552, 1), (0.9384436701291876, 1), (0.9384615382810637, 1), (0.9384615383171545, 1), (0.9384615384134098, 1), (0.938502673771702, 1), (0.938534278848875, 1), (0.9385474859286526, 1), (0.938555030321506, 1), (0.9385964911869022, 1), (0.9386084583645643, 1), (0.9386189258272007, 1), (0.9386562803370335, 1), (0.9386745796194895, 1), (0.9386792452387489, 1), (0.9386973179956749, 1), (0.938712179977201, 1), (0.9387387386541645, 1), (0.9387755101274469, 1), (0.938775510184923, 1), (0.9388264669046273, 1), (0.9388888888367335, 3), (0.9389312976382445, 1), (0.9389473684111694, 4), (0.9389473684111718, 1), (0.9389587073440038, 1), (0.9389671361061538, 1), (0.9390243901293941, 1), (0.9391025639520677, 1), (0.9391447368343813, 1), (0.9391891890305425, 1), (0.9391891891257282, 3), (0.9392624727831569, 2), (0.9392712549846652, 1), (0.9392712550552937, 2), (0.939281288607275, 1), (0.9392928619016732, 1), (0.9392971245856385, 3), (0.9392999556517797, 1), (0.9394463667007409, 1), (0.9394544244781118, 1), (0.9394673123031789, 1), (0.9394760613424102, 3), (0.9394812679844525, 1), (0.9394812680076585, 1), (0.939510939486756, 1), (0.9395218002680836, 1), (0.9395229982884215, 1), (0.9395807643724321, 1), (0.9395877753953149, 1), (0.9395973153942005, 1), (0.9396215079321218, 1), (0.93963782694286, 1), (0.9396551724002948, 2), (0.9396872673084871, 1), (0.9397217927450175, 1), (0.939727232690729, 1), (0.9397590361162725, 1), (0.9397810218935237, 1), (0.9398422090266365, 1), (0.9398734175728055, 1), (0.9399054692140537, 2), (0.9399198931658234, 3), (0.9399744570957851, 1), (0.9399815327619558, 1), (0.9399999999059977, 1), (0.9399999999060034, 3), (0.9399999999529978, 2), (0.9399999999791127, 1), (0.9399999999901048, 1), (0.9400278938716866, 1), (0.9400705052658018, 1), (0.9400826446086765, 1), (0.94010416654426, 2), (0.9401496258179378, 1), (0.9401617250623153, 1), (0.9402390437997311, 3), (0.9402501157899938, 1), (0.9402597402475272, 1), (0.9402985073925141, 1), (0.9402985074392995, 2), (0.9403272377195355, 1), (0.9403508771269913, 2), (0.9403508771764836, 2), (0.9403669722613729, 1), (0.940374787020767, 1), (0.9403794037685522, 1), (0.9403973509310971, 2), (0.9403973509518531, 1), (0.9403973509587784, 2), (0.9404255318948808, 1), (0.9404255319082233, 1), (0.9404309251026106, 3), (0.9404388714438741, 1), (0.9405594405265563, 1), (0.9405684754035895, 1), (0.940568475403595, 1), (0.9405772495595829, 1), (0.9405940592507248, 1), (0.9405940593748993, 2), (0.9406071271033599, 1), (0.9406082289634966, 1), (0.9406249999706063, 1), (0.9406249999852998, 1), (0.9406286379292039, 2), (0.9406494960279591, 1), (0.9407407405665308, 1), (0.9407540394635204, 3), (0.9407665504898731, 1), (0.940766550500795, 1), (0.9407665505144555, 1), (0.9407705577377368, 1), (0.9407850964674563, 1), (0.9408099688278113, 2), (0.9408163265114101, 1), (0.9408194232973559, 1), (0.9408194233544627, 1), (0.940822467383335, 1), (0.9408284023111935, 3), (0.9408284023204726, 2), (0.9408450703695325, 1), (0.9409158049526662, 2), (0.9409523809165369, 1), (0.9409638553650028, 1), (0.9409660106997872, 9), (0.9409888356956616, 4), (0.9410150891503295, 1), (0.9410526315690425, 1), (0.941059930635437, 1), (0.9410698096044648, 1), (0.9411230513077936, 1), (0.941176470366782, 2), (0.9411764704775086, 2), (0.9411764705091434, 3), (0.9411764705190262, 2), (0.9411764705267183, 1), (0.941176470540083, 1), (0.9411764705513264, 1), (0.9411764705525145, 2), (0.941176470555085, 1), (0.941176470561227, 1), (0.9411764705630721, 1), (0.9411764705838748, 1), (0.9412698411951388, 2), (0.9412737799056012, 1), (0.9412790697400789, 1), (0.9412827460757645, 2), (0.9413556739572434, 1), (0.9413580245460917, 1), (0.9413580246623046, 1), (0.9413793103123647, 1), (0.9413988657667051, 3), (0.9414201183404122, 1), (0.9414414414308391, 1), (0.9414634145767447, 1), (0.9414634146308686, 1), (0.9414802065242435, 1), (0.9415584414973028, 2), (0.9415584415462135, 1), (0.9415730336867032, 1), (0.9415768575756337, 2), (0.9415992811373246, 1), (0.9416342411718573, 1), (0.9416342412084967, 1), (0.9416666665881906, 2), (0.9416666666405087, 1), (0.9417280642937607, 2), (0.9417808218855558, 1), (0.94181326115524, 1), (0.9418181816469434, 1), (0.941818181801057, 1), (0.9418386491380493, 1), (0.941860465061523, 1), (0.9418907197795409, 2), (0.9419087136538637, 1), (0.9419354838405769, 1), (0.9419583517526811, 1), (0.9419642856722307, 1), (0.9420118342080466, 1), (0.9420289853707158, 1), (0.9420654910652336, 1), (0.9420751113340484, 1), (0.9420849419030702, 1), (0.9420849420606899, 1), (0.9420849420776674, 1), (0.9421000981169365, 1), (0.9421265140684967, 1), (0.9421487602527158, 2), (0.9421573736222812, 3), (0.9421613394072738, 1), (0.9421686746420376, 1), (0.9421813403354656, 1), (0.9422222221803477, 1), (0.942222222201286, 2), (0.9422492400929415, 1), (0.9422632792281148, 1), (0.9422632794402847, 1), (0.942277690960638, 1), (0.9423076922623896, 1), (0.9423076922714497, 1), (0.9423423422574453, 1), (0.942363112364767, 1), (0.9423929098270019, 1), (0.9424206815289642, 2), (0.9424280350379085, 1), (0.9424307034237926, 1), (0.9424860853257442, 1), (0.9424920127644983, 2), (0.9425287345488048, 2), (0.9425287354155233, 1), (0.9425287355599552, 2), (0.942553191389091, 1), (0.9425531914392238, 1), (0.9425625920193637, 2), (0.9425901200972914, 1), (0.9425901201350421, 3), (0.9425981872542207, 1), (0.9426063469991529, 2), (0.9426229507424089, 2), (0.9426301852654337, 1), (0.9426433914428418, 1), (0.9426934097151124, 1), (0.9427679500324085, 1), (0.9427792914246949, 1), (0.9427792915017522, 1), (0.9427966100696168, 1), (0.9428284854374555, 2), (0.9428571426647229, 1), (0.942857142777913, 2), (0.942857142782313, 1), (0.9428571428122428, 1), (0.9428571428378972, 1), (0.9428571428403054, 1), (0.9428571428448967, 1), (0.9428868120261072, 3), (0.9428950862963381, 1), (0.9429012345533495, 1), (0.9429569266369474, 2), (0.9429657793481679, 1), (0.9429763560238408, 1), (0.9429824561196687, 1), (0.943043884215951, 1), (0.9430894308091137, 1), (0.9430894308431923, 1), (0.9431438126459458, 1), (0.9431472081170408, 1), (0.9431578947269156, 1), (0.9432013769038494, 1), (0.9432432432177528, 1), (0.9432624112806149, 1), (0.943307086606747, 2), (0.9433628318417097, 1), (0.9433734939190757, 1), (0.9433962262370981, 1), (0.9433962263260927, 1), (0.9433962263705975, 1), (0.9433962264014008, 1), (0.9434447300528696, 1), (0.9434482757319387, 1), (0.9434650455353513, 1), (0.9435215946216877, 2), (0.9435336976148696, 1), (0.943573667682021, 1), (0.9435897435413532, 8), (0.9435897435703879, 1), (0.9435897435843665, 1), (0.9435981885510751, 1), (0.9436274509572652, 2), (0.9436363636192042, 1), (0.9436524100154915, 2), (0.9436619717202287, 1), (0.9436795994934689, 1), (0.9436834094224699, 1), (0.9437499998525325, 1), (0.943749999941017, 11), (0.9437499999852553, 2), (0.9437819420462015, 1), (0.9437869822457284, 1), (0.9438202247073183, 1), (0.943850267354448, 1), (0.943884891950522, 1), (0.9438943894077981, 1), (0.943925233497829, 1), (0.9439528023505999, 1), (0.9439655172312067, 1), (0.9439728352980621, 2), (0.9439890709737716, 1), (0.9439999992448054, 2), (0.9439999998921133, 1), (0.9440459110202558, 3), (0.9440559440229344, 1), (0.944078947337368, 1), (0.9441723800103428, 2), (0.944173441683241, 1), (0.944178628359041, 4), (0.9441860464969872, 1), (0.9442148760135507, 1), (0.9442896935275575, 1), (0.9443037974564, 2), (0.944305901833392, 1), (0.9443269907720725, 1), (0.9443298968877496, 1), (0.9443430656891234, 1), (0.9443507588002047, 2), (0.9443535188138764, 1), (0.9443609021136293, 1), (0.944378698113093, 1), (0.9443786982220602, 2), (0.9443954103314723, 1), (0.9444444443507466, 2), (0.9444444443694917, 1), (0.9444444443919753, 2), (0.9444444444269547, 2), (0.944444444429871, 1), (0.9445129468625751, 1), (0.9445196211010901, 1), (0.9445438282309618, 5), (0.9445506691799432, 1), (0.9445843827525715, 1), (0.9446212602835994, 1), (0.9446494464247449, 2), (0.9446808509633337, 1), (0.9446902653822247, 1), (0.944723617995504, 1), (0.9447236180588, 1), (0.9447293447239602, 1), (0.9447368420928318, 1), (0.9447513811632672, 1), (0.9448123619961417, 1), (0.9448275861743194, 3), (0.9448275861906096, 1), (0.9448476051563958, 2), (0.9448818896893802, 1), (0.9448818897594027, 1), (0.944901610000987, 1), (0.9449112978480602, 2), (0.9449152541972465, 1), (0.9449225473159234, 1), (0.9449465899598198, 2), (0.9449541282958808, 1), (0.9449636552244031, 1), (0.9449715369839691, 1), (0.944999999921248, 1), (0.9449999999527545, 2), (0.9450830140364618, 4), (0.9451476792850132, 1), (0.9451476793115999, 1), (0.9452181986825372, 1), (0.9452554742800634, 6), (0.9452554744482466, 1), (0.9452603471042668, 2), (0.9452631578847862, 1), (0.9452631578847885, 1), (0.9452852153446961, 1), (0.9453124999261484, 1), (0.9453124999630768, 2), (0.9453197404128523, 1), (0.9453471196175668, 1), (0.9453551912310012, 1), (0.9454022988369951, 2), (0.9454022988437837, 1), (0.9454360020301364, 1), (0.9454545452826425, 2), (0.9454545453112949, 1), (0.945454545368593, 2), (0.9454545453857851, 3), (0.9454545454422661, 1), (0.9454870419933388, 1), (0.9454887217956266, 1), (0.9454937937967883, 1), (0.9455184533938323, 1), (0.945544554408638, 1), (0.9455511287552759, 1), (0.9455587392279186, 1), (0.9455676516035558, 1), (0.9455984174038299, 1), (0.9456066944815362, 1), (0.945606694534293, 1), (0.945626477519017, 1), (0.945697577268626, 1), (0.9457142855791844, 6), (0.9457364340352106, 1), (0.9457364340963076, 1), (0.9457700649733407, 1), (0.9457831324731402, 2), (0.9457943923465819, 1), (0.9458128077885942, 1), (0.9458483752805358, 1), (0.9458689458419988, 1), (0.9458689458635564, 1), (0.945876288537897, 2), (0.9458823528298986, 2), (0.9458858412938564, 1), (0.9459016393403864, 1), (0.9459459457861565, 1), (0.94594594588203, 6), (0.9459459459094196, 1), (0.9459459459352938, 1), (0.9459793814393965, 1), (0.9460580912078072, 3), (0.9460784313493598, 1), (0.9461538461174521, 1), (0.9461606353975158, 1), (0.9461756373669677, 2), (0.9461883407647428, 1), (0.9461966604648185, 1), (0.9462048636559147, 1), (0.9462068964212147, 1), (0.9462365589944388, 1), (0.9462809917159855, 1), (0.9462915600538948, 1), (0.9463414633569375, 1), (0.9463519312797021, 1), (0.946360153244618, 1), (0.9464285713863232, 2), (0.9464720194532076, 1), (0.9464788732127728, 2), (0.946511627884966, 1), (0.9465240641458179, 1), (0.9465449803198771, 1), (0.9465875370873058, 1), (0.9466437176954662, 1), (0.9466576636767998, 1), (0.94666666650889, 1), (0.9466666666351103, 1), (0.9466666666456303, 1), (0.9467084636530733, 1), (0.9467242620556283, 1), (0.9467345993471645, 1), (0.9467455620741584, 1), (0.9467889907388256, 1), (0.946824224450013, 1), (0.9468749999852036, 1), (0.9468749999852107, 1), (0.9468969929561942, 1), (0.9469387754908807, 1), (0.9469790381076484, 3), (0.9469901167929262, 1), (0.9470198674869514, 1), (0.9470198675148244, 1), (0.9470304974402776, 1), (0.9470304974402868, 3), (0.9470443349170531, 1), (0.9470672387772409, 3), (0.9470752088608878, 2), (0.9471032744399094, 1), (0.9471264367670931, 1), (0.9471698113028845, 1), (0.9471766848643487, 1), (0.9471947193156456, 2), (0.9471947194406896, 3), (0.9472126294549958, 1), (0.9472981987928795, 1), (0.9473015872414422, 3), (0.9473027751763398, 2), (0.9473684209861496, 1), (0.9473684209972295, 1), (0.9473684210401662, 1), (0.9474248926530341, 1), (0.9474431818047248, 2), (0.9475032010000651, 1), (0.9475308641682882, 1), (0.9475728153499839, 1), (0.9475728153499892, 1), (0.9476135040524395, 1), (0.9476309226885405, 1), (0.9476524554264624, 1), (0.9476744185495518, 2), (0.9476923076194077, 1), (0.9476923076728688, 1), (0.947706127656475, 1), (0.947712418296228, 1), (0.9477351916211193, 1), (0.947735191629371, 1), (0.9477451681497684, 1), (0.9477477476623639, 1), (0.9477503627759253, 1), (0.947761194022778, 1), (0.9477707005162079, 1), (0.9478021976720019, 2), (0.9478908188468025, 1), (0.9479166666419814, 1), (0.9479305740734855, 3), (0.9479353680090451, 1), (0.9479606188200304, 1), (0.9479768785031221, 1), (0.9479768785761872, 1), (0.9479927007255997, 1), (0.9480081026269546, 1), (0.9480122323579184, 1), (0.9480198019567316, 1), (0.948051947990389, 1), (0.9480519480211683, 1), (0.9480519480396357, 1), (0.9480968857803427, 1), (0.9480968857803428, 1), (0.9481216457621408, 2), (0.9481216457621446, 10), (0.9481361426179236, 1), (0.948148148120055, 1), (0.948199309277344, 1), (0.9482142856296251, 1), (0.9482470784324475, 1), (0.948275861987218, 3), (0.9482758619872204, 1), (0.9482758620362663, 3), (0.9482758620621545, 1), (0.9483065953485134, 1), (0.9483695652045003, 1), (0.9483814522354868, 2), (0.9483933786807809, 1), (0.9484210526215969, 1), (0.9484259879373863, 1), (0.9484374999851813, 1), (0.9484536081985274, 1), (0.948453608227867, 1), (0.9485094850691438, 1), (0.948517940569652, 1), (0.9485207100563664, 1), (0.9485294116949662, 1), (0.9485458612550997, 1), (0.9485714285112017, 1), (0.948571428535296, 2), (0.9486023444373538, 1), (0.9486166006655294, 1), (0.948616600665537, 1), (0.9486166007530208, 2), (0.9486238532023028, 1), (0.9486404833263715, 1), (0.9486461251078537, 1), (0.9487017099369914, 1), (0.9487179486692965, 2), (0.9487179486936227, 1), (0.9487666033795527, 1), (0.9488139825099979, 1), (0.9488636363501595, 1), (0.9488817891222252, 2), (0.948905109484723, 1), (0.9489718201866727, 2), (0.9489916962100833, 2), (0.9490196078059137, 3), (0.9490333917488458, 1), (0.9490616621899076, 1), (0.9490740740594285, 1), (0.949090908918352, 3), (0.9491173416209924, 1), (0.949122807000893, 1), (0.9491525422120155, 3), (0.949152542265637, 1), (0.9491525422924428, 1), (0.9491525422924522, 7), (0.949152542332666, 1), (0.9491525423407067, 1), (0.9491525423527716, 1), (0.9491525423664465, 1), (0.9491736825664192, 2), (0.9491768073765795, 1), (0.9492119088485792, 1), (0.949227373033507, 1), (0.9492783505115486, 2), (0.9492877492823398, 1), (0.9493670885675377, 1), (0.9493975903156884, 1), (0.949397590338571, 1), (0.9494079655492504, 1), (0.9494163423385686, 1), (0.9494736842005324, 1), (0.9494949494565861, 1), (0.9495136637288115, 1), (0.9495268138651505, 1), (0.9495412841858789, 1), (0.9495495494640017, 1), (0.949579831852977, 1), (0.9496021219655374, 1), (0.9496021219991235, 1), (0.9496124030885079, 1), (0.9496402877242398, 2), (0.9497041420090245, 1), (0.9497126436713382, 1), (0.9497206702849486, 2), (0.949743589724107, 1), (0.9497568881377728, 1), (0.9497655726661102, 1), (0.9498018493929988, 1), (0.949841269780963, 1), (0.9498806682464208, 2), (0.9498956158168125, 1), (0.9499136440501026, 1), (0.9499374217712772, 1), (0.9499417927601883, 3), (0.9499752352414573, 1), (0.9499999998416743, 1), (0.9499999999208314, 2), (0.9499999999233845, 1), (0.9499999999321396, 1), (0.9499999999406279, 2), (0.9499999999472172, 1), (0.9499999999830406, 1), (0.9499999999875005, 2), (0.9501030927795857, 2), (0.9501557630918749, 1), (0.9501915708084119, 2), (0.9502074688402385, 1), (0.9502905099451083, 1), (0.9503105589914532, 1), (0.950318471216518, 1), (0.9503184713315256, 1), (0.9503239740410236, 2), (0.9503239740786535, 1), (0.9503546098616857, 2), (0.9503546099066131, 3), (0.9504132231077682, 1), (0.9504504504397486, 2), (0.9504587155614543, 1), (0.9504950494325568, 1), (0.9504950494422114, 1), (0.9504950494735884, 1), (0.9504950494814206, 1), (0.9505354410917877, 1), (0.950555555529152, 1), (0.9505582136857927, 6), (0.9505617977172066, 1), (0.9505703420848469, 2), (0.9506008010427041, 4), (0.9506172838332461, 2), (0.9506329113863873, 1), (0.9506398536608172, 1), (0.9506493506370051, 1), (0.9506531203954508, 1), (0.9506558400405583, 1), (0.9506631299230429, 1), (0.950667440499702, 1), (0.9506726456972757, 1), (0.9507042252684238, 1), (0.950708980354443, 1), (0.9507299270029612, 1), (0.950764006775028, 4), (0.950773558355129, 1), (0.9508196720532143, 2), (0.9508196720866173, 1), (0.9508196720965044, 1), (0.9508196720999731, 2), (0.9508196721147377, 1), (0.9508196721191591, 1), (0.9508196721214083, 2), (0.9509043927402786, 1), (0.9509306258966289, 4), (0.9509559433955977, 1), (0.9509594882627814, 1), (0.9509803920636293, 4), (0.950980392125785, 3), (0.9509838998040968, 1), (0.9509981850834516, 2), (0.9510416666501548, 1), (0.9510489510156984, 2), (0.9510703362460103, 1), (0.9510869564700478, 2), (0.9511041009313703, 1), (0.9511051573948341, 2), (0.9511111110688435, 1), (0.9511111110829275, 1), (0.951120162900507, 1), (0.9511568122782039, 1), (0.9511941848192883, 1), (0.9512195121772752, 1), (0.9512516467784944, 1), (0.9512555390730242, 1), (0.9512893982535371, 3), (0.9512987012678168, 2), (0.9513108613519591, 1), (0.951310861387592, 1), (0.9513108613875931, 1), (0.9513108614113378, 1), (0.9513399153704123, 1), (0.9513513512999282, 1), (0.9513513513256405, 2), (0.9513991163195439, 1), (0.9514348785346861, 1), (0.9514747858276436, 1), (0.9514792899380144, 1), (0.9515011545146631, 1), (0.9515151514574867, 3), (0.9515260322818115, 1), (0.9515570933432907, 1), (0.9515789473584053, 2), (0.9515905947177953, 1), (0.951612903149064, 1), (0.9516310461085298, 1), (0.9516666666270128, 1), (0.9516994632933193, 7), (0.9517045454410257, 1), (0.9517241378805453, 1), (0.9517543859440397, 1), (0.9517601041783879, 1), (0.9517625231734363, 1), (0.9517948717753497, 1), (0.9518072288583259, 1), (0.9518072288927276, 1), (0.9518213865816244, 1), (0.9518413597464055, 2), (0.9518518518342183, 2), (0.9518633540224871, 1), (0.9518716577031037, 6), (0.951908775361829, 2), (0.9519230768773087, 1), (0.951965065460617, 1), (0.951991828391458, 1), (0.9520078354461151, 1), (0.9520153550802829, 2), (0.9520182787485361, 1), (0.952038369293141, 1), (0.9520572450634704, 1), (0.9520594192469944, 1), (0.952076677301085, 2), (0.9521126760295232, 1), (0.9521410578745508, 1), (0.9521640090031718, 2), (0.9522292993478927, 2), (0.9522510231663748, 1), (0.952267303091259, 1), (0.9522700814679317, 1), (0.9522727271645127, 1), (0.9522998295611327, 1), (0.9523809522513756, 1), (0.9523809522616105, 1), (0.952380952305367, 1), (0.9523809523111825, 2), (0.9523809523161653, 4), (0.9523809523356009, 5), (0.9523809523485592, 2), (0.9523809523496759, 1), (0.952380952376505, 1), (0.9524150268165943, 1), (0.9524405506823981, 1), (0.9524772497279553, 1), (0.9524793388232993, 1), (0.9525794684632357, 2), (0.9525862068554934, 1), (0.9526066350259375, 1), (0.952618453627773, 1), (0.9526315788972312, 1), (0.9526350900536856, 1), (0.9526627218371232, 2), (0.9526627218465167, 1), (0.9526938239096404, 1), (0.9527272725540512, 2), (0.9527326439473598, 1), (0.9527611443715694, 1), (0.9527665316496117, 2), (0.9527851458380477, 2), (0.9527896994345081, 1), (0.952789699550366, 2), (0.9527896995571852, 1), (0.9528301885893558, 1), (0.9528455284242963, 1), (0.9528728211626473, 1), (0.9528795810520557, 1), (0.9529860228474459, 1), (0.9531249999255353, 8), (0.9531249999255398, 1), (0.9531249999851074, 1), (0.9531502422955367, 1), (0.9531849577824051, 1), (0.9531914893037584, 1), (0.9532190829043394, 1), (0.9532710271465178, 3), (0.9532710279737457, 2), (0.9532710280119289, 2), (0.9532710280175841, 2), (0.9532949456113037, 1), (0.9532967031657594, 1), (0.9533333332538887, 1), (0.9534098581395422, 1), (0.9534246575211909, 1), (0.9534510431856388, 1), (0.9534671532803226, 1), (0.9534883720708491, 2), (0.9535545023515906, 2), (0.953596287680891, 2), (0.9536082472997874, 5), (0.9536423840428058, 1), (0.9536679536311309, 1), (0.953678473984512, 1), (0.9536784739845157, 2), (0.9537480063491649, 3), (0.9537572254059602, 1), (0.9537953795064799, 1), (0.9538461537874556, 1), (0.9538461537972313, 2), (0.9538461537972398, 3), (0.9538461538290918, 1), (0.9538626608930324, 1), (0.9538807648829234, 1), (0.9538866928914518, 1), (0.9539693128688856, 1), (0.953974895393498, 1), (0.9540078843564112, 2), (0.9540329574194258, 1), (0.9540402522993672, 1), (0.9540636042234242, 1), (0.9541284402794378, 3), (0.9541511770812694, 1), (0.9541595925135072, 1), (0.9541734860805703, 1), (0.9542097488216955, 2), (0.9542097488639801, 1), (0.9542168674123954, 1), (0.954216867423891, 2), (0.9542356376870282, 1), (0.9542483660086141, 1), (0.9542709231931988, 1), (0.9543147207429817, 1), (0.9543307086539015, 1), (0.9543446244196018, 1), (0.9543446244196067, 1), (0.9543446244336634, 1), (0.9543568463938329, 1), (0.9543568464334282, 1), (0.9543795620394459, 1), (0.9543859648453078, 1), (0.9543918918112851, 1), (0.9544364507935555, 1), (0.9544468545602566, 3), (0.9544827584890391, 1), (0.9545454544008269, 2), (0.9545454544008289, 1), (0.9545454544369797, 1), (0.954545454473143, 1), (0.9545454544834754, 4), (0.9545454544912183, 1), (0.9545454544912343, 1), (0.954545454509296, 2), (0.954545454525734, 3), (0.9545983700867738, 1), (0.9545983701756752, 3), (0.9546061414583016, 1), (0.954653937924708, 2), (0.9546638874314247, 1), (0.95466666661575, 2), (0.9546742209361309, 1), (0.9547038327193479, 1), (0.9547325102749699, 3), (0.9547738692507776, 1), (0.9547738693147508, 2), (0.954815695543706, 1), (0.9548872180361397, 1), (0.9549281822448, 1), (0.9549356222971039, 1), (0.9549549545247976, 1), (0.9549689440845514, 1), (0.9549718573929612, 1), (0.9549795361267407, 1), (0.954985754980313, 1), (0.9549867607277135, 1), (0.9549999999522568, 1), (0.9549999999761262, 1), (0.95501022492934, 1), (0.9550173010050106, 1), (0.9550561796411429, 1), (0.9550561797484529, 1), (0.9550647371702135, 1), (0.9550827422942093, 1), (0.9551020407773465, 1), (0.9551166965545699, 1), (0.9551239115810118, 1), (0.9551282050669869, 1), (0.9551569506298135, 1), (0.9551886792340195, 1), (0.9552238805613726, 1), (0.9552418143299732, 1), (0.9552691432831285, 1), (0.9552715654799521, 2), (0.9552772808244939, 4), (0.9552772808415873, 1), (0.9552919707985608, 1), (0.9553001276895228, 1), (0.9553191488345418, 2), (0.9553398056397419, 1), (0.9553571428144929, 1), (0.9553571428144931, 1), (0.9553903345369749, 1), (0.9554140127214658, 1), (0.9554140127236389, 1), (0.9554216866894336, 1), (0.9554367201255716, 1), (0.9554655869671678, 2), (0.9554753309036009, 1), (0.955489614238598, 1), (0.9554973821864452, 2), (0.9555035128358083, 1), (0.9555555555024716, 3), (0.955555555534321, 2), (0.9555653321181014, 1), (0.9555757026234167, 1), (0.9555921052552986, 1), (0.9556225764344841, 1), (0.9556313989912343, 2), (0.9556313992521768, 4), (0.9556400505759688, 1), (0.955665024512851, 1), (0.9556840076702998, 1), (0.9556868536960353, 1), (0.955696202501399, 2), (0.9557174887624524, 1), (0.9557195571603081, 1), (0.955736223942568, 2), (0.9557522115435718, 1), (0.9557522122836584, 1), (0.9557522123724647, 4), (0.955789473674149, 3), (0.9558101472916885, 1), (0.9558139534661418, 1), (0.9558441557200217, 2), (0.9558573853827524, 1), (0.9558823528708894, 2), (0.9558974358778306, 1), (0.9559118235515065, 1), (0.9559228649874397, 1), (0.9559322033088161, 1), (0.9559322033250154, 2), (0.9559412549428613, 2), (0.9559412549811475, 2), (0.9559434745672531, 2), (0.9559543228456874, 1), (0.9559633026645888, 1), (0.9559681697105581, 2), (0.9559902200372085, 1), (0.956072351371778, 1), (0.9560789305565814, 1), (0.95608108091958, 3), (0.9560853199378129, 2), (0.956140350835257, 1), (0.9561752987793851, 1), (0.9561801148325392, 1), (0.9561855668870891, 1), (0.9561904761540464, 2), (0.9562499999402386, 2), (0.9562841529880443, 1), (0.9563318777083772, 2), (0.9563350035106428, 1), (0.9563506261009609, 1), (0.9563636361897504, 1), (0.9563699825146158, 1), (0.9563829786725302, 1), (0.9563953488233115, 1), (0.9563994373986453, 2), (0.956521739047259, 1), (0.9565217390984456, 1), (0.9565217391144409, 1), (0.956521739117438, 1), (0.9565857247624506, 1), (0.956587966416102, 1), (0.9565879664865271, 1), (0.956607495021861, 1), (0.9566115702281688, 1), (0.9566613161811658, 1), (0.9566666665072238, 1), (0.9566787003264741, 1), (0.956685498968299, 1), (0.9567084078540847, 1), (0.9567198176586852, 2), (0.956730769184771, 1), (0.9567519857937521, 2), (0.956756756730901, 2), (0.9567723342663755, 2), (0.9567809239655194, 1), (0.9567901234420254, 1), (0.9567944250837755, 1), (0.9568069983545276, 5), (0.9568106311656582, 2), (0.9568181817094531, 3), (0.9568421052530868, 1), (0.9568434030879379, 3), (0.9568965516416517, 3), (0.9568965516828948, 1), (0.9568965517103893, 1), (0.956896551713824, 2), (0.9569160997298379, 2), (0.9569266588834239, 2), (0.9569377990125372, 1), (0.956962025304341, 1), (0.9569620253103979, 1), (0.9570200572791718, 2), (0.9570312499065402, 1), (0.9570370370086791, 1), (0.9570405727809406, 1), (0.9570552147043567, 1), (0.9570957094130216, 1), (0.957095709413022, 1), (0.9570957095393712, 1), (0.9571030640135313, 1), (0.957110609437595, 1), (0.9571428570668941, 1), (0.9571428571086719, 1), (0.9571428571233256, 2), (0.9571428571257637, 1), (0.957163958570371, 1), (0.9571788411892753, 1), (0.957178841261602, 2), (0.9571836345426042, 1), (0.9572192512857006, 2), (0.9572864321487766, 1), (0.9572901325196662, 2), (0.9573170731123595, 2), (0.9573459715186049, 2), (0.9573520050313579, 1), (0.9573934837012738, 1), (0.9573964497013105, 1), (0.957410562147955, 1), (0.9574468084087788, 1), (0.9574468084087846, 5), (0.9574468084427327, 1), (0.9574468085028028, 1), (0.957458876860042, 1), (0.9574603173995271, 1), (0.9574611748171891, 3), (0.9574759943816941, 1), (0.9575070821258497, 1), (0.9575221238768564, 2), (0.9575551782519941, 3), (0.9575625679878674, 1), (0.957575757479034, 1), (0.9575757575177337, 1), (0.9575757575467375, 1), (0.9576470587108634, 1), (0.9576923075081336, 1), (0.9576957695683412, 1), (0.9576988154047935, 1), (0.9577221742716521, 1), (0.9577278731709673, 1), (0.9577464786484114, 1), (0.957746478805793, 1), (0.9577905158837129, 1), (0.9577922077611103, 1), (0.9577981650497426, 2), (0.9578313252435031, 1), (0.9578508568737483, 1), (0.9578544060568686, 3), (0.9578947366740544, 1), (0.9578947367412767, 1), (0.9578947368320221, 2), (0.9579100144442727, 1), (0.9579831931968058, 1), (0.9579831932370572, 1), (0.9579831932504832, 1), (0.9580573951011877, 1), (0.9581056466127817, 1), (0.9581111957325257, 1), (0.9581239530667294, 1), (0.9581395348391574, 1), (0.9582076690668588, 1), (0.9582172701416066, 1), (0.9582637729229295, 1), (0.958265582603886, 1), (0.9582689333913015, 1), (0.9582772542451845, 1), (0.9582963620060636, 1), (0.9583333332382619, 1), (0.9583333332534723, 1), (0.9583333333000562, 1), (0.9583333333185434, 1), (0.9583505154599641, 1), (0.9584664536588119, 5), (0.958477508617356, 2), (0.958501652571456, 1), (0.9585121600917713, 1), (0.9585172108597956, 1), (0.958579881600088, 1), (0.9585798816095388, 1), (0.9586056643835946, 4), (0.9586101175170293, 1), (0.9586114819503722, 2), (0.958620689622115, 2), (0.9586410634447067, 3), (0.9586563306254975, 1), (0.9586563307369675, 1), (0.9586776859240037, 1), (0.9587357330150389, 1), (0.9587912086595091, 1), (0.9588138383922876, 1), (0.9588550983556767, 2), (0.9588550983728299, 1), (0.9588607594784969, 1), (0.9588828549188592, 2), (0.9589041095562023, 1), (0.9589041095651587, 1), (0.9589041095726201, 2), (0.9589473684109598, 1), (0.9589743589251774, 3), (0.9589977219864484, 1), (0.9590043923163266, 1), (0.9590361443472233, 3), (0.9590361445320991, 1), (0.9590488771339606, 1), (0.959055118102686, 1), (0.9590643273732192, 1), (0.959139784925608, 1), (0.9591511935830683, 1), (0.9592123769069126, 1), (0.9592326138628681, 1), (0.9592326138628707, 2), (0.9592326138973702, 2), (0.9592476488727523, 1), (0.9592549475911674, 1), (0.9593094943330076, 2), (0.9593220338170051, 1), (0.9593326381447483, 1), (0.9593495934647366, 2), (0.9593749999850111, 1), (0.9593908629380744, 1), (0.9594202898411684, 2), (0.9594272075914316, 1), (0.9594272076143271, 2), (0.9594594594162567, 1), (0.9594594594476716, 1), (0.9594594594486532, 1), (0.9594843461363302, 1), (0.9595202398512882, 1), (0.9595375721434067, 1), (0.9595375722173584, 3), (0.9595375722173607, 1), (0.9595375722173649, 1), (0.959550561776191, 1), (0.9595706618790777, 1), (0.9596330274348963, 1), (0.9596491227228371, 1), (0.9596853490564422, 1), (0.9597633136066296, 1), (0.9598031173053324, 1), (0.9598039215215772, 2), (0.9598308667399701, 1), (0.9598506069049498, 1), (0.9598556607942293, 1), (0.9598749348519019, 1), (0.9598853867919811, 2), (0.9598930481026767, 1), (0.9598930481026797, 1), (0.9599303135804891, 1), (0.9599999998254496, 2), (0.9599999998675873, 1), (0.9599999999040023, 1), (0.9599999999359985, 1), (0.9599999999390479, 1), (0.9599999999520022, 5), (0.9599999999679985, 1), (0.9599999999680061, 2), (0.9599999999825488, 2), (0.9599999999898952, 2), (0.9600778966932755, 2), (0.9601029600782454, 1), (0.9601181683190465, 6), (0.9601181683545004, 1), (0.9601250977175907, 1), (0.9601275916759167, 1), (0.9601421680605253, 1), (0.9601620526022884, 1), (0.9602122015405737, 2), (0.960219478606281, 1), (0.9602649005986601, 1), (0.9602693602046954, 1), (0.9602824359258342, 2), (0.9602888086411516, 2), (0.9603174602412469, 1), (0.9603524228651812, 1), (0.9603590127078494, 1), (0.9603960395564155, 1), (0.96039603957227, 2), (0.9604086845343509, 1), (0.96043656204746, 1), (0.9604519772926049, 1), (0.9604519773468646, 1), (0.9604651162567324, 3), (0.9604822504959075, 1), (0.9604863221592538, 1), (0.9606003752164977, 1), (0.9606299211085577, 1), (0.9606557375474366, 1), (0.9606986899521367, 1), (0.9607097590670833, 1), (0.9607142856285078, 1), (0.9607843135371088, 1), (0.9607843136208282, 2), (0.9607843136312978, 3), (0.9607843137019383, 2), (0.9608763691767016, 1), (0.9608938546412447, 4), (0.9609079445023885, 1), (0.9609374999249268, 1), (0.9609507639904733, 3), (0.9610169490710972, 1), (0.9610389609141512, 2), (0.9610389609765544, 5), (0.96103896102648, 1), (0.9610526315688305, 2), (0.9611111110577135, 4), (0.9611197511365127, 1), (0.9611562781426205, 4), (0.9611576541537586, 3), (0.961165048427044, 2), (0.9611806223624899, 1), (0.9612068965102913, 1), (0.9612068965310071, 2), (0.961240310027837, 1), (0.9612403100278427, 1), (0.9612817089195909, 2), (0.961290322518625, 2), (0.9613259667446027, 1), (0.9613733904204049, 1), (0.9613899613528423, 1), (0.9613899613806771, 1), (0.9614035086875939, 1), (0.9614035087381956, 1), (0.9614035087550663, 1), (0.9614457830746108, 1), (0.9614678898200474, 2), (0.9614740368187079, 1), (0.9615384614644971, 2), (0.9615384614856274, 1), (0.9615384615356167, 1), (0.9615784008107653, 1), (0.9615832362989161, 1), (0.9615952731933821, 7), (0.9616161615773066, 1), (0.961636828595307, 1), (0.9616613418376717, 1), (0.9616724737000524, 2), (0.9616724738340893, 1), (0.961672473859218, 1), (0.9617021275572641, 1), (0.9617151606490482, 2), (0.961718020537059, 1), (0.9617224880152694, 1), (0.9617706237231015, 1), (0.9617755856729523, 1), (0.9617777777735016, 1), (0.9618055555221626, 1), (0.9618138424706222, 1), (0.9618226600392964, 1), (0.961845607791272, 1), (0.961864406738905, 1), (0.9618644067592786, 1), (0.9618768327740532, 1), (0.9619047618589537, 1), (0.9619047618589591, 3), (0.9619260917714484, 2), (0.96196319006602, 1), (0.9620253164151029, 1), (0.9620535713211991, 2), (0.9620689654840658, 1), (0.9620689654840697, 1), (0.9621052631477682, 1), (0.9621087314345277, 1), (0.9621212121139234, 1), (0.9621749407846104, 1), (0.9621785173687692, 3), (0.9621993126486453, 1), (0.9621993126817107, 1), (0.962204724401871, 5), (0.9622166245639511, 1), (0.9622166246366585, 1), (0.9622222222008411, 1), (0.9622331690981212, 1), (0.9622786758304629, 1), (0.9622980251000945, 2), (0.9622980251000965, 2), (0.9623250807267894, 1), (0.9623287670903284, 1), (0.9623383923011606, 1), (0.9623430961537798, 1), (0.9623529411538239, 1), (0.9623655913461099, 1), (0.9623824451108992, 1), (0.9624060148928713, 1), (0.9624329158868514, 2), (0.9624329158868556, 1), (0.9624521072059417, 1), (0.9624530663268934, 1), (0.9624639075725874, 2), (0.9624999999398424, 1), (0.9625187404853837, 2), (0.9625212947107112, 1), (0.9625668448683096, 1), (0.962650602351649, 1), (0.9626769626521852, 1), (0.9626865671282582, 2), (0.9627118643741446, 1), (0.9627218934882776, 1), (0.9627391742098456, 1), (0.9627507163047873, 1), (0.9627740948397486, 1), (0.9628286491328927, 1), (0.9628318583729987, 1), (0.9628378376751942, 1), (0.9628629303873837, 1), (0.9628629304458941, 1), (0.9628796400341625, 1), (0.9628924832575757, 1), (0.9628990508893398, 2), (0.9629032257986833, 1), (0.9629629627846387, 1), (0.9629629629035229, 1), (0.9629629629481045, 1), (0.9629629629506663, 1), (0.9629629629521583, 1), (0.9629629629574761, 1), (0.9630015633041901, 1), (0.9630681818045032, 1), (0.9630931458360968, 1), (0.9631067959294998, 1), (0.9631236442098466, 1), (0.9631484794103203, 1), (0.9631578947267035, 2), (0.9631650750078258, 1), (0.9631728045052939, 1), (0.9632082413184965, 1), (0.9632107020189977, 2), (0.9632107022767076, 1), (0.9632352940468126, 2), (0.963261197775911, 1), (0.9632829373233993, 1), (0.9633027522052011, 1), (0.9633088725752919, 1), (0.9633333332530557, 1), (0.9633507852394374, 4), (0.9633620689551377, 1), (0.9633911367644169, 2), (0.9634146341316537, 1), (0.9634146341379468, 2), (0.9634300125981929, 1), (0.9634551494376434, 1), (0.9634703195613826, 1), (0.9635036495881479, 1), (0.9635193132840413, 1), (0.9635627529714219, 2), (0.9635650223945187, 1), (0.9635701274870024, 1), (0.9635761588872185, 2), (0.9635854341466858, 1), (0.9635901778072539, 1), (0.9636098980796588, 2), (0.9636363634611591, 2), (0.9636363635487624, 1), (0.9636363636168972, 1), (0.9636363636188431, 1), (0.9636363636238494, 2), (0.9636608344289722, 1), (0.9636678199858405, 1), (0.9636898920321167, 1), (0.9637046306678693, 1), (0.9637046307824538, 1), (0.9637155296833277, 1), (0.9637471927826848, 1), (0.9637795275514635, 1), (0.9637883007685376, 1), (0.9637883007819598, 1), (0.9638095237728055, 1), (0.9638297871827747, 1), (0.9638554213964236, 1), (0.9638554214544913, 3), (0.9638554214932005, 1), (0.963855421493206, 1), (0.9638554215706185, 3), (0.9638554216286838, 2), (0.9638554216402961, 1), (0.9638640429165681, 1), (0.9638909358737829, 1), (0.9638989167935169, 1), (0.9639065817000431, 1), (0.963934426197903, 1), (0.9639639635297531, 1), (0.9639639638771198, 3), (0.9639846743147296, 1), (0.9639999999035986, 2), (0.9639999999807164, 1), (0.9640287769321755, 2), (0.9640287769321807, 2), (0.9640287769668582, 1), (0.9640718562296967, 2), (0.9640804597631891, 1), (0.9641025640531206, 2), (0.9641319942334508, 2), (0.9641434262692121, 1), (0.9641693810996413, 1), (0.9641873277971281, 1), (0.9642105263056413, 1), (0.9642395518757324, 1), (0.9642857141780907, 1), (0.9642857142283217, 1), (0.9642857142426579, 2), (0.964285714268495, 1), (0.964331210184944, 2), (0.9643328929859395, 1), (0.9643463497289602, 1), (0.96436058690101, 1), (0.9644067795792862, 1), (0.9644268774576455, 1), (0.964430436731522, 1), (0.9644444444015823, 1), (0.9644670049129483, 1), (0.9645010046820853, 5), (0.9645161288766888, 1), (0.9645191409852268, 1), (0.9645390068641737, 1), (0.964539007085358, 1), (0.9645714284611916, 1), (0.9645776565443366, 1), (0.9645776566231851, 2), (0.9646153845906511, 1), (0.9646341462826487, 1), (0.9646365421449263, 2), (0.9646697387151016, 2), (0.9646860986276717, 1), (0.9647058821259569, 3), (0.964705882239445, 5), (0.964705882315106, 1), (0.9647495361602092, 1), (0.9647696476703267, 1), (0.9647940074545011, 1), (0.9648382559503547, 1), (0.9648382559639326, 1), (0.9648562300165388, 1), (0.9648648648387887, 2), (0.9649122798553715, 1), (0.9649122806366468, 1), (0.9649122806412961, 1), (0.9649122806848262, 1), (0.9649217484638464, 1), (0.9649248388715171, 1), (0.9649446494286905, 1), (0.9649458253603255, 1), (0.9649484535883553, 1), (0.9649595687244809, 1), (0.964971751303396, 3), (0.9649805447095346, 1), (0.964992389620549, 1), (0.9649999999517477, 2), (0.9650349650237174, 2), (0.9650793650180913, 1), (0.9650859822723791, 1), (0.9650900900792255, 1), (0.9651086240312615, 1), (0.965116279047323, 1), (0.965128205103458, 1), (0.9651285663626248, 1), (0.9651376146700429, 1), (0.9651416120953012, 1), (0.965147452824366, 1), (0.965156794391456, 2), (0.9651669084930946, 2), (0.9651898734024489, 1), (0.9652076318634666, 1), (0.9652482269435083, 1), (0.9652509652136935, 2), (0.9652509652136977, 1), (0.9653061224292833, 2), (0.9653579675931219, 1), (0.9653846153474817, 1), (0.9653916211117399, 1), (0.9653998865022454, 1), (0.9654088050010906, 1), (0.9654178674073355, 1), (0.9654545454369902, 1), (0.9654605263078513, 1), (0.9655172412461356, 6), (0.9655172412960829, 2), (0.9655172413053252, 1), (0.9655172413376927, 4), (0.9655172413460167, 3), (0.9655172413490462, 3), (0.9655172413641727, 1), (0.9655172413641762, 1), (0.9655172413669787, 2), (0.965563808172483, 1), (0.9655737704759757, 1), (0.9656249999698236, 1), (0.9656249999849149, 1), (0.9656357387984279, 1), (0.9656804732585019, 1), (0.9657064471746847, 1), (0.965707964591087, 1), (0.9657273418914154, 1), (0.9657477025817386, 1), (0.9657731958723054, 3), (0.9657794676071702, 1), (0.9658344283773596, 2), (0.9658935879681854, 1), (0.9659367396358686, 1), (0.965973534953383, 1), (0.9659863944921079, 1), (0.9659863944921137, 1), (0.9660107334180341, 3), (0.9660107334353133, 1), (0.9660167130381025, 1), (0.9660265878163933, 1), (0.9660377357761489, 1), (0.966049382686236, 1), (0.9660493827011387, 1), (0.9660678642650272, 1), (0.9661016947515003, 1), (0.966101694824283, 1), (0.9661016948333784, 1), (0.966101694833383, 2), (0.9661016948606646, 2), (0.9661319072911547, 1), (0.966188050018685, 1), (0.966216216199895, 1), (0.9662162162053328, 1), (0.9662261378904193, 1), (0.966228893040032, 2), (0.9662398137144029, 1), (0.9662447256976263, 2), (0.96629213475908, 1), (0.9662921348073359, 2), (0.9663105998197802, 1), (0.9663120567333058, 2), (0.9663157894635119, 3), (0.9663250365324793, 1), (0.966350301967793, 1), (0.9663865545406393, 3), (0.9664082686839077, 2), (0.9664268584900116, 1), (0.9664694279602329, 3), (0.9664804468373842, 1), (0.966494845236274, 1), (0.9665071769410073, 2), (0.9665071770026683, 1), (0.9665513264017714, 1), (0.9665653495146934, 1), (0.9665809768016348, 1), (0.9665809768389036, 3), (0.9666221628709396, 1), (0.9666666666022222, 2), (0.9666666666129617, 3), (0.9666666666206327, 2), (0.9666666666263908, 1), (0.9666666666398136, 1), (0.9666666666418816, 1), (0.9666966696582693, 1), (0.9667049368319894, 1), (0.9667519181420817, 1), (0.96678966782533, 1), (0.9668141591850857, 1), (0.9668571427466426, 1), (0.9668639053225838, 1), (0.9668874171545144, 2), (0.9668874172002524, 1), (0.9668976135339991, 1), (0.9669142470650307, 1), (0.9669291338506555, 1), (0.9669724769755059, 1), (0.9669845927390377, 1), (0.9669861554639654, 1), (0.9669902910743733, 1), (0.966990291243363, 1), (0.9669966996380603, 2), (0.9670014346924796, 1), (0.967003959482314, 1), (0.9670050761359974, 1), (0.967032966962127, 2), (0.9670329669798259, 1), (0.9670710570247666, 1), (0.9671232876579895, 1), (0.9671704012405729, 1), (0.9672447013114732, 1), (0.9672544080117264, 1), (0.9673024521842976, 1), (0.9673202613325347, 1), (0.9673202614062968, 1), (0.9673405909496918, 2), (0.9673433361899932, 1), (0.9673811741875751, 1), (0.9673913043127765, 1), (0.9674620390035857, 1), (0.9674952198791116, 1), (0.9675036926907289, 5), (0.9675090249214857, 1), (0.9675090252358369, 1), (0.9675153642697524, 1), (0.9675324674696407, 3), (0.9675324675199022, 2), (0.9675810473011189, 1), (0.9676113359671004, 1), (0.9676375404217593, 1), (0.967672413772251, 1), (0.9676787463176552, 1), (0.9676840214571186, 1), (0.9677419353104418, 2), (0.9677419354674393, 2), (0.967741935471384, 1), (0.9677891653757131, 1), (0.9677902621360384, 1), (0.9678111587775124, 1), (0.9678483099593074, 1), (0.9678675753682701, 3), (0.9678735339013999, 1), (0.9678838538949449, 2), (0.9678953626519864, 1), (0.9679144384509064, 8), (0.9679437060051932, 1), (0.9680365296361658, 1), (0.968036529665629, 2), (0.9680511181953986, 1), (0.9680851062799897, 1), (0.9680851063314896, 2), (0.9681372548782331, 1), (0.968159740908356, 1), (0.9681742043226726, 1), (0.9681818180717942, 1), (0.96819787984725, 2), (0.9682299545849264, 1), (0.9682539682494451, 1), (0.9682758619354116, 1), (0.9683124539282492, 1), (0.9683257917675652, 1), (0.9683333332526393, 1), (0.9683426442301327, 1), (0.9683590875287574, 1), (0.9683698296601381, 1), (0.9684210525636163, 1), (0.9684210525976, 1), (0.9684210526111912, 2), (0.96842105261459, 1), (0.9684542586598054, 1), (0.9684638859645479, 1), (0.9684741487898076, 2), (0.9684813753304188, 2), (0.9684873949478076, 1), (0.9684975766975578, 2), (0.9685157419837295, 1), (0.9685423127616948, 1), (0.9685480395963577, 1), (0.9685714284330573, 4), (0.968609865427412, 1), (0.9686221009285513, 1), (0.9686360320792341, 1), (0.9686411149488305, 1), (0.9686411149792034, 1), (0.9686500319835668, 1), (0.9686609686554493, 1), (0.9686746987718403, 1), (0.9687499998486302, 1), (0.9687499998990903, 2), (0.9687499999394531, 4), (0.9687499999848632, 1), (0.9687499999862402, 2), (0.9687836382164934, 1), (0.9688013135970841, 1), (0.9688114638671315, 1), (0.9688385268847445, 1), (0.968858131420841, 1), (0.9688581314543655, 1), (0.9688888884582746, 1), (0.9688888888273733, 1), (0.9688888888601825, 1), (0.9689737470051418, 1), (0.9690082644427915, 2), (0.9690346083612149, 1), (0.9690444144704522, 1), (0.9690444145095822, 1), (0.9690721648235684, 1), (0.9690721649284728, 1), (0.9690949226838247, 1), (0.9691119690745448, 2), (0.9691358024093161, 1), (0.9691629954523936, 1), (0.9691738593132972, 6), (0.9691780821585886, 1), (0.9691876750428952, 2), (0.9692307691810639, 5), (0.9692307691810669, 1), (0.9692307692059219, 1), (0.9692532942189428, 1), (0.969267139434073, 1), (0.9692671394569924, 1), (0.9692832761197071, 1), (0.9692832763843539, 1), (0.9692923898272529, 1), (0.9692982455927817, 1), (0.9693053311401738, 2), (0.9693356047617621, 1), (0.9693486589914532, 1), (0.9693548387018586, 1), (0.9693593314223191, 1), (0.969387754854754, 3), (0.9693877550031226, 2), (0.9693877550822575, 2), (0.9694376527998846, 1), (0.9694656487809563, 1), (0.9695431472019688, 1), (0.9695885509492088, 4), (0.969588550966556, 1), (0.969598262705235, 2), (0.9696444058135599, 1), (0.9696969696435453, 1), (0.9696969696660406, 1), (0.9696969696702558, 2), (0.96969696967738, 1), (0.9696969696860884, 2), (0.9698630136853468, 1), (0.9698825931102661, 1), (0.9698996655194058, 1), (0.9698996655356212, 1), (0.9699570814063017, 2), (0.9699624530602621, 2), (0.9699812382557224, 2), (0.9699999999029989, 1), (0.9699999999030046, 1), (0.9699999999514989, 1), (0.9699999999757489, 2), (0.9700374531471903, 1), (0.97007481294339, 1), (0.9700787400047078, 1), (0.9700787401498404, 1), (0.9701492536589458, 1), (0.9701492536951433, 2), (0.9701897018444335, 1), (0.9701897018707261, 1), (0.970195272253832, 1), (0.9702079819578282, 1), (0.9702127658542355, 1), (0.9702660405367348, 1), (0.9702842377135628, 1), (0.9702970296389287, 2), (0.9702970296549375, 1), (0.9702970296709518, 2), (0.9703264094907501, 1), (0.9703703703523939, 1), (0.9703872436252384, 1), (0.9703947368341257, 1), (0.970464135007449, 3), (0.9704735375503915, 1), (0.9705263157792581, 3), (0.9705372616648025, 1), (0.9705882352623998, 1), (0.9705882352681716, 2), (0.9706257981996094, 4), (0.9706336938221546, 1), (0.9706790123307014, 1), (0.9707776126555046, 1), (0.9707792207477008, 1), (0.9708121827349574, 1), (0.9708193041417426, 1), (0.9708302168962636, 1), (0.9708561019859565, 1), (0.9708737862192467, 2), (0.9709090908914356, 1), (0.9709302325016934, 1), (0.9709364908451519, 1), (0.9709543567659034, 7), (0.9709821427487721, 1), (0.97101449261289, 1), (0.9710272167716407, 1), (0.9710344826246838, 1), (0.9710550886930794, 1), (0.9710743801251603, 1), (0.971098265858534, 1), (0.9710982658678842, 1), (0.9711286088389203, 1), (0.9711375212059185, 2), (0.9711538461071523, 1), (0.9711711710836763, 1), (0.9712007088625961, 1), (0.9712351944211128, 3), (0.9712389379456605, 1), (0.971240755941309, 1), (0.9712460063742656, 1), (0.9712643678105101, 1), (0.9712746857296887, 1), (0.971279373317429, 1), (0.9713024282203336, 1), (0.9713125158645073, 1), (0.971315529174226, 1), (0.9713193116572894, 1), (0.9713977333528657, 1), (0.9714285712824923, 1), (0.971428571317551, 1), (0.9714285713555331, 3), (0.9714285713823119, 1), (0.9714285713938792, 1), (0.9714285714087446, 1), (0.9715142427329024, 2), (0.9715762273776275, 2), (0.9715909090771081, 1), (0.9716049382116305, 3), (0.9716181348701932, 1), (0.9716399505583669, 1), (0.9716494844108701, 1), (0.9716814159120073, 1), (0.9716981131158712, 1), (0.9717153284627211, 1), (0.9717171716975394, 2), (0.9717514123744645, 2), (0.9717514124019343, 1), (0.9718172983431876, 1), (0.9718309858926737, 1), (0.971851851823055, 2), (0.9718574108635717, 2), (0.9718875500056534, 1), (0.971910112223042, 1), (0.9719222461783197, 1), (0.97193500731374, 1), (0.9719626166407562, 3), (0.9719626168042624, 1), (0.9719934100540394, 1), (0.9719999999805582, 1), (0.9720176729054448, 1), (0.972039473676216, 1), (0.9720430107317802, 1), (0.9720670389975343, 2), (0.9720830350055764, 1), (0.9720853858465665, 1), (0.9721254355061973, 2), (0.9721311475250464, 1), (0.9721518986931559, 1), (0.9721893491095508, 1), (0.9722064661955635, 2), (0.9722222221257715, 2), (0.9722222221682099, 5), (0.972222222188466, 1), (0.9722222222072194, 1), (0.972262773580696, 1), (0.9722921913867829, 1), (0.9723076922863232, 1), (0.9723160026352291, 6), (0.9723261032088846, 1), (0.9723404254284754, 3), (0.9723404254801926, 1), (0.9723435225335584, 1), (0.9723711340166096, 1), (0.9723756905540062, 1), (0.9723756905540124, 1), (0.9723905723250917, 1), (0.9724137930699184, 2), (0.9724564361454489, 2), (0.9724576270156304, 1), (0.9724770641309644, 2), (0.9724992444788596, 1), (0.9725158561956663, 1), (0.9725274723938813, 2), (0.9725490194171554, 1), (0.9725490195697022, 1), (0.9725906277458426, 1), (0.9726027396927187, 1), (0.9726027397127041, 2), (0.9726288987286655, 1), (0.9726315787426049, 2), (0.9726315789268882, 2), (0.9726315789371311, 2), (0.9726775956018394, 1), (0.9727164886153408, 1), (0.9727272725798867, 1), (0.9727272727095868, 1), (0.972789115613168, 1), (0.9728395060927694, 1), (0.9728471683400091, 1), (0.9728813558497564, 1), (0.9728841413151524, 2), (0.9728937728224962, 1), (0.9729225023251798, 1), (0.9729729728853141, 2), (0.9729729728853244, 1), (0.9729729729072293, 1), (0.9729729729354047, 3), (0.9729729729466765, 1), (0.9730700179183777, 1), (0.9730769230394953, 1), (0.9730769230582084, 1), (0.9731113955220078, 1), (0.973123262189702, 1), (0.9731258840032109, 1), (0.9731437598428735, 1), (0.9731800765040663, 1), (0.9731800765537819, 2), (0.9731800766159248, 1), (0.9732102315711019, 1), (0.9732142856273905, 1), (0.9732142856853218, 1), (0.9732246798376438, 1), (0.9732283464490253, 1), (0.9732360097086826, 4), (0.9732394365511786, 1), (0.9732441471409135, 1), (0.9732620320335033, 1), (0.9732620320595415, 1), (0.973333333117036, 1), (0.9733333333008904, 1), (0.9733333333117052, 3), (0.9733520336332848, 1), (0.973372781062209, 1), (0.973429951667308, 1), (0.9734513274120921, 1), (0.9734789390056995, 1), (0.9734954786374412, 1), (0.973500697214296, 1), (0.9735099337103612, 2), (0.9735099337390163, 1), (0.9735401459809593, 1), (0.9735915492100702, 1), (0.973621103070809, 4), (0.9736211030708116, 1), (0.9736211031058286, 2), (0.9736379611645642, 1), (0.9736842103981935, 1), (0.9736842104942882, 2), (0.9737080688971059, 1), (0.9737098343745174, 2), (0.9737182248611072, 2), (0.9737302976380285, 1), (0.9737470166832064, 1), (0.9737470166948234, 1), (0.9737609329398722, 1), (0.9737704917713533, 2), (0.973785990537397, 1), (0.9738095236935942, 2), (0.973821989426825, 1), (0.9738219894559599, 1), (0.9738562090442413, 1), (0.9738805969967543, 1), (0.973901973203442, 1), (0.9739368997292309, 1), (0.9739696311308018, 1), (0.9739776951431465, 1), (0.9739952718445886, 3), (0.9739999999026009, 1), (0.974025973962727, 2), (0.9740259740133242, 1), (0.9740394600005381, 1), (0.9740634005202243, 1), (0.9740634005482987, 1), (0.9740840035659144, 1), (0.9741060418034402, 1), (0.9741176469442215, 1), (0.9741248097264205, 1), (0.9741379309505043, 1), (0.974137930974498, 1), (0.9741379310274854, 1), (0.9741697416255166, 4), (0.9741863075087103, 2), (0.9742120343560373, 5), (0.9742120343560405, 2), (0.9742457689119098, 1), (0.9742489270177215, 2), (0.9742930591009209, 1), (0.974358974287591, 1), (0.9743589743090072, 5), (0.9743589743109272, 1), (0.9743910055606263, 1), (0.9744186046284988, 1), (0.9744214372478837, 1), (0.9744279946033008, 2), (0.9744408945531254, 1), (0.9744444443903097, 1), (0.974457215824081, 1), (0.974477958232137, 3), (0.9744990892354356, 1), (0.9745127435989646, 1), (0.9745222929781124, 1), (0.9745454543682669, 4), (0.9745547072551454, 1), (0.9745762711038533, 1), (0.9745762711451441, 2), (0.9745958427310372, 1), (0.9746328437656963, 3), (0.974651457535015, 1), (0.9746835442729509, 1), (0.9746987951220069, 2), (0.9747126436557559, 1), (0.9747292418420679, 1), (0.9747368420950042, 2), (0.9747572813641312, 1), (0.9747675962556521, 1), (0.9747747746869571, 1), (0.9747899158844728, 4), (0.9748148147859342, 1), (0.9748358861611136, 2), (0.9748427671934147, 1), (0.9748427672649435, 1), (0.9748892170624156, 3), (0.9749247743034095, 1), (0.9749430522807583, 2), (0.9749450549236279, 1), (0.9749518304055882, 4), (0.9749518304055903, 1), (0.9749582637404021, 2), (0.9749999999129488, 1), (0.9749999999187537, 1), (0.974999999959374, 1), (0.9749999999812465, 1), (0.9749999999825877, 3), (0.9749999999878125, 1), (0.9750168804203245, 1), (0.9750271443553183, 1), (0.9751098095918658, 2), (0.9751434032552289, 2), (0.9751824816094642, 1), (0.9752252252142424, 1), (0.9752281615416915, 1), (0.9752650176333773, 2), (0.975274725140762, 2), (0.9753086418247985, 1), (0.9753178758341399, 2), (0.9753265601614419, 2), (0.9753320682741818, 1), (0.9753663860275151, 1), (0.9753694580079608, 1), (0.9754281459382883, 1), (0.9754416199493577, 1), (0.9754521963698278, 1), (0.9754768391041652, 1), (0.9755102040617281, 2), (0.9755244755131067, 1), (0.9755274261191755, 1), (0.9755469755218668, 2), (0.9755529685453873, 4), (0.9755555554471607, 1), (0.9756097560777329, 1), (0.9756613755581351, 1), (0.9756690997329521, 1), (0.9756722150838485, 1), (0.9756944444105645, 1), (0.9757225432397999, 1), (0.97573435503224, 2), (0.9757575756984472, 1), (0.9757673667047553, 1), (0.9757785466283903, 1), (0.9757785466452772, 1), (0.9757785466790412, 1), (0.9757785466790452, 1), (0.9757785467079789, 1), (0.9757914337102818, 3), (0.9758064515342127, 2), (0.9758620689318652, 2), (0.975903614340254, 2), (0.9759384022786041, 1), (0.9759450171485953, 2), (0.9759615384146145, 1), (0.975999999888453, 1), (0.9759999999479443, 5), (0.976027397251916, 1), (0.9760563379594325, 1), (0.9760696155927465, 1), (0.9760765549305244, 2), (0.9761467889012692, 1), (0.9761467889550004, 1), (0.9761709120628396, 1), (0.9761904761439909, 3), (0.9762202753380702, 2), (0.9762711863744808, 1), (0.9762900974928443, 3), (0.9762900974928482, 5), (0.9763033174934819, 1), (0.9763066202056601, 1), (0.9763313606578948, 2), (0.9763406939909113, 1), (0.976351351186427, 1), (0.9763636363458852, 1), (0.976367319312876, 2), (0.9763948497644547, 1), (0.9764035801305705, 1), (0.9764089121759315, 1), (0.9764102563902304, 2), (0.9764532744305925, 1), (0.9764560098890611, 1), (0.9764705882123185, 1), (0.9764948453567988, 1), (0.9765175010643963, 1), (0.976539589371222, 1), (0.9765624999237051, 3), (0.9765721330485134, 2), (0.976576576488595, 2), (0.976582827322066, 1), (0.9765886287298784, 1), (0.9765957445769581, 1), (0.976595744576961, 2), (0.9766081870773959, 1), (0.9766606821911359, 1), (0.976660682191142, 1), (0.976669348342908, 1), (0.9766718506694659, 1), (0.9767080744583292, 1), (0.9767441858572083, 1), (0.9767441859203164, 1), (0.9767441860010817, 1), (0.9767441860115623, 1), (0.9767441860115662, 3), (0.9767441860212647, 1), (0.9767441860226056, 1), (0.9767441860237968, 1), (0.9767873722398552, 2), (0.9767981438288447, 1), (0.9768041235854589, 1), (0.9768421052528748, 1), (0.9768518518367769, 2), (0.9768894440364223, 1), (0.9768976897045012, 1), (0.9768976897367345, 1), (0.9768976897367421, 1), (0.9769053117726482, 1), (0.9769230768855021, 1), (0.9769736842024942, 1), (0.9770114941967184, 1), (0.9770114942403962, 1), (0.977052524212373, 2), (0.9770992365169058, 2), (0.9770992365914997, 1), (0.9770992366039224, 1), (0.9771359807225763, 1), (0.9771428570032618, 2), (0.9771428571149336, 2), (0.977220956608515, 1), (0.9772727271616749, 3), (0.9772727272172017, 1), (0.977272727240998, 3), (0.977309562390782, 3), (0.977319587608717, 1), (0.9773371104539011, 2), (0.9773527931456745, 1), (0.9774011296673972, 1), (0.9774330042278649, 1), (0.9774436089735595, 2), (0.9774436090143902, 1), (0.9775561094819019, 2), (0.9775784752924828, 1), (0.9775784752924852, 2), (0.9775924960815273, 1), (0.9775967413043767, 1), (0.9776357827319853, 1), (0.9776422764028908, 1), (0.9776751346437538, 1), (0.9777177582648369, 1), (0.9777411376590641, 2), (0.9777777773432048, 1), (0.9777777775967069, 1), (0.9777777777234518, 3), (0.9777777777234581, 3), (0.9777777777488067, 1), (0.9777777777596658, 1), (0.977843426811091, 1), (0.9778481011110977, 1), (0.9778672031996378, 1), (0.9778737182418851, 1), (0.9778812571620596, 1), (0.9778812572531347, 1), (0.9778947368318126, 2), (0.9778968519693365, 4), (0.977900552459169, 1), (0.9779086891048706, 1), (0.977913175858497, 1), (0.977922077909377, 1), (0.9779286926828845, 1), (0.9779411763986758, 1), (0.9779527558978099, 1), (0.9779661016120376, 2), (0.977995109976624, 1), (0.9780033839292774, 2), (0.9780033840616627, 1), (0.9780380672783293, 1), (0.9780564263016305, 1), (0.9780775716144957, 1), (0.9780821917674247, 1), (0.9780853517764942, 1), (0.9781021897572272, 1), (0.9781065088728469, 1), (0.9781160798308149, 1), (0.9781357882567416, 1), (0.9781420764760146, 1), (0.9781536292474913, 1), (0.9781818180039661, 2), (0.9781818181640323, 1), (0.9781931463971274, 1), (0.9782016347441185, 3), (0.9782135075187082, 2), (0.9782244555786158, 1), (0.9782608695120493, 2), (0.9783132529531146, 1), (0.9783333332518063, 2), (0.9783393500039141, 1), (0.9783393501451916, 1), (0.9783593356720851, 1), (0.978365384603626, 2), (0.9783693843268437, 1), (0.9783783783519371, 1), (0.9783950616981999, 1), (0.9784172661401244, 3), (0.9784172661753165, 1), (0.9784482758198969, 2), (0.9784482758550399, 1), (0.9784537387860059, 2), (0.9784714746987153, 1), (0.9784946235507069, 2), (0.9785247432260578, 1), (0.9785407725041938, 1), (0.9785794813759073, 1), (0.9786096256422875, 1), (0.9786184210445844, 1), (0.9786585365704458, 1), (0.9786607799492751, 2), (0.9786871270080342, 1), (0.9787234040817808, 1), (0.9787234041512068, 1), (0.9787234041859013, 1), (0.9787234041958244, 1), (0.9787234042473089, 1), (0.9787234042491911, 1), (0.9787595581156558, 1), (0.9787878786395775, 2), (0.9788053949526533, 1), (0.9788235292966082, 1), (0.978823529400247, 2), (0.9788639365788772, 1), (0.9788732393676862, 1), (0.9788732393676882, 1), (0.9789029535451927, 2), (0.9789343246349702, 1), (0.9789473683867028, 1), (0.9789842380929102, 1), (0.9790209789867468, 1), (0.9790209789981587, 3), (0.9790322580566178, 1), (0.9790940766209386, 1), (0.979104477582712, 1), (0.9791216702628551, 1), (0.9791271346876966, 1), (0.9791411042824611, 1), (0.979166666632663, 2), (0.9791921664387001, 1), (0.9791921664506852, 1), (0.9792147803743145, 1), (0.9792147805250812, 1), (0.9792180344847061, 1), (0.9792231254761274, 1), (0.9792531119519385, 4), (0.9792600896586529, 1), (0.9792843690226637, 1), (0.9793103446925081, 1), (0.9793103447938161, 2), (0.9793103447938201, 3), (0.9793281652481529, 1), (0.9793281653620283, 1), (0.9793658781984959, 2), (0.9793814431727607, 1), (0.9793966151221708, 1), (0.9794344472755913, 4), (0.9794628751458953, 1), (0.9794871794369505, 5), (0.9794871794620599, 2), (0.9794988608247115, 1), (0.9795021961215591, 1), (0.9795158284954322, 1), (0.9795275590474024, 1), (0.9795454544341418, 1), (0.9795520933807648, 1), (0.9795918366902685, 1), (0.9795918367147023, 4), (0.9795918367165193, 1), (0.9796557118967681, 1), (0.9796610168661297, 1), (0.9797023003794398, 1), (0.9797211660267457, 1), (0.9797297295642317, 2), (0.9797501076699806, 1), (0.9797979797869862, 1), (0.9798055347720298, 1), (0.979899497475128, 1), (0.979907264281613, 1), (0.9799426933816558, 1), (0.9799426933816656, 1), (0.9799426933957047, 1), (0.9799441482584931, 2), (0.9799498745639165, 1), (0.9799554564610288, 1), (0.9799599197414824, 1), (0.9799764427585471, 1), (0.9799999999183325, 1), (0.9799999999510068, 1), (0.9799999999782228, 1), (0.9799999999896856, 2), (0.9800190294024685, 1), (0.9800443457893482, 1), (0.9800620291989331, 1), (0.9800715380584545, 1), (0.9801324502950642, 1), (0.9801699716436201, 1), (0.9801907556140698, 1), (0.9801980197777163, 1), (0.9802130897722926, 1), (0.9802513464639043, 1), (0.9803186504033679, 1), (0.9803220035427409, 1), (0.9803516027941713, 1), (0.9803921567559478, 1), (0.9803921567666293, 2), (0.9803921567986664, 1), (0.9803921568242984, 2), (0.9803921568307054, 1), (0.9803921568352882, 1), (0.9803921568452709, 1), (0.9803921568581669, 2), (0.980418635990523, 2), (0.9804372842291084, 1), (0.9804400977875263, 2), (0.9804772233209856, 1), (0.980501392703038, 1), (0.9805097449804296, 1), (0.9805097450980365, 3), (0.9805194804558096, 1), (0.9805194804558134, 3), (0.9805194804876466, 1), (0.9805309734339746, 2), (0.9805447470054051, 1), (0.9805714284593614, 2), (0.9806269812969151, 1), (0.9806295399397001, 1), (0.9806451611637906, 2), (0.9806451612270507, 1), (0.9806451612586845, 1), (0.9806678382783592, 1), (0.9806728703664508, 1), (0.9806949806571161, 1), (0.9807052561478294, 1), (0.9807191245338107, 1), (0.9807197942814476, 1), (0.9807407407116792, 2), (0.9807445442623701, 1), (0.9807692305806197, 1), (0.9807692305806278, 1), (0.9807692307063566, 1), (0.9808153477100633, 1), (0.980818414259536, 1), (0.9808429118648678, 2), (0.9808541973201507, 1), (0.9808917197035719, 1), (0.9809264303840718, 3), (0.98094282846578, 1), (0.980952380858958, 1), (0.9809663249647887, 1), (0.9809688580466266, 1), (0.9809725158147585, 2), (0.9810126582123251, 1), (0.9810126582216392, 2), (0.9810298102715096, 1), (0.9810298102848086, 1), (0.9810526313724093, 1), (0.981052631568621, 3), (0.9810606060234447, 1), (0.9810810810545643, 1), (0.9811320752865799, 1), (0.9811320753791343, 3), (0.9811320754408477, 1), (0.9811320754628816, 1), (0.9812030074573174, 1), (0.9812067260089942, 1), (0.981210855908927, 1), (0.9812265331418968, 1), (0.9812332437047726, 1), (0.9812499999386747, 3), (0.9812499999846637, 1), (0.9812623273677853, 1), (0.9813084111232381, 1), (0.9813242784213714, 2), (0.9813293501880987, 1), (0.9813333332809944, 1), (0.9813519813405447, 1), (0.9813953488143873, 1), (0.9814077024580737, 1), (0.9814432989488344, 1), (0.9814814814555153, 1), (0.9814814814663344, 1), (0.9815043155386565, 1), (0.9816041206408513, 1), (0.9816401468668097, 1), (0.9816513760567277, 3), (0.9816625916750408, 1), (0.9816666665848588, 1), (0.9816753926444606, 2), (0.9816849816130634, 4), (0.9816849816729952, 1), (0.9817073170582084, 2), (0.9817158930806791, 1), (0.98176133401791, 1), (0.9817690748830707, 3), (0.9817767652640349, 1), (0.9817866434534449, 1), (0.9818181816396653, 2), (0.9818181816694187, 1), (0.9818181816991763, 1), (0.9818181817467768, 6), (0.9818342932661991, 1), (0.9818780889297621, 1), (0.9819121446901579, 1), (0.9819277105476072, 1), (0.9819277108236588, 1), (0.9819444444273955, 1), (0.981958762760055, 1), (0.9819639278163546, 2), (0.9819751205864881, 1), (0.9819819818935136, 1), (0.981981981970922, 2), (0.9819967266695414, 1), (0.9820051413629323, 1), (0.982035928026113, 1), (0.982035928084909, 1), (0.9820895520922269, 2), (0.9821045095932659, 1), (0.9821052631475563, 1), (0.9821073558257571, 1), (0.9821428570990125, 1), (0.9821428571253189, 1), (0.9822222222003961, 2), (0.9822485206519406, 2), (0.9822485206616269, 2), (0.9822485207071532, 1), (0.982259570490276, 1), (0.9822646657303619, 1), (0.9822695035286833, 1), (0.9822747414340981, 2), (0.9823182710812453, 1), (0.9823352003023553, 1), (0.9823399558137469, 1), (0.9823468327937191, 1), (0.9823736780027619, 1), (0.9824086603252369, 1), (0.9824304538080226, 1), (0.9824561394890893, 1), (0.9824561402277605, 1), (0.9824561402646953, 2), (0.9824561402819328, 4), (0.9824561402845852, 1), (0.9824561403077855, 1), (0.9824561403077929, 1), (0.9824561403336411, 1), (0.9824780976158783, 1), (0.9824854044218128, 1), (0.982493368648143, 1), (0.9825378346686242, 1), (0.9825783971783054, 1), (0.9825783972039804, 1), (0.9826224327041694, 1), (0.9826275786654401, 1), (0.9826388888547656, 1), (0.9826388888547695, 1), (0.9826435246340012, 1), (0.9826435246733584, 1), (0.9826589594997053, 2), (0.9826589594997074, 1), (0.9826732673024109, 1), (0.9826989619037129, 1), (0.9827089336892553, 1), (0.9827089336892618, 2), (0.9827228748456999, 1), (0.9827357237454791, 2), (0.9827387802014803, 1), (0.9827404015152275, 2), (0.9827586206049356, 2), (0.9827586206557669, 4), (0.9827915869605077, 1), (0.9828269484678598, 2), (0.9828571428355423, 1), (0.9828767122951089, 1), (0.9828767123119293, 1), (0.9828850855505341, 1), (0.9829222011012156, 2), (0.9829351535165232, 1), (0.9829457364188668, 1), (0.9829488465199003, 1), (0.9829760403220988, 1), (0.9829867674486588, 1), (0.9830220712906128, 3), (0.9830246913428559, 4), (0.9830508472910044, 1), (0.9830508473909796, 1), (0.9830757909866404, 1), (0.983114446510632, 1), (0.9831144465106384, 1), (0.9831195137756183, 1), (0.9831271091002984, 1), (0.9831325300731064, 5), (0.983157894726494, 1), (0.9831842575852751, 1), (0.9831932772283016, 2), (0.9832134292094398, 2), (0.9832134292448045, 1), (0.9832303617843551, 2), (0.9832402233538304, 1), (0.9832689832436746, 1), (0.9833187005282426, 1), (0.9833333325139039, 1), (0.9833333332309031, 1), (0.9833333332513898, 1), (0.9833333332786999, 2), (0.9833333332787062, 3), (0.9833948339301951, 1), (0.9834254142559777, 1), (0.9834586464686508, 1), (0.9834710743530719, 1), (0.983471074359849, 1), (0.9834862384418813, 1), (0.9834862384960171, 1), (0.9835164833813884, 1), (0.9835234472771205, 1), (0.9835294116489981, 1), (0.98353909462996, 1), (0.9836065573125504, 2), (0.9836065573334675, 4), (0.9836065573367383, 1), (0.9836065573501772, 2), (0.9836065573591313, 3), (0.9836065573609245, 1), (0.9836065573716744, 1), (0.9836423118651308, 1), (0.9836601306868085, 1), (0.983688833000796, 1), (0.9837037036745584, 3), (0.9837209302096799, 1), (0.9837209302096852, 1), (0.9837296620714387, 1), (0.9837398373717139, 1), (0.9837398373783803, 1), (0.9837518463084379, 1), (0.9837702871165136, 1), (0.9838337182391198, 1), (0.9838383838185093, 2), (0.9838383838284424, 1), (0.983845752986099, 3), (0.9838709676698064, 1), (0.9838998210739237, 3), (0.9838998210915229, 1), (0.9839034205033385, 1), (0.9839572191987092, 1), (0.9839704067837297, 1), (0.9839816933413267, 1), (0.9839883551387466, 2), (0.9839999998032032, 1), (0.9840060929144877, 1), (0.9840225563817298, 1), (0.9840255590897121, 2), (0.984058595390606, 1), (0.9840909089790821, 1), (0.9841075794500725, 1), (0.9841269841223893, 2), (0.9841688654223718, 1), (0.98417721503415, 2), (0.9842061512066355, 2), (0.9842105262294571, 1), (0.9842105263054294, 1), (0.9842209072492991, 1), (0.9842576028446467, 1), (0.9842696629139762, 1), (0.9842931936829241, 1), (0.984304932707839, 1), (0.984313725451592, 2), (0.9843400447207074, 1), (0.9843749999230966, 4), (0.984384759463812, 1), (0.9843985908305539, 1), (0.9844020796885885, 1), (0.9844236759920151, 1), (0.9844290656587859, 1), (0.9845094664032895, 1), (0.9845559845179673, 2), (0.9845837614609848, 1), (0.9846153845144008, 1), (0.9846153845631508, 1), (0.9846153845648881, 2), (0.9846153845648938, 1), (0.9846153845901405, 1), (0.98464317967618, 1), (0.9846526655498931, 1), (0.9846564376185165, 1), (0.9846582984383684, 1), (0.9847094801173053, 1), (0.9847198641598505, 3), (0.9847494553162306, 1), (0.9847522236277965, 1), (0.9847715734374323, 1), (0.9847715735873985, 1), (0.9847792998328039, 1), (0.9848088003932742, 1), (0.9848156181144435, 1), (0.9848275860710564, 2), (0.9848484848111766, 2), (0.9848661233763703, 1), (0.9848661233763716, 1), (0.9848693259701531, 1), (0.9848879624701935, 1), (0.9849086575865819, 1), (0.9849137930822233, 2), (0.9849498327594514, 1), (0.9849548645740208, 1), (0.9849749582308841, 2), (0.9849812265269993, 1), (0.9849931786907214, 1), (0.9849999999753717, 1), (0.9850149849953056, 1), (0.985040276173847, 1), (0.9850746267921636, 1), (0.9851063828739263, 1), (0.9851063829717376, 1), (0.9851485148027148, 1), (0.9851485148270998, 2), (0.985157699425135, 1), (0.9851632047185346, 1), (0.9851851851669378, 2), (0.9851973684129529, 1), (0.985221674755514, 1), (0.9852216747797778, 1), (0.9852216748161804, 1), (0.9852262234078846, 1), (0.9852289511827735, 1), (0.985239852380346, 1), (0.9852631578739983, 1), (0.985263157884367, 1), (0.9852941175746074, 2), (0.9852941176180797, 1), (0.9853137516425831, 2), (0.9853281853205795, 1), (0.9853372433728608, 1), (0.9853747713907313, 1), (0.9853768278743428, 1), (0.9854014598300411, 1), (0.9854014598450245, 2), (0.98540145984952, 1), (0.985442329172145, 1), (0.98554216861533, 1), (0.9855582951396433, 1), (0.9855595667514309, 2), (0.9855670102584758, 1), (0.9855951478317992, 1), (0.9856321839009653, 1), (0.9856459329200414, 1), (0.9856733524072875, 3), (0.9857142855734661, 4), (0.9857142856966845, 1), (0.9857819904901828, 1), (0.9857963130795653, 1), (0.985797827894855, 1), (0.9858012170285406, 1), (0.9858088930750127, 1), (0.9858156027669521, 1), (0.9858203915607177, 3), (0.9858356940230707, 2), (0.9858823528251898, 2), (0.9859154928709559, 1), (0.9859154928883146, 1), (0.9859999999013956, 1), (0.9860248447051871, 1), (0.9860465116049726, 1), (0.9860583015226778, 1), (0.9860759493608489, 1), (0.9860896443607274, 1), (0.9860896444979022, 1), (0.9861111110654599, 2), (0.986111111076868, 2), (0.9861538461285612, 1), (0.9861591694648629, 1), (0.986184909649601, 1), (0.9862068965177139, 3), (0.9862068965177178, 2), (0.9862155387853266, 1), (0.9862649534343688, 1), (0.9863013698292351, 2), (0.9863013698495027, 2), (0.9863234110942367, 1), (0.9863636362515491, 2), (0.9863760216639861, 1), (0.9863945577895792, 1), (0.986417657029092, 1), (0.9864253392772435, 1), (0.9864364980287995, 3), (0.9864406778825029, 1), (0.9864498644719121, 1), (0.986503067363621, 1), (0.986506746478784, 1), (0.9865125240467638, 3), (0.9865168538956366, 1), (0.9865168539104123, 1), (0.9865384615194889, 2), (0.986547085157556, 2), (0.9865689865569416, 1), (0.9865771811859797, 1), (0.9866071428130999, 1), (0.986615678738565, 1), (0.9866666666337786, 3), (0.9866989117172087, 1), (0.9867172675147348, 1), (0.9867310010872478, 1), (0.9867452135202713, 1), (0.9867595818780975, 1), (0.9867986797051513, 1), (0.9867986798354237, 1), (0.9868073877326157, 1), (0.9868073878367628, 1), (0.9868173257632118, 2), (0.986830553030131, 1), (0.9868421051333073, 1), (0.9868421052306967, 2), (0.9868852458477106, 1), (0.9868852458692832, 5), (0.9869281045429116, 1), (0.9869531849502168, 1), (0.9869822485177911, 2), (0.9870129869488997, 3), (0.9870525513338104, 1), (0.9870689654746997, 1), (0.9870740305290919, 1), (0.9870967741298691, 1), (0.9871134019346511, 1), (0.9871244633780912, 2), (0.9871244634663555, 1), (0.9871708304532654, 2), (0.9871794871162072, 1), (0.9872029249554671, 1), (0.9872122762064195, 1), (0.9872204472685792, 2), (0.9872231686457656, 1), (0.9872253449055969, 1), (0.9872340424481661, 1), (0.9872495446086063, 1), (0.9872958257354917, 1), (0.9873039581040111, 1), (0.9873096446637861, 1), (0.9873417721102382, 1), (0.9873417721456498, 1), (0.9873586160945583, 2), (0.9873949579417056, 2), (0.9874213836167485, 1), (0.9874476986621354, 3), (0.9874686716173272, 1), (0.9874776386050983, 1), (0.9874776386051004, 1), (0.987499999382824, 5), (0.9874999999382855, 2), (0.9874999999823654, 1), (0.9875311719877359, 1), (0.987531172045196, 1), (0.9875518671379737, 3), (0.987551867178937, 2), (0.9875518671926008, 2), (0.9875862067603325, 2), (0.9875862067603364, 1), (0.9876072449764035, 2), (0.98761061945155, 1), (0.9876265466594419, 1), (0.9876543209724133, 4), (0.987684728942404, 1), (0.9876977152552687, 1), (0.9878260869393454, 1), (0.9878618113819998, 1), (0.9878682841945311, 1), (0.9878787877291095, 1), (0.9878787878189275, 3), (0.9879275653724736, 1), (0.9879518071693995, 1), (0.9879518071813035, 2), (0.9879518071991554, 1), (0.9879839786118018, 2), (0.9880095922787553, 1), (0.9880197321361537, 1), (0.9880372175016372, 1), (0.9880749573768962, 1), (0.9880952375071137, 1), (0.988108108054697, 1), (0.9881154498983297, 1), (0.9881355931365998, 2), (0.9881556681915193, 1), (0.9881656801810268, 1), (0.9881656804704493, 1), (0.9882266371968993, 2), (0.9882352940013814, 1), (0.9882352940595129, 1), (0.9882352940788856, 1), (0.9882903980801764, 1), (0.9883268481721165, 3), (0.9883449883334692, 1), (0.9883720929945216, 1), (0.9883720930002705, 1), (0.9883990719211676, 3), (0.9884169882261739, 1), (0.9884169883788186, 1), (0.9884297519844284, 2), (0.9884467265471505, 2), (0.9884467265471519, 1), (0.9884526558434895, 1), (0.9884627377580659, 1), (0.9885057459902338, 3), (0.9885057470506866, 2), (0.9885057470939747, 1), (0.9885057471037126, 1), (0.9885057471122379, 2), (0.9885350317212053, 1), (0.988549618301747, 1), (0.988555078669689, 2), (0.9885931557682422, 1), (0.9886104781347135, 2), (0.9886621314744345, 1), (0.9886792452643641, 1), (0.988713318239782, 1), (0.9887179486976684, 1), (0.9887359198751244, 1), (0.9887387387276017, 1), (0.9887640447851113, 1), (0.9887640448203822, 1), (0.9887640449067885, 1), (0.9887640449191366, 1), (0.9887640449314693, 2), (0.9888059701123576, 2), (0.9888143176291307, 1), (0.9888268155503881, 1), (0.9888357256462884, 1), (0.9888475836063622, 1), (0.9888888888339481, 4), (0.9888888888669136, 1), (0.9888888888705695, 1), (0.9889025892738728, 1), (0.9889025893714207, 1), (0.9889135254769643, 1), (0.988957055190454, 1), (0.9889669006822661, 1), (0.9889727219850375, 1), (0.9889763779449644, 1), (0.9889908255973399, 1), (0.989010988875138, 1), (0.9890109889566484, 2), (0.9890295358232469, 1), (0.9890568004065762, 1), (0.9890710381973191, 1), (0.989071038233352, 1), (0.9891067537048879, 1), (0.9891135302958279, 1), (0.9891304347288522, 1), (0.9891540129079015, 1), (0.9891666666254517, 1), (0.9891788669007514, 1), (0.9891975308489314, 1), (0.9892051030227829, 1), (0.9892262487660222, 2), (0.9892473116759999, 1), (0.9892627057273251, 1), (0.989287964707063, 1), (0.9893048128077733, 2), (0.989319842552596, 1), (0.9893617020224059, 1), (0.9893617020224119, 1), (0.9893617021206429, 1), (0.9893758299475849, 2), (0.9894736841410912, 1), (0.9894736841896954, 1), (0.9894736841931688, 2), (0.9894736842001107, 1), (0.9895052473466409, 1), (0.9895178196650121, 1), (0.9895227006997059, 2), (0.9895833332989704, 1), (0.9895833332989744, 1), (0.9895833333075637, 1), (0.9895912668164764, 1), (0.9896193771283807, 1), (0.989619377151217, 1), (0.9896296296003101, 2), (0.9896432681185856, 1), (0.9896551723796647, 3), (0.9896551723796686, 1), (0.9896602658057847, 1), (0.9896907216154722, 1), (0.9896983075426885, 1), (0.9897142856011719, 1), (0.9897172236249436, 1), (0.9897209983862387, 1), (0.9897292250141002, 2), (0.9897292250187208, 2), (0.9897435896928313, 1), (0.9897435897182094, 1), (0.9897510980241753, 1), (0.9897810218833635, 1), (0.9897851355762681, 1), (0.9897959181148499, 1), (0.9897959182663508, 1), (0.9897959183336781, 1), (0.9898305084074629, 1), (0.9898373983538629, 1), (0.989847715731016, 1), (0.989920424350669, 1), (0.989939637807039, 1), (0.98994252872852, 1), (0.9899497486939716, 1), (0.9899531145278637, 1), (0.9899749372192997, 1), (0.989979959820641, 2), (0.9899999999010091, 3), (0.9900249375324143, 1), (0.990099009737607, 3), (0.9900990098255831, 1), (0.990099009868315, 2), (0.9900990098813842, 1), (0.9901160292136629, 1), (0.9901315789310775, 1), (0.9901960783342978, 2), (0.9901960783828285, 1), (0.9901960783828326, 1), (0.9901960784071009, 1), (0.9901960784151908, 1), (0.9902370988856025, 1), (0.9902676398785857, 1), (0.990274093704858, 1), (0.9903181189214291, 1), (0.9903381642033658, 1), (0.9903398926477585, 2), (0.9903660885938246, 6), (0.9903978051990399, 1), (0.9904076738371584, 1), (0.990415335447439, 1), (0.9904397705166224, 1), (0.990450204611447, 1), (0.9904596703390756, 3), (0.9904708519901766, 1), (0.9904761903975832, 1), (0.990476190438458, 1), (0.9904761904573244, 1), (0.9904848209791349, 1), (0.9905263157790485, 3), (0.9905277401626406, 1), (0.990553306275942, 1), (0.9905555555280393, 1), (0.9905787348320162, 1), (0.9905838041058204, 2), (0.9905894006688811, 2), (0.9905956112542147, 2), (0.9905956112697343, 1), (0.9906439184925354, 1), (0.9906759906528986, 2), (0.9906759906644448, 1), (0.9907407407254529, 1), (0.9907773384728855, 1), (0.9907894736711732, 1), (0.990825688037034, 1), (0.990862944157406, 1), (0.9908925318580895, 1), (0.9909090908962214, 1), (0.9909090909015855, 1), (0.9909729187363912, 1), (0.9909909909654824, 2), (0.9909909909798317, 1), (0.9910141206420802, 1), (0.9910313900900862, 2), (0.9910371318568261, 3), (0.9910447759714877, 2), (0.991055456136273, 1), (0.991071428553731, 2), (0.9911727616520652, 1), (0.9912280701537042, 1), (0.9912390488048074, 1), (0.9912434324876324, 1), (0.9912739965009447, 2), (0.9912875120814866, 1), (0.9913043477829848, 1), (0.9913669064712555, 1), (0.991368680518946, 3), (0.9913793102593643, 5), (0.9913793103305849, 1), (0.9913793103341426, 2), (0.991379310337707, 2), (0.991404011432906, 4), (0.9914110429326173, 1), (0.9914443885154356, 1), (0.9914712153412427, 1), (0.9914772727131889, 1), (0.9914853358374399, 1), (0.9914893616719913, 1), (0.9914917753266309, 1), (0.9915014164025084, 2), (0.9915560915571144, 2), (0.9915682967402135, 3), (0.9915789473579838, 5), (0.9915809167415298, 1), (0.9915966386508299, 1), (0.9916074886895843, 1), (0.99161073817185, 2), (0.991614255661261, 2), (0.9916222390714672, 1), (0.9916247905865453, 1), (0.9916527545578747, 1), (0.9916666665840354, 1), (0.9916666666501389, 1), (0.9917355371081215, 2), (0.9917460316830641, 1), (0.9917550057724678, 1), (0.9917582416220109, 1), (0.9917602995883236, 1), (0.9917695473046897, 1), (0.9917710196602559, 2), (0.991772625273065, 1), (0.9917808219042171, 2), (0.9918032786783654, 2), (0.9918107370156168, 2), (0.9918166939362353, 1), (0.9918414918357114, 1), (0.9918509894996073, 2), (0.9918699186790253, 1), (0.9918938835520746, 1), (0.9919517102416089, 1), (0.9919678712867664, 1), (0.9919743176577872, 2), (0.9919999999007959, 3), (0.9920508743722718, 1), (0.9920634919650718, 2), (0.992084432704588, 1), (0.9920870425272381, 1), (0.9921033739417042, 1), (0.9921259841809512, 1), (0.992125984247372, 1), (0.9921524663399053, 1), (0.9921568627061882, 2), (0.9921874999224836, 2), (0.9922178987940775, 1), (0.9922480619642319, 2), (0.9922480620026882, 1), (0.9923273656781314, 1), (0.9923371647382855, 1), (0.992337164741451, 1), (0.9923857867957349, 1), (0.9924204143406503, 1), (0.9924324323787866, 1), (0.9924650161410532, 1), (0.99248120297021, 1), (0.9924999999586456, 1), (0.9925037479771384, 1), (0.9925093631100131, 1), (0.9925187031593914, 1), (0.9925415949398448, 1), (0.99257258602346, 1), (0.9925925925435768, 1), (0.9926315789369191, 1), (0.9926416482342646, 2), (0.9926605503676447, 1), (0.992666317417689, 1), (0.9927310487851961, 2), (0.992779783214301, 1), (0.992805755252832, 1), (0.9928057553480707, 3), (0.9928057553837804, 1), (0.992840095441694, 1), (0.9928400954417049, 1), (0.9929078014008335, 1), (0.9929824560532461, 1), (0.9929843496495948, 1), (0.9930069929792167, 1), (0.9930178432816672, 1), (0.993023255790861, 4), (0.9930313588504214, 1), (0.9930313588763696, 1), (0.9930458969411603, 1), (0.9930555555210728, 1), (0.9931034481388807, 2), (0.993130520098271, 1), (0.9931840310620067, 1), (0.9931972788665201, 1), (0.9931972788777848, 2), (0.9931972788845389, 1), (0.9932432431761345, 1), (0.9932659932548464, 1), (0.9933054393263864, 1), (0.9933075026067875, 2), (0.9933184854127737, 1), (0.9933244324441474, 1), (0.9933244325502452, 2), (0.9933269780554165, 1), (0.9933333333112604, 1), (0.9933774833779243, 3), (0.9933949801718147, 1), (0.9934210525989029, 1), (0.9934310257605529, 1), (0.9934574735682593, 2), (0.9934924077660149, 1), (0.9935344827479106, 2), (0.9935483870326728, 1), (0.9935483870839542, 1), (0.9936102236262987, 2), (0.9936170212695482, 1), (0.9936305731218327, 1), (0.9936842105053924, 2), (0.9936948296351009, 1), (0.9937106917197366, 1), (0.9937106917926491, 1), (0.9937444146470596, 1), (0.9937499999378892, 4), (0.9937888198603452, 1), (0.9938167509278342, 1), (0.9938271604784924, 1), (0.9938347717640158, 1), (0.9938461536932512, 1), (0.9938650306443587, 1), (0.9938949938828584, 1), (0.9939024390041876, 1), (0.9939148072921519, 2), (0.9939230249160115, 1), (0.9939393937887961, 1), (0.9939393938791538, 1), (0.9939393938791607, 6), (0.9939999999005997, 1), (0.9940828401190438, 1), (0.9940828401876655, 1), (0.9940915804287959, 1), (0.994142259410068, 1), (0.9941792782073506, 1), (0.9941812135499463, 1), (0.9941897998580472, 1), (0.9941944846883739, 1), (0.9942196530642541, 1), (0.9942196531408787, 1), (0.9942638621425852, 6), (0.9942638622946753, 1), (0.9942678478270534, 1), (0.9942711647998534, 2), (0.9942857141720803, 2), (0.9942857142225848, 1), (0.9942857142478333, 1), (0.9943074003417729, 1), (0.9943502823922455, 1), (0.994371482157705, 1), (0.9943757030147498, 1), (0.9943791517527394, 2), (0.9943946188062114, 1), (0.9943977590989979, 1), (0.9944134077101201, 3), (0.9944444443891962, 4), (0.9944444443892025, 1), (0.9944751380116527, 1), (0.9944751380299771, 1), (0.9944751380666024, 1), (0.9944954127527984, 1), (0.9945054944508439, 1), (0.9945054944508532, 1), (0.9945155391234887, 2), (0.9945504085838537, 1), (0.9945689069587733, 1), (0.9946018892716204, 2), (0.9946140035549498, 2), (0.9946236558605059, 1), (0.9946332736674517, 1), (0.9946332736674558, 2), (0.9946929491963992, 1), (0.9947735191550985, 2), (0.9947916666407625, 1), (0.9948586117996199, 2), (0.9948642699196771, 2), (0.9948717948207746, 3), (0.9948717948207805, 1), (0.9948892674277728, 1), (0.9948914431546008, 1), (0.9948955916427135, 1), (0.9949066213752957, 2), (0.9949238576996743, 1), (0.9949341438602314, 1), (0.9949409780440163, 1), (0.994984954844632, 1), (0.9949937421714946, 1), (0.9949999999502546, 1), (0.9950124687038577, 1), (0.9950495049258584, 1), (0.9950544015776704, 1), (0.9950576605932443, 1), (0.9951028403428536, 1), (0.9951219511709741, 1), (0.995140913503425, 1), (0.9951597289255558, 1), (0.9951624049740931, 1), (0.9951690820775297, 2), (0.9951923076444581, 1), (0.9952038369185217, 1), (0.9952153109095476, 1), (0.9952153109809734, 1), (0.9952305244840627, 1), (0.9952426259757187, 1), (0.9952718675887633, 1), (0.9953227315216888, 1), (0.9953343699851733, 1), (0.9953488371861537, 2), (0.9953596287472117, 2), (0.9955022487263113, 1), (0.9955056179402442, 1), (0.9955156950226267, 1), (0.9955214331350253, 1), (0.995555555526055, 1), (0.9955686853031315, 4), (0.9956076133971024, 1), (0.995614035065886, 3), (0.9956427014165944, 1), (0.9956834532087548, 2), (0.9956896551294976, 1), (0.9957446807451343, 2), (0.9957446807980965, 2), (0.9957627117589213, 1), (0.9957627118538575, 3), (0.995780590703298, 2), (0.9957894736737299, 1), (0.9958158994426993, 2), (0.9958228905514153, 3), (0.9958333332918441, 1), (0.9958506223239996, 3), (0.9958620688281568, 1), (0.9958620688281608, 1), (0.995867768574467, 1), (0.9958779884419457, 2), (0.9958915365489565, 1), (0.9959016392762361, 1), (0.9959183673367754, 1), (0.9959390862893599, 1), (0.9959404600722078, 1), (0.9959623148053847, 1), (0.9960113960057192, 1), (0.9960159361888434, 1), (0.9960435212611463, 1), (0.9960652051154548, 1), (0.9960681520183999, 2), (0.9960784313334817, 3), (0.9960937499610915, 1), (0.9960949233704973, 1), (0.9961389961005299, 1), (0.996150885219695, 1), (0.9961685822991433, 1), (0.996168582362757, 3), (0.9961805555382603, 1), (0.9961919268091239, 1), (0.9961928933946949, 1), (0.9962335215634412, 1), (0.9962453066083521, 1), (0.9962476547655459, 1), (0.9962546815733134, 1), (0.9962546816106274, 1), (0.9962962962778413, 2), (0.9962962962778498, 1), (0.996300863009089, 1), (0.9963099630261018, 1), (0.9963280293635678, 1), (0.9963636363274041, 1), (0.9963768115581014, 1), (0.9963963963066266, 1), (0.9964412810678722, 1), (0.9964771011474937, 1), (0.9964788731517166, 1), (0.996491227895353, 2), (0.9964912280002494, 3), (0.9964912280526964, 1), (0.9965277777431774, 2), (0.9965317917923083, 1), (0.9965397923530562, 1), (0.9965477560184894, 1), (0.9965517241035703, 1), (0.9965635738489146, 1), (0.9965714284575313, 1), (0.9965753424316253, 1), (0.9965753424486842, 1), (0.996604414244541, 2), (0.9966239027011069, 1), (0.9966666666251396, 1), (0.9966733200199823, 2), (0.9966996699341053, 1), (0.9967355821328233, 1), (0.9967426706850938, 2), (0.9967532465914414, 1), (0.9967532467208857, 2), (0.9967741935162286, 1), (0.996784565884347, 1), (0.9967999999840506, 1), (0.9968010236660488, 1), (0.9968152866083321, 1), (0.9968298696373087, 1), (0.9968553458806049, 1), (0.9969135802161475, 1), (0.9969135802315283, 3), (0.9969356485192156, 1), (0.9970149252243203, 1), (0.9970238094941356, 1), (0.9970457901774713, 8), (0.9970588235000892, 1), (0.9970788703995067, 2), (0.9971014492464636, 1), (0.9971181556154904, 1), (0.9971346704585343, 2), (0.9971346704585375, 6), (0.99721448462411, 1), (0.9972899728456747, 1), (0.9972899728862118, 1), (0.9972964854011034, 1), (0.9973045821833575, 1), (0.9973333332801446, 1), (0.9973614775462433, 1), (0.997361477559401, 1), (0.9974160206589475, 1), (0.997422680283836, 2), (0.997429305886955, 1), (0.9974424552387156, 1), (0.9974457215709133, 1), (0.9974554707125354, 1), (0.9974836436739066, 1), (0.9974968710826155, 1), (0.9975267930585737, 2), (0.9975369456899608, 1), (0.997555012212746, 1), (0.9975747776073145, 1), (0.9975864843041228, 1), (0.9975903613977086, 1), (0.9976019184173807, 2), (0.9976133651313241, 1), (0.9976470587061613, 2), (0.9976905309474111, 1), (0.9976985040218744, 1), (0.9977011494023539, 2), (0.997715156055008, 1), (0.9977272726138903, 1), (0.9977324262586031, 1), (0.9977528089663397, 1), (0.9977553310774683, 1), (0.997767857031498, 2), (0.997777777755607, 1), (0.9978021977290986, 1), (0.9978448275647012, 1), (0.9978471474650286, 1), (0.9978586723341383, 1), (0.9978678038237674, 1), (0.9978723403193742, 1), (0.9978798585867242, 1), (0.997894736821099, 1), (0.9979123172860992, 1), (0.99792099781726, 1), (0.9979591836531048, 1), (0.9979633401120377, 1), (0.9979743415936584, 3), (0.9979879275453094, 2), (0.9979959919439676, 1), (0.9980039919761294, 1), (0.9980632666107404, 1), (0.9980806141970696, 1), (0.998109640812892, 1), (0.9981238273733932, 1), (0.9981378024212051, 3), (0.9981549815314, 1), (0.9981785063570476, 1), (0.9982110911986304, 1), (0.9982110911986325, 1), (0.9982238009770688, 1), (0.9982300884602413, 1), (0.9982425307206257, 1), (0.9982788295697643, 1), (0.998298355019949, 1), (0.9983739836857234, 1), (0.9983896940257924, 1), (0.9983948634031483, 1), (0.9984051036364195, 2), (0.998412698333463, 1), (0.9984202211374921, 1), (0.9984567901080481, 1), (0.9984567901080499, 1), (0.9984615383847307, 1), (0.9984670413796762, 1), (0.9984901862003174, 1), (0.998496240451351, 1), (0.9985007494754843, 1), (0.9985185184889342, 1), (0.998522895051807, 2), (0.9985272459205095, 1), (0.9985337242669668, 1), (0.9985401458396347, 1), (0.9985486211176663, 1), (0.9985693848211916, 1), (0.9985855728288724, 1), (0.9985935302250561, 1), (0.9986052997212597, 1), (0.9986206895174329, 2), (0.9986244841540939, 1), (0.9986282578738228, 1), (0.9986320109165899, 2), (0.9986468200180578, 1), (0.9986541048454044, 1), (0.9986648864886885, 1), (0.9986824768117653, 1), (0.9986824769301897, 1), (0.9986962189049952, 1), (0.9987012986883267, 1), (0.9987074536407278, 1), (0.9987129986872901, 1), (0.9987212275576258, 1), (0.9987228607790724, 1), (0.9987484355381817, 4), (0.9987654320371143, 2), (0.9987669542541588, 1), (0.9987951806627225, 1), (0.9988358556228428, 3), (0.9988518943513452, 1), (0.9988776655331224, 2), (0.9989615783800814, 1), (0.99898682876394, 1), (0.9989969909528774, 1), (0.9990539261873415, 1), (0.9990714948746742, 1), (0.9990867578996276, 1), (0.9990966575429886, 7), (0.999147485063952, 1), (0.9991783072966435, 1), (0.9992383853008965, 1), (0.9992520568362102, 1), (0.999264164753548, 9), (0.999295278294624, 1), (0.9993031358850237, 1), (0.9993211133401458, 1), (0.9993247804862061, 1), (0.9993602047280903, 1), (0.999437886396881, 2), (0.9994694959681969, 1), (0.999496728726728, 2), (0.9995047052749013, 1), (0.9995056846218516, 1), (0.9995569339388757, 1), (0.9995876288618559, 1), (0.9996477632617246, 3), (0.999999999090909, 2), (0.9999999991228568, 1), (0.9999999991666666, 3), (0.999999999375, 1), (0.9999999995967742, 2), (0.9999999998076814, 1), (0.9999999998113261, 1), (0.9999999998148148, 2), (0.9999999998181818, 1), (0.999999999820791, 1), (0.9999999998305085, 5), (0.9999999998333333, 1), (0.9999999998360632, 1), (0.9999999998417721, 1), (0.9999999998550642, 1), (0.9999999998550766, 1), (0.9999999998571428, 2), (0.9999999998595486, 1), (0.999999999868421, 1), (0.9999999998727718, 2), (0.9999999998795249, 3), (0.9999999998863637, 2), (0.9999999998876341, 1), (0.9999999998886446, 1), (0.9999999998910676, 1), (0.999999999893617, 2), (0.9999999998936291, 1), (0.9999999998958363, 1), (0.9999999999, 1), (0.9999999999007908, 1), (0.9999999999082568, 1), (0.9999999999122782, 2), (0.999999999913798, 1), (0.999999999915964, 2), (0.9999999999166667, 5), (0.999999999921875, 1), (0.9999999999253731, 1), (0.9999999999261426, 3), (0.9999999999264623, 1), (0.9999999999270073, 1), (0.9999999999285715, 3), (0.999999999929074, 1), (0.9999999999324286, 1), (0.9999999999325236, 1), (0.9999999999337786, 1), (0.9999999999350649, 3), (0.9999999999354838, 2), (0.9999999999360596, 1), (0.9999999999375, 2), (0.9999999999408284, 1), (0.9999999999431818, 1), (0.9999999999444444, 5), (0.999999999945649, 1), (0.9999999999465119, 1), (0.9999999999468085, 1), (0.9999999999470839, 1), (0.9999999999487179, 4), (0.99999999995, 2), (0.9999999999509818, 1), (0.9999999999516935, 1), (0.9999999999537037, 1), (0.9999999999541285, 1), (0.9999999999545455, 2), (0.9999999999551544, 2), (0.9999999999555556, 2), (0.999999999956899, 3), (0.9999999999583333, 2), (0.99999999995868, 1), (0.9999999999607843, 4), (0.99999999996139, 1), (0.9999999999618364, 1), (0.999999999963901, 1), (0.9999999999655173, 2), (0.9999999999656318, 1), (0.9999999999657554, 2), (0.9999999999662162, 1), (0.9999999999665552, 1), (0.9999999999670042, 1), (0.9999999999673203, 1), (0.9999999999685535, 1), (0.9999999999687501, 1), (0.9999999999722223, 2), (0.9999999999732652, 1), (0.9999999999742961, 1), (0.9999999999758482, 1), (0.9999999999775282, 1), (0.9999999999777779, 1), (0.9999999999778775, 1), (0.9999999999784508, 1), (0.9999999999785384, 1), (0.9999999999796748, 1), (0.9999999999800001, 2), (0.9999999999814816, 1), (0.9999999999824563, 1), (0.9999999999840257, 2), (0.9999999999863013, 1), (0.9999999999868421, 1), (0.9999999999870129, 2), (0.9999999999870742, 1), (0.9999999999872285, 1), (0.9999999999875, 2), (0.9999999999912852, 1), (0.9999999999918963, 3), (0.999999999992126, 1), (0.9999999999936549, 1), (0.9999999999937422, 3), (0.9999999999941982, 1), (0.999999999994709, 1), (0.999999999996402, 1), (1.0, 132706)]
    rsi_range [(0.5, 173761)]
    sector_strength [(0.5, 173761)]
    signal_age [(0.0, 84), (0.5, 9236), (1.0, 164441)]
    spread_check [(0.0, 172340), (1.0, 1421)]
    time_of_day [(0.5, 120101), (0.8, 49326), (1.0, 4334)]
    volume_surge [(0.0, 173761)]
    vwap_position [(0.0, 14535), (1.0, 159226)]
=== S11.4 ===
## [trades range] 0.00s
    (947, '2026-06-15T11:34:10.903538+05:30', '2026-09-11T13:53:16.326784+05:30')
## [trades SL-distance check] 0.00s
    first_pullback_long sl_pct=0.015 {'n': 128, 'within_2e-4_of_sl_pct': 20, 'exact_sl_pct': 108} dist_min=0.014929 dist_max=0.015044
    first_pullback_short sl_pct=0.015 {'n': 30, 'within_2e-4_of_sl_pct': 1, 'exact_sl_pct': 29} dist_min=0.014986 dist_max=0.015
    gap_fade_long sl_pct=0.01 {'n': 24, 'within_2e-4_of_sl_pct': 4, 'exact_sl_pct': 20} dist_min=0.00997 dist_max=0.010015
    gap_fade_short sl_pct=0.01 {'n': 41, 'within_2e-4_of_sl_pct': 6, 'exact_sl_pct': 35} dist_min=0.009964 dist_max=0.010008
    gap_go_long sl_pct=0.012 {'n': 117, 'within_2e-4_of_sl_pct': 13, 'exact_sl_pct': 104} dist_min=0.011965 dist_max=0.01204
    gap_go_short sl_pct=0.012 {'n': 18, 'within_2e-4_of_sl_pct': 2, 'exact_sl_pct': 16} dist_min=0.012 dist_max=0.012009
    open_high_breakdown_short sl_pct=0.01 {'n': 13, 'exact_sl_pct': 13} dist_min=0.01 dist_max=0.01
    open_low_breakout_long sl_pct=0.01 {'n': 90, 'within_2e-4_of_sl_pct': 7, 'exact_sl_pct': 83} dist_min=0.009972 dist_max=0.010047
    positional_momentum_long sl_pct=0.02 {'n': 53, 'exact_sl_pct': 53} dist_min=0.02 dist_max=0.02
    positional_sector_rotation sl_pct=0.02 {'n': 122, 'within_2e-4_of_sl_pct': 17, 'exact_sl_pct': 105} dist_min=0.019938 dist_max=0.020039
    positional_swing_long sl_pct=0.02 {'n': 36, 'within_2e-4_of_sl_pct': 3, 'exact_sl_pct': 33} dist_min=0.019945 dist_max=0.020002
    vwap_bounce_long sl_pct=0.008 {'n': 213, 'within_2e-4_of_sl_pct': 9, 'exact_sl_pct': 204} dist_min=0.007952 dist_max=0.008011
    vwap_rejection_short sl_pct=0.008 {'n': 62, 'within_2e-4_of_sl_pct': 3, 'exact_sl_pct': 59} dist_min=0.007893 dist_max=0.008
## [orders trigger legs] 0.00s
    all trigger-bearing order rows by (leg, order_type, variety): {('SL', 'SL', 'regular'): 336}
    earliest leg per trade ('SL', 'SL', 'regular') trades=321 trigger==sl_initial (1e-6): 321
end 13:59:25 IST
